{
    "dashicons-admin-appearance": {
        "body": "<${1:span} className=\"dashicons dashicons-admin-appearance\"></${1:span}>$0",
        "description": "<span>",
        "prefix": "dashicons-admin-appearance"
    },
    "dashicons-admin-collapse": {
        "body": "<${1:span} className=\"dashicons dashicons-admin-collapse\"></${1:span}>$0",
        "description": "<span>",
        "prefix": "dashicons-admin-collapse"
    },
    "dashicons-admin-comments": {
        "body": "<${1:span} className=\"dashicons dashicons-admin-comments\"></${1:span}>$0",
        "description": "<span>",
        "prefix": "dashicons-admin-comments"
    },
    "dashicons-admin-customizer": {
        "body": "<${1:span} className=\"dashicons dashicons-admin-customizer\"></${1:span}>$0",
        "description": "<span>",
        "prefix": "dashicons-admin-customizer"
    },
    "dashicons-admin-generic": {
        "body": "<${1:span} className=\"dashicons dashicons-admin-generic\"></${1:span}>$0",
        "description": "<span>",
        "prefix": "dashicons-admin-generic"
    },
    "dashicons-admin-home": {
        "body": "<${1:span} className=\"dashicons dashicons-admin-home\"></${1:span}>$0",
        "description": "<span>",
        "prefix": "dashicons-admin-home"
    },
    "dashicons-admin-links": {
        "body": "<${1:span} className=\"dashicons dashicons-admin-links\"></${1:span}>$0",
        "description": "<span>",
        "prefix": "dashicons-admin-links"
    },
    "dashicons-admin-media": {
        "body": "<${1:span} className=\"dashicons dashicons-admin-media\"></${1:span}>$0",
        "description": "<span>",
        "prefix": "dashicons-admin-media"
    },
    "dashicons-admin-multisite": {
        "body": "<${1:span} className=\"dashicons dashicons-admin-multisite\"></${1:span}>$0",
        "description": "<span>",
        "prefix": "dashicons-admin-multisite"
    },
    "dashicons-admin-network": {
        "body": "<${1:span} className=\"dashicons dashicons-admin-network\"></${1:span}>$0",
        "description": "<span>",
        "prefix": "dashicons-admin-network"
    },
    "dashicons-admin-page": {
        "body": "<${1:span} className=\"dashicons dashicons-admin-page\"></${1:span}>$0",
        "description": "<span>",
        "prefix": "dashicons-admin-page"
    },
    "dashicons-admin-plugins": {
        "body": "<${1:span} className=\"dashicons dashicons-admin-plugins\"></${1:span}>$0",
        "description": "<span>",
        "prefix": "dashicons-admin-plugins"
    },
    "dashicons-admin-post": {
        "body": "<${1:span} className=\"dashicons dashicons-admin-post\"></${1:span}>$0",
        "description": "<span>",
        "prefix": "dashicons-admin-post"
    },
    "dashicons-admin-settings": {
        "body": "<${1:span} className=\"dashicons dashicons-admin-settings\"></${1:span}>$0",
        "description": "<span>",
        "prefix": "dashicons-admin-settings"
    },
    "dashicons-admin-site-alt": {
        "body": "<${1:span} className=\"dashicons dashicons-admin-site-alt\"></${1:span}>$0",
        "description": "<span>",
        "prefix": "dashicons-admin-site-alt"
    },
    "dashicons-admin-site-alt2": {
        "body": "<${1:span} className=\"dashicons dashicons-admin-site-alt2\"></${1:span}>$0",
        "description": "<span>",
        "prefix": "dashicons-admin-site-alt2"
    },
    "dashicons-admin-site-alt3": {
        "body": "<${1:span} className=\"dashicons dashicons-admin-site-alt3\"></${1:span}>$0",
        "description": "<span>",
        "prefix": "dashicons-admin-site-alt3"
    },
    "dashicons-admin-site": {
        "body": "<${1:span} className=\"dashicons dashicons-admin-site\"></${1:span}>$0",
        "description": "<span>",
        "prefix": "dashicons-admin-site"
    },
    "dashicons-admin-tools": {
        "body": "<${1:span} className=\"dashicons dashicons-admin-tools\"></${1:span}>$0",
        "description": "<span>",
        "prefix": "dashicons-admin-tools"
    },
    "dashicons-admin-users": {
        "body": "<${1:span} className=\"dashicons dashicons-admin-users\"></${1:span}>$0",
        "description": "<span>",
        "prefix": "dashicons-admin-users"
    },
    "dashicons-album": {
        "body": "<${1:span} className=\"dashicons dashicons-album\"></${1:span}>$0",
        "description": "<span>",
        "prefix": "dashicons-album"
    },
    "dashicons-align-center": {
        "body": "<${1:span} className=\"dashicons dashicons-align-center\"></${1:span}>$0",
        "description": "<span>",
        "prefix": "dashicons-align-center"
    },
    "dashicons-align-left": {
        "body": "<${1:span} className=\"dashicons dashicons-align-left\"></${1:span}>$0",
        "description": "<span>",
        "prefix": "dashicons-align-left"
    },
    "dashicons-align-none": {
        "body": "<${1:span} className=\"dashicons dashicons-align-none\"></${1:span}>$0",
        "description": "<span>",
        "prefix": "dashicons-align-none"
    },
    "dashicons-align-right": {
        "body": "<${1:span} className=\"dashicons dashicons-align-right\"></${1:span}>$0",
        "description": "<span>",
        "prefix": "dashicons-align-right"
    },
    "dashicons-analytics": {
        "body": "<${1:span} className=\"dashicons dashicons-analytics\"></${1:span}>$0",
        "description": "<span>",
        "prefix": "dashicons-analytics"
    },
    "dashicons-archive": {
        "body": "<${1:span} className=\"dashicons dashicons-archive\"></${1:span}>$0",
        "description": "<span>",
        "prefix": "dashicons-archive"
    },
    "dashicons-arrow-down-alt": {
        "body": "<${1:span} className=\"dashicons dashicons-arrow-down-alt\"></${1:span}>$0",
        "description": "<span>",
        "prefix": "dashicons-arrow-down-alt"
    },
    "dashicons-arrow-down-alt2": {
        "body": "<${1:span} className=\"dashicons dashicons-arrow-down-alt2\"></${1:span}>$0",
        "description": "<span>",
        "prefix": "dashicons-arrow-down-alt2"
    },
    "dashicons-arrow-down": {
        "body": "<${1:span} className=\"dashicons dashicons-arrow-down\"></${1:span}>$0",
        "description": "<span>",
        "prefix": "dashicons-arrow-down"
    },
    "dashicons-arrow-left-alt": {
        "body": "<${1:span} className=\"dashicons dashicons-arrow-left-alt\"></${1:span}>$0",
        "description": "<span>",
        "prefix": "dashicons-arrow-left-alt"
    },
    "dashicons-arrow-left-alt2": {
        "body": "<${1:span} className=\"dashicons dashicons-arrow-left-alt2\"></${1:span}>$0",
        "description": "<span>",
        "prefix": "dashicons-arrow-left-alt2"
    },
    "dashicons-arrow-left": {
        "body": "<${1:span} className=\"dashicons dashicons-arrow-left\"></${1:span}>$0",
        "description": "<span>",
        "prefix": "dashicons-arrow-left"
    },
    "dashicons-arrow-right-alt": {
        "body": "<${1:span} className=\"dashicons dashicons-arrow-right-alt\"></${1:span}>$0",
        "description": "<span>",
        "prefix": "dashicons-arrow-right-alt"
    },
    "dashicons-arrow-right-alt2": {
        "body": "<${1:span} className=\"dashicons dashicons-arrow-right-alt2\"></${1:span}>$0",
        "description": "<span>",
        "prefix": "dashicons-arrow-right-alt2"
    },
    "dashicons-arrow-right": {
        "body": "<${1:span} className=\"dashicons dashicons-arrow-right\"></${1:span}>$0",
        "description": "<span>",
        "prefix": "dashicons-arrow-right"
    },
    "dashicons-arrow-up-alt": {
        "body": "<${1:span} className=\"dashicons dashicons-arrow-up-alt\"></${1:span}>$0",
        "description": "<span>",
        "prefix": "dashicons-arrow-up-alt"
    },
    "dashicons-arrow-up-alt2": {
        "body": "<${1:span} className=\"dashicons dashicons-arrow-up-alt2\"></${1:span}>$0",
        "description": "<span>",
        "prefix": "dashicons-arrow-up-alt2"
    },
    "dashicons-arrow-up": {
        "body": "<${1:span} className=\"dashicons dashicons-arrow-up\"></${1:span}>$0",
        "description": "<span>",
        "prefix": "dashicons-arrow-up"
    },
    "dashicons-art": {
        "body": "<${1:span} className=\"dashicons dashicons-art\"></${1:span}>$0",
        "description": "<span>",
        "prefix": "dashicons-art"
    },
    "dashicons-awards": {
        "body": "<${1:span} className=\"dashicons dashicons-awards\"></${1:span}>$0",
        "description": "<span>",
        "prefix": "dashicons-awards"
    },
    "dashicons-backup": {
        "body": "<${1:span} className=\"dashicons dashicons-backup\"></${1:span}>$0",
        "description": "<span>",
        "prefix": "dashicons-backup"
    },
    "dashicons-book-alt": {
        "body": "<${1:span} className=\"dashicons dashicons-book-alt\"></${1:span}>$0",
        "description": "<span>",
        "prefix": "dashicons-book-alt"
    },
    "dashicons-book": {
        "body": "<${1:span} className=\"dashicons dashicons-book\"></${1:span}>$0",
        "description": "<span>",
        "prefix": "dashicons-book"
    },
    "dashicons-buddicons-activity": {
        "body": "<${1:span} className=\"dashicons dashicons-buddicons-activity\"></${1:span}>$0",
        "description": "<span>",
        "prefix": "dashicons-buddicons-activity"
    },
    "dashicons-buddicons-bbpress-logo": {
        "body": "<${1:span} className=\"dashicons dashicons-buddicons-bbpress-logo\"></${1:span}>$0",
        "description": "<span>",
        "prefix": "dashicons-buddicons-bbpress-logo"
    },
    "dashicons-buddicons-buddypress-logo": {
        "body": "<${1:span} className=\"dashicons dashicons-buddicons-buddypress-logo\"></${1:span}>$0",
        "description": "<span>",
        "prefix": "dashicons-buddicons-buddypress-logo"
    },
    "dashicons-buddicons-community": {
        "body": "<${1:span} className=\"dashicons dashicons-buddicons-community\"></${1:span}>$0",
        "description": "<span>",
        "prefix": "dashicons-buddicons-community"
    },
    "dashicons-buddicons-forums": {
        "body": "<${1:span} className=\"dashicons dashicons-buddicons-forums\"></${1:span}>$0",
        "description": "<span>",
        "prefix": "dashicons-buddicons-forums"
    },
    "dashicons-buddicons-friends": {
        "body": "<${1:span} className=\"dashicons dashicons-buddicons-friends\"></${1:span}>$0",
        "description": "<span>",
        "prefix": "dashicons-buddicons-friends"
    },
    "dashicons-buddicons-groups": {
        "body": "<${1:span} className=\"dashicons dashicons-buddicons-groups\"></${1:span}>$0",
        "description": "<span>",
        "prefix": "dashicons-buddicons-groups"
    },
    "dashicons-buddicons-pm": {
        "body": "<${1:span} className=\"dashicons dashicons-buddicons-pm\"></${1:span}>$0",
        "description": "<span>",
        "prefix": "dashicons-buddicons-pm"
    },
    "dashicons-buddicons-replies": {
        "body": "<${1:span} className=\"dashicons dashicons-buddicons-replies\"></${1:span}>$0",
        "description": "<span>",
        "prefix": "dashicons-buddicons-replies"
    },
    "dashicons-buddicons-topics": {
        "body": "<${1:span} className=\"dashicons dashicons-buddicons-topics\"></${1:span}>$0",
        "description": "<span>",
        "prefix": "dashicons-buddicons-topics"
    },
    "dashicons-buddicons-tracking": {
        "body": "<${1:span} className=\"dashicons dashicons-buddicons-tracking\"></${1:span}>$0",
        "description": "<span>",
        "prefix": "dashicons-buddicons-tracking"
    },
    "dashicons-building": {
        "body": "<${1:span} className=\"dashicons dashicons-building\"></${1:span}>$0",
        "description": "<span>",
        "prefix": "dashicons-building"
    },
    "dashicons-businessman": {
        "body": "<${1:span} className=\"dashicons dashicons-businessman\"></${1:span}>$0",
        "description": "<span>",
        "prefix": "dashicons-businessman"
    },
    "dashicons-calendar-alt": {
        "body": "<${1:span} className=\"dashicons dashicons-calendar-alt\"></${1:span}>$0",
        "description": "<span>",
        "prefix": "dashicons-calendar-alt"
    },
    "dashicons-calendar": {
        "body": "<${1:span} className=\"dashicons dashicons-calendar\"></${1:span}>$0",
        "description": "<span>",
        "prefix": "dashicons-calendar"
    },
    "dashicons-camera": {
        "body": "<${1:span} className=\"dashicons dashicons-camera\"></${1:span}>$0",
        "description": "<span>",
        "prefix": "dashicons-camera"
    },
    "dashicons-carrot": {
        "body": "<${1:span} className=\"dashicons dashicons-carrot\"></${1:span}>$0",
        "description": "<span>",
        "prefix": "dashicons-carrot"
    },
    "dashicons-cart": {
        "body": "<${1:span} className=\"dashicons dashicons-cart\"></${1:span}>$0",
        "description": "<span>",
        "prefix": "dashicons-cart"
    },
    "dashicons-category": {
        "body": "<${1:span} className=\"dashicons dashicons-category\"></${1:span}>$0",
        "description": "<span>",
        "prefix": "dashicons-category"
    },
    "dashicons-chart-area": {
        "body": "<${1:span} className=\"dashicons dashicons-chart-area\"></${1:span}>$0",
        "description": "<span>",
        "prefix": "dashicons-chart-area"
    },
    "dashicons-chart-bar": {
        "body": "<${1:span} className=\"dashicons dashicons-chart-bar\"></${1:span}>$0",
        "description": "<span>",
        "prefix": "dashicons-chart-bar"
    },
    "dashicons-chart-line": {
        "body": "<${1:span} className=\"dashicons dashicons-chart-line\"></${1:span}>$0",
        "description": "<span>",
        "prefix": "dashicons-chart-line"
    },
    "dashicons-chart-pie": {
        "body": "<${1:span} className=\"dashicons dashicons-chart-pie\"></${1:span}>$0",
        "description": "<span>",
        "prefix": "dashicons-chart-pie"
    },
    "dashicons-clipboard": {
        "body": "<${1:span} className=\"dashicons dashicons-clipboard\"></${1:span}>$0",
        "description": "<span>",
        "prefix": "dashicons-clipboard"
    },
    "dashicons-clock": {
        "body": "<${1:span} className=\"dashicons dashicons-clock\"></${1:span}>$0",
        "description": "<span>",
        "prefix": "dashicons-clock"
    },
    "dashicons-cloud": {
        "body": "<${1:span} className=\"dashicons dashicons-cloud\"></${1:span}>$0",
        "description": "<span>",
        "prefix": "dashicons-cloud"
    },
    "dashicons-controls-back": {
        "body": "<${1:span} className=\"dashicons dashicons-controls-back\"></${1:span}>$0",
        "description": "<span>",
        "prefix": "dashicons-controls-back"
    },
    "dashicons-controls-forward": {
        "body": "<${1:span} className=\"dashicons dashicons-controls-forward\"></${1:span}>$0",
        "description": "<span>",
        "prefix": "dashicons-controls-forward"
    },
    "dashicons-controls-pause": {
        "body": "<${1:span} className=\"dashicons dashicons-controls-pause\"></${1:span}>$0",
        "description": "<span>",
        "prefix": "dashicons-controls-pause"
    },
    "dashicons-controls-play": {
        "body": "<${1:span} className=\"dashicons dashicons-controls-play\"></${1:span}>$0",
        "description": "<span>",
        "prefix": "dashicons-controls-play"
    },
    "dashicons-controls-repeat": {
        "body": "<${1:span} className=\"dashicons dashicons-controls-repeat\"></${1:span}>$0",
        "description": "<span>",
        "prefix": "dashicons-controls-repeat"
    },
    "dashicons-controls-skipback": {
        "body": "<${1:span} className=\"dashicons dashicons-controls-skipback\"></${1:span}>$0",
        "description": "<span>",
        "prefix": "dashicons-controls-skipback"
    },
    "dashicons-controls-skipforward": {
        "body": "<${1:span} className=\"dashicons dashicons-controls-skipforward\"></${1:span}>$0",
        "description": "<span>",
        "prefix": "dashicons-controls-skipforward"
    },
    "dashicons-controls-volumeoff": {
        "body": "<${1:span} className=\"dashicons dashicons-controls-volumeoff\"></${1:span}>$0",
        "description": "<span>",
        "prefix": "dashicons-controls-volumeoff"
    },
    "dashicons-controls-volumeon": {
        "body": "<${1:span} className=\"dashicons dashicons-controls-volumeon\"></${1:span}>$0",
        "description": "<span>",
        "prefix": "dashicons-controls-volumeon"
    },
    "dashicons-dashboard": {
        "body": "<${1:span} className=\"dashicons dashicons-dashboard\"></${1:span}>$0",
        "description": "<span>",
        "prefix": "dashicons-dashboard"
    },
    "dashicons-desktop": {
        "body": "<${1:span} className=\"dashicons dashicons-desktop\"></${1:span}>$0",
        "description": "<span>",
        "prefix": "dashicons-desktop"
    },
    "dashicons-dismiss": {
        "body": "<${1:span} className=\"dashicons dashicons-dismiss\"></${1:span}>$0",
        "description": "<span>",
        "prefix": "dashicons-dismiss"
    },
    "dashicons-download": {
        "body": "<${1:span} className=\"dashicons dashicons-download\"></${1:span}>$0",
        "description": "<span>",
        "prefix": "dashicons-download"
    },
    "dashicons-edit": {
        "body": "<${1:span} className=\"dashicons dashicons-edit\"></${1:span}>$0",
        "description": "<span>",
        "prefix": "dashicons-edit"
    },
    "dashicons-editor-aligncenter": {
        "body": "<${1:span} className=\"dashicons dashicons-editor-aligncenter\"></${1:span}>$0",
        "description": "<span>",
        "prefix": "dashicons-editor-aligncenter"
    },
    "dashicons-editor-alignleft": {
        "body": "<${1:span} className=\"dashicons dashicons-editor-alignleft\"></${1:span}>$0",
        "description": "<span>",
        "prefix": "dashicons-editor-alignleft"
    },
    "dashicons-editor-alignright": {
        "body": "<${1:span} className=\"dashicons dashicons-editor-alignright\"></${1:span}>$0",
        "description": "<span>",
        "prefix": "dashicons-editor-alignright"
    },
    "dashicons-editor-bold": {
        "body": "<${1:span} className=\"dashicons dashicons-editor-bold\"></${1:span}>$0",
        "description": "<span>",
        "prefix": "dashicons-editor-bold"
    },
    "dashicons-editor-break": {
        "body": "<${1:span} className=\"dashicons dashicons-editor-break\"></${1:span}>$0",
        "description": "<span>",
        "prefix": "dashicons-editor-break"
    },
    "dashicons-editor-code": {
        "body": "<${1:span} className=\"dashicons dashicons-editor-code\"></${1:span}>$0",
        "description": "<span>",
        "prefix": "dashicons-editor-code"
    },
    "dashicons-editor-contract": {
        "body": "<${1:span} className=\"dashicons dashicons-editor-contract\"></${1:span}>$0",
        "description": "<span>",
        "prefix": "dashicons-editor-contract"
    },
    "dashicons-editor-customchar": {
        "body": "<${1:span} className=\"dashicons dashicons-editor-customchar\"></${1:span}>$0",
        "description": "<span>",
        "prefix": "dashicons-editor-customchar"
    },
    "dashicons-editor-expand": {
        "body": "<${1:span} className=\"dashicons dashicons-editor-expand\"></${1:span}>$0",
        "description": "<span>",
        "prefix": "dashicons-editor-expand"
    },
    "dashicons-editor-help": {
        "body": "<${1:span} className=\"dashicons dashicons-editor-help\"></${1:span}>$0",
        "description": "<span>",
        "prefix": "dashicons-editor-help"
    },
    "dashicons-editor-indent": {
        "body": "<${1:span} className=\"dashicons dashicons-editor-indent\"></${1:span}>$0",
        "description": "<span>",
        "prefix": "dashicons-editor-indent"
    },
    "dashicons-editor-insertmore": {
        "body": "<${1:span} className=\"dashicons dashicons-editor-insertmore\"></${1:span}>$0",
        "description": "<span>",
        "prefix": "dashicons-editor-insertmore"
    },
    "dashicons-editor-italic": {
        "body": "<${1:span} className=\"dashicons dashicons-editor-italic\"></${1:span}>$0",
        "description": "<span>",
        "prefix": "dashicons-editor-italic"
    },
    "dashicons-editor-justify": {
        "body": "<${1:span} className=\"dashicons dashicons-editor-justify\"></${1:span}>$0",
        "description": "<span>",
        "prefix": "dashicons-editor-justify"
    },
    "dashicons-editor-kitchensink": {
        "body": "<${1:span} className=\"dashicons dashicons-editor-kitchensink\"></${1:span}>$0",
        "description": "<span>",
        "prefix": "dashicons-editor-kitchensink"
    },
    "dashicons-editor-ltr": {
        "body": "<${1:span} className=\"dashicons dashicons-editor-ltr\"></${1:span}>$0",
        "description": "<span>",
        "prefix": "dashicons-editor-ltr"
    },
    "dashicons-editor-ol": {
        "body": "<${1:span} className=\"dashicons dashicons-editor-ol\"></${1:span}>$0",
        "description": "<span>",
        "prefix": "dashicons-editor-ol"
    },
    "dashicons-editor-outdent": {
        "body": "<${1:span} className=\"dashicons dashicons-editor-outdent\"></${1:span}>$0",
        "description": "<span>",
        "prefix": "dashicons-editor-outdent"
    },
    "dashicons-editor-paragraph": {
        "body": "<${1:span} className=\"dashicons dashicons-editor-paragraph\"></${1:span}>$0",
        "description": "<span>",
        "prefix": "dashicons-editor-paragraph"
    },
    "dashicons-editor-paste-text": {
        "body": "<${1:span} className=\"dashicons dashicons-editor-paste-text\"></${1:span}>$0",
        "description": "<span>",
        "prefix": "dashicons-editor-paste-text"
    },
    "dashicons-editor-paste-word": {
        "body": "<${1:span} className=\"dashicons dashicons-editor-paste-word\"></${1:span}>$0",
        "description": "<span>",
        "prefix": "dashicons-editor-paste-word"
    },
    "dashicons-editor-quote": {
        "body": "<${1:span} className=\"dashicons dashicons-editor-quote\"></${1:span}>$0",
        "description": "<span>",
        "prefix": "dashicons-editor-quote"
    },
    "dashicons-editor-removeformatting": {
        "body": "<${1:span} className=\"dashicons dashicons-editor-removeformatting\"></${1:span}>$0",
        "description": "<span>",
        "prefix": "dashicons-editor-removeformatting"
    },
    "dashicons-editor-rtl": {
        "body": "<${1:span} className=\"dashicons dashicons-editor-rtl\"></${1:span}>$0",
        "description": "<span>",
        "prefix": "dashicons-editor-rtl"
    },
    "dashicons-editor-spellcheck": {
        "body": "<${1:span} className=\"dashicons dashicons-editor-spellcheck\"></${1:span}>$0",
        "description": "<span>",
        "prefix": "dashicons-editor-spellcheck"
    },
    "dashicons-editor-strikethrough": {
        "body": "<${1:span} className=\"dashicons dashicons-editor-strikethrough\"></${1:span}>$0",
        "description": "<span>",
        "prefix": "dashicons-editor-strikethrough"
    },
    "dashicons-editor-table": {
        "body": "<${1:span} className=\"dashicons dashicons-editor-table\"></${1:span}>$0",
        "description": "<span>",
        "prefix": "dashicons-editor-table"
    },
    "dashicons-editor-textcolor": {
        "body": "<${1:span} className=\"dashicons dashicons-editor-textcolor\"></${1:span}>$0",
        "description": "<span>",
        "prefix": "dashicons-editor-textcolor"
    },
    "dashicons-editor-ul": {
        "body": "<${1:span} className=\"dashicons dashicons-editor-ul\"></${1:span}>$0",
        "description": "<span>",
        "prefix": "dashicons-editor-ul"
    },
    "dashicons-editor-underline": {
        "body": "<${1:span} className=\"dashicons dashicons-editor-underline\"></${1:span}>$0",
        "description": "<span>",
        "prefix": "dashicons-editor-underline"
    },
    "dashicons-editor-unlink": {
        "body": "<${1:span} className=\"dashicons dashicons-editor-unlink\"></${1:span}>$0",
        "description": "<span>",
        "prefix": "dashicons-editor-unlink"
    },
    "dashicons-editor-video": {
        "body": "<${1:span} className=\"dashicons dashicons-editor-video\"></${1:span}>$0",
        "description": "<span>",
        "prefix": "dashicons-editor-video"
    },
    "dashicons-email-alt": {
        "body": "<${1:span} className=\"dashicons dashicons-email-alt\"></${1:span}>$0",
        "description": "<span>",
        "prefix": "dashicons-email-alt"
    },
    "dashicons-email-alt2": {
        "body": "<${1:span} className=\"dashicons dashicons-email-alt2\"></${1:span}>$0",
        "description": "<span>",
        "prefix": "dashicons-email-alt2"
    },
    "dashicons-email": {
        "body": "<${1:span} className=\"dashicons dashicons-email\"></${1:span}>$0",
        "description": "<span>",
        "prefix": "dashicons-email"
    },
    "dashicons-excerpt-view": {
        "body": "<${1:span} className=\"dashicons dashicons-excerpt-view\"></${1:span}>$0",
        "description": "<span>",
        "prefix": "dashicons-excerpt-view"
    },
    "dashicons-external": {
        "body": "<${1:span} className=\"dashicons dashicons-external\"></${1:span}>$0",
        "description": "<span>",
        "prefix": "dashicons-external"
    },
    "dashicons-facebook-alt": {
        "body": "<${1:span} className=\"dashicons dashicons-facebook-alt\"></${1:span}>$0",
        "description": "<span>",
        "prefix": "dashicons-facebook-alt"
    },
    "dashicons-facebook": {
        "body": "<${1:span} className=\"dashicons dashicons-facebook\"></${1:span}>$0",
        "description": "<span>",
        "prefix": "dashicons-facebook"
    },
    "dashicons-feedback": {
        "body": "<${1:span} className=\"dashicons dashicons-feedback\"></${1:span}>$0",
        "description": "<span>",
        "prefix": "dashicons-feedback"
    },
    "dashicons-filter": {
        "body": "<${1:span} className=\"dashicons dashicons-filter\"></${1:span}>$0",
        "description": "<span>",
        "prefix": "dashicons-filter"
    },
    "dashicons-flag": {
        "body": "<${1:span} className=\"dashicons dashicons-flag\"></${1:span}>$0",
        "description": "<span>",
        "prefix": "dashicons-flag"
    },
    "dashicons-format-aside": {
        "body": "<${1:span} className=\"dashicons dashicons-format-aside\"></${1:span}>$0",
        "description": "<span>",
        "prefix": "dashicons-format-aside"
    },
    "dashicons-format-audio": {
        "body": "<${1:span} className=\"dashicons dashicons-format-audio\"></${1:span}>$0",
        "description": "<span>",
        "prefix": "dashicons-format-audio"
    },
    "dashicons-format-chat": {
        "body": "<${1:span} className=\"dashicons dashicons-format-chat\"></${1:span}>$0",
        "description": "<span>",
        "prefix": "dashicons-format-chat"
    },
    "dashicons-format-gallery": {
        "body": "<${1:span} className=\"dashicons dashicons-format-gallery\"></${1:span}>$0",
        "description": "<span>",
        "prefix": "dashicons-format-gallery"
    },
    "dashicons-format-image": {
        "body": "<${1:span} className=\"dashicons dashicons-format-image\"></${1:span}>$0",
        "description": "<span>",
        "prefix": "dashicons-format-image"
    },
    "dashicons-format-quote": {
        "body": "<${1:span} className=\"dashicons dashicons-format-quote\"></${1:span}>$0",
        "description": "<span>",
        "prefix": "dashicons-format-quote"
    },
    "dashicons-format-status": {
        "body": "<${1:span} className=\"dashicons dashicons-format-status\"></${1:span}>$0",
        "description": "<span>",
        "prefix": "dashicons-format-status"
    },
    "dashicons-format-video": {
        "body": "<${1:span} className=\"dashicons dashicons-format-video\"></${1:span}>$0",
        "description": "<span>",
        "prefix": "dashicons-format-video"
    },
    "dashicons-forms": {
        "body": "<${1:span} className=\"dashicons dashicons-forms\"></${1:span}>$0",
        "description": "<span>",
        "prefix": "dashicons-forms"
    },
    "dashicons-googleplus": {
        "body": "<${1:span} className=\"dashicons dashicons-googleplus\"></${1:span}>$0",
        "description": "<span>",
        "prefix": "dashicons-googleplus"
    },
    "dashicons-grid-view": {
        "body": "<${1:span} className=\"dashicons dashicons-grid-view\"></${1:span}>$0",
        "description": "<span>",
        "prefix": "dashicons-grid-view"
    },
    "dashicons-groups": {
        "body": "<${1:span} className=\"dashicons dashicons-groups\"></${1:span}>$0",
        "description": "<span>",
        "prefix": "dashicons-groups"
    },
    "dashicons-hammer": {
        "body": "<${1:span} className=\"dashicons dashicons-hammer\"></${1:span}>$0",
        "description": "<span>",
        "prefix": "dashicons-hammer"
    },
    "dashicons-heart": {
        "body": "<${1:span} className=\"dashicons dashicons-heart\"></${1:span}>$0",
        "description": "<span>",
        "prefix": "dashicons-heart"
    },
    "dashicons-hidden": {
        "body": "<${1:span} className=\"dashicons dashicons-hidden\"></${1:span}>$0",
        "description": "<span>",
        "prefix": "dashicons-hidden"
    },
    "dashicons-id-alt": {
        "body": "<${1:span} className=\"dashicons dashicons-id-alt\"></${1:span}>$0",
        "description": "<span>",
        "prefix": "dashicons-id-alt"
    },
    "dashicons-id": {
        "body": "<${1:span} className=\"dashicons dashicons-id\"></${1:span}>$0",
        "description": "<span>",
        "prefix": "dashicons-id"
    },
    "dashicons-image-crop": {
        "body": "<${1:span} className=\"dashicons dashicons-image-crop\"></${1:span}>$0",
        "description": "<span>",
        "prefix": "dashicons-image-crop"
    },
    "dashicons-image-filter": {
        "body": "<${1:span} className=\"dashicons dashicons-image-filter\"></${1:span}>$0",
        "description": "<span>",
        "prefix": "dashicons-image-filter"
    },
    "dashicons-image-flip-horizontal": {
        "body": "<${1:span} className=\"dashicons dashicons-image-flip-horizontal\"></${1:span}>$0",
        "description": "<span>",
        "prefix": "dashicons-image-flip-horizontal"
    },
    "dashicons-image-flip-vertical": {
        "body": "<${1:span} className=\"dashicons dashicons-image-flip-vertical\"></${1:span}>$0",
        "description": "<span>",
        "prefix": "dashicons-image-flip-vertical"
    },
    "dashicons-image-rotate-left": {
        "body": "<${1:span} className=\"dashicons dashicons-image-rotate-left\"></${1:span}>$0",
        "description": "<span>",
        "prefix": "dashicons-image-rotate-left"
    },
    "dashicons-image-rotate-right": {
        "body": "<${1:span} className=\"dashicons dashicons-image-rotate-right\"></${1:span}>$0",
        "description": "<span>",
        "prefix": "dashicons-image-rotate-right"
    },
    "dashicons-image-rotate": {
        "body": "<${1:span} className=\"dashicons dashicons-image-rotate\"></${1:span}>$0",
        "description": "<span>",
        "prefix": "dashicons-image-rotate"
    },
    "dashicons-images-alt": {
        "body": "<${1:span} className=\"dashicons dashicons-images-alt\"></${1:span}>$0",
        "description": "<span>",
        "prefix": "dashicons-images-alt"
    },
    "dashicons-images-alt2": {
        "body": "<${1:span} className=\"dashicons dashicons-images-alt2\"></${1:span}>$0",
        "description": "<span>",
        "prefix": "dashicons-images-alt2"
    },
    "dashicons-index-card": {
        "body": "<${1:span} className=\"dashicons dashicons-index-card\"></${1:span}>$0",
        "description": "<span>",
        "prefix": "dashicons-index-card"
    },
    "dashicons-info": {
        "body": "<${1:span} className=\"dashicons dashicons-info\"></${1:span}>$0",
        "description": "<span>",
        "prefix": "dashicons-info"
    },
    "dashicons-laptop": {
        "body": "<${1:span} className=\"dashicons dashicons-laptop\"></${1:span}>$0",
        "description": "<span>",
        "prefix": "dashicons-laptop"
    },
    "dashicons-layout": {
        "body": "<${1:span} className=\"dashicons dashicons-layout\"></${1:span}>$0",
        "description": "<span>",
        "prefix": "dashicons-layout"
    },
    "dashicons-leftright": {
        "body": "<${1:span} className=\"dashicons dashicons-leftright\"></${1:span}>$0",
        "description": "<span>",
        "prefix": "dashicons-leftright"
    },
    "dashicons-lightbulb": {
        "body": "<${1:span} className=\"dashicons dashicons-lightbulb\"></${1:span}>$0",
        "description": "<span>",
        "prefix": "dashicons-lightbulb"
    },
    "dashicons-list-view": {
        "body": "<${1:span} className=\"dashicons dashicons-list-view\"></${1:span}>$0",
        "description": "<span>",
        "prefix": "dashicons-list-view"
    },
    "dashicons-location-alt": {
        "body": "<${1:span} className=\"dashicons dashicons-location-alt\"></${1:span}>$0",
        "description": "<span>",
        "prefix": "dashicons-location-alt"
    },
    "dashicons-location": {
        "body": "<${1:span} className=\"dashicons dashicons-location\"></${1:span}>$0",
        "description": "<span>",
        "prefix": "dashicons-location"
    },
    "dashicons-lock": {
        "body": "<${1:span} className=\"dashicons dashicons-lock\"></${1:span}>$0",
        "description": "<span>",
        "prefix": "dashicons-lock"
    },
    "dashicons-marker": {
        "body": "<${1:span} className=\"dashicons dashicons-marker\"></${1:span}>$0",
        "description": "<span>",
        "prefix": "dashicons-marker"
    },
    "dashicons-media-archive": {
        "body": "<${1:span} className=\"dashicons dashicons-media-archive\"></${1:span}>$0",
        "description": "<span>",
        "prefix": "dashicons-media-archive"
    },
    "dashicons-media-audio": {
        "body": "<${1:span} className=\"dashicons dashicons-media-audio\"></${1:span}>$0",
        "description": "<span>",
        "prefix": "dashicons-media-audio"
    },
    "dashicons-media-code": {
        "body": "<${1:span} className=\"dashicons dashicons-media-code\"></${1:span}>$0",
        "description": "<span>",
        "prefix": "dashicons-media-code"
    },
    "dashicons-media-default": {
        "body": "<${1:span} className=\"dashicons dashicons-media-default\"></${1:span}>$0",
        "description": "<span>",
        "prefix": "dashicons-media-default"
    },
    "dashicons-media-document": {
        "body": "<${1:span} className=\"dashicons dashicons-media-document\"></${1:span}>$0",
        "description": "<span>",
        "prefix": "dashicons-media-document"
    },
    "dashicons-media-interactive": {
        "body": "<${1:span} className=\"dashicons dashicons-media-interactive\"></${1:span}>$0",
        "description": "<span>",
        "prefix": "dashicons-media-interactive"
    },
    "dashicons-media-spreadsheet": {
        "body": "<${1:span} className=\"dashicons dashicons-media-spreadsheet\"></${1:span}>$0",
        "description": "<span>",
        "prefix": "dashicons-media-spreadsheet"
    },
    "dashicons-media-text": {
        "body": "<${1:span} className=\"dashicons dashicons-media-text\"></${1:span}>$0",
        "description": "<span>",
        "prefix": "dashicons-media-text"
    },
    "dashicons-media-video": {
        "body": "<${1:span} className=\"dashicons dashicons-media-video\"></${1:span}>$0",
        "description": "<span>",
        "prefix": "dashicons-media-video"
    },
    "dashicons-megaphone": {
        "body": "<${1:span} className=\"dashicons dashicons-megaphone\"></${1:span}>$0",
        "description": "<span>",
        "prefix": "dashicons-megaphone"
    },
    "dashicons-menu-alt": {
        "body": "<${1:span} className=\"dashicons dashicons-menu-alt\"></${1:span}>$0",
        "description": "<span>",
        "prefix": "dashicons-menu-alt"
    },
    "dashicons-menu": {
        "body": "<${1:span} className=\"dashicons dashicons-menu\"></${1:span}>$0",
        "description": "<span>",
        "prefix": "dashicons-menu"
    },
    "dashicons-microphone": {
        "body": "<${1:span} className=\"dashicons dashicons-microphone\"></${1:span}>$0",
        "description": "<span>",
        "prefix": "dashicons-microphone"
    },
    "dashicons-migrate": {
        "body": "<${1:span} className=\"dashicons dashicons-migrate\"></${1:span}>$0",
        "description": "<span>",
        "prefix": "dashicons-migrate"
    },
    "dashicons-minus": {
        "body": "<${1:span} className=\"dashicons dashicons-minus\"></${1:span}>$0",
        "description": "<span>",
        "prefix": "dashicons-minus"
    },
    "dashicons-money": {
        "body": "<${1:span} className=\"dashicons dashicons-money\"></${1:span}>$0",
        "description": "<span>",
        "prefix": "dashicons-money"
    },
    "dashicons-move": {
        "body": "<${1:span} className=\"dashicons dashicons-move\"></${1:span}>$0",
        "description": "<span>",
        "prefix": "dashicons-move"
    },
    "dashicons-nametag": {
        "body": "<${1:span} className=\"dashicons dashicons-nametag\"></${1:span}>$0",
        "description": "<span>",
        "prefix": "dashicons-nametag"
    },
    "dashicons-networking": {
        "body": "<${1:span} className=\"dashicons dashicons-networking\"></${1:span}>$0",
        "description": "<span>",
        "prefix": "dashicons-networking"
    },
    "dashicons-no-alt": {
        "body": "<${1:span} className=\"dashicons dashicons-no-alt\"></${1:span}>$0",
        "description": "<span>",
        "prefix": "dashicons-no-alt"
    },
    "dashicons-no": {
        "body": "<${1:span} className=\"dashicons dashicons-no\"></${1:span}>$0",
        "description": "<span>",
        "prefix": "dashicons-no"
    },
    "dashicons-palmtree": {
        "body": "<${1:span} className=\"dashicons dashicons-palmtree\"></${1:span}>$0",
        "description": "<span>",
        "prefix": "dashicons-palmtree"
    },
    "dashicons-paperclip": {
        "body": "<${1:span} className=\"dashicons dashicons-paperclip\"></${1:span}>$0",
        "description": "<span>",
        "prefix": "dashicons-paperclip"
    },
    "dashicons-performance": {
        "body": "<${1:span} className=\"dashicons dashicons-performance\"></${1:span}>$0",
        "description": "<span>",
        "prefix": "dashicons-performance"
    },
    "dashicons-phone": {
        "body": "<${1:span} className=\"dashicons dashicons-phone\"></${1:span}>$0",
        "description": "<span>",
        "prefix": "dashicons-phone"
    },
    "dashicons-playlist-audio": {
        "body": "<${1:span} className=\"dashicons dashicons-playlist-audio\"></${1:span}>$0",
        "description": "<span>",
        "prefix": "dashicons-playlist-audio"
    },
    "dashicons-playlist-video": {
        "body": "<${1:span} className=\"dashicons dashicons-playlist-video\"></${1:span}>$0",
        "description": "<span>",
        "prefix": "dashicons-playlist-video"
    },
    "dashicons-plus-alt": {
        "body": "<${1:span} className=\"dashicons dashicons-plus-alt\"></${1:span}>$0",
        "description": "<span>",
        "prefix": "dashicons-plus-alt"
    },
    "dashicons-plus-light": {
        "body": "<${1:span} className=\"dashicons dashicons-plus-light\"></${1:span}>$0",
        "description": "<span>",
        "prefix": "dashicons-plus-light"
    },
    "dashicons-plus": {
        "body": "<${1:span} className=\"dashicons dashicons-plus\"></${1:span}>$0",
        "description": "<span>",
        "prefix": "dashicons-plus"
    },
    "dashicons-portfolio": {
        "body": "<${1:span} className=\"dashicons dashicons-portfolio\"></${1:span}>$0",
        "description": "<span>",
        "prefix": "dashicons-portfolio"
    },
    "dashicons-post-status": {
        "body": "<${1:span} className=\"dashicons dashicons-post-status\"></${1:span}>$0",
        "description": "<span>",
        "prefix": "dashicons-post-status"
    },
    "dashicons-pressthis": {
        "body": "<${1:span} className=\"dashicons dashicons-pressthis\"></${1:span}>$0",
        "description": "<span>",
        "prefix": "dashicons-pressthis"
    },
    "dashicons-products": {
        "body": "<${1:span} className=\"dashicons dashicons-products\"></${1:span}>$0",
        "description": "<span>",
        "prefix": "dashicons-products"
    },
    "dashicons-randomize": {
        "body": "<${1:span} className=\"dashicons dashicons-randomize\"></${1:span}>$0",
        "description": "<span>",
        "prefix": "dashicons-randomize"
    },
    "dashicons-redo": {
        "body": "<${1:span} className=\"dashicons dashicons-redo\"></${1:span}>$0",
        "description": "<span>",
        "prefix": "dashicons-redo"
    },
    "dashicons-rest-api": {
        "body": "<${1:span} className=\"dashicons dashicons-rest-api\"></${1:span}>$0",
        "description": "<span>",
        "prefix": "dashicons-rest-api"
    },
    "dashicons-rss": {
        "body": "<${1:span} className=\"dashicons dashicons-rss\"></${1:span}>$0",
        "description": "<span>",
        "prefix": "dashicons-rss"
    },
    "dashicons-schedule": {
        "body": "<${1:span} className=\"dashicons dashicons-schedule\"></${1:span}>$0",
        "description": "<span>",
        "prefix": "dashicons-schedule"
    },
    "dashicons-screenoptions": {
        "body": "<${1:span} className=\"dashicons dashicons-screenoptions\"></${1:span}>$0",
        "description": "<span>",
        "prefix": "dashicons-screenoptions"
    },
    "dashicons-search": {
        "body": "<${1:span} className=\"dashicons dashicons-search\"></${1:span}>$0",
        "description": "<span>",
        "prefix": "dashicons-search"
    },
    "dashicons-share-alt": {
        "body": "<${1:span} className=\"dashicons dashicons-share-alt\"></${1:span}>$0",
        "description": "<span>",
        "prefix": "dashicons-share-alt"
    },
    "dashicons-share-alt2": {
        "body": "<${1:span} className=\"dashicons dashicons-share-alt2\"></${1:span}>$0",
        "description": "<span>",
        "prefix": "dashicons-share-alt2"
    },
    "dashicons-share": {
        "body": "<${1:span} className=\"dashicons dashicons-share\"></${1:span}>$0",
        "description": "<span>",
        "prefix": "dashicons-share"
    },
    "dashicons-shield-alt": {
        "body": "<${1:span} className=\"dashicons dashicons-shield-alt\"></${1:span}>$0",
        "description": "<span>",
        "prefix": "dashicons-shield-alt"
    },
    "dashicons-shield": {
        "body": "<${1:span} className=\"dashicons dashicons-shield\"></${1:span}>$0",
        "description": "<span>",
        "prefix": "dashicons-shield"
    },
    "dashicons-slides": {
        "body": "<${1:span} className=\"dashicons dashicons-slides\"></${1:span}>$0",
        "description": "<span>",
        "prefix": "dashicons-slides"
    },
    "dashicons-smartphone": {
        "body": "<${1:span} className=\"dashicons dashicons-smartphone\"></${1:span}>$0",
        "description": "<span>",
        "prefix": "dashicons-smartphone"
    },
    "dashicons-smiley": {
        "body": "<${1:span} className=\"dashicons dashicons-smiley\"></${1:span}>$0",
        "description": "<span>",
        "prefix": "dashicons-smiley"
    },
    "dashicons-sort": {
        "body": "<${1:span} className=\"dashicons dashicons-sort\"></${1:span}>$0",
        "description": "<span>",
        "prefix": "dashicons-sort"
    },
    "dashicons-sos": {
        "body": "<${1:span} className=\"dashicons dashicons-sos\"></${1:span}>$0",
        "description": "<span>",
        "prefix": "dashicons-sos"
    },
    "dashicons-star-empty": {
        "body": "<${1:span} className=\"dashicons dashicons-star-empty\"></${1:span}>$0",
        "description": "<span>",
        "prefix": "dashicons-star-empty"
    },
    "dashicons-star-filled": {
        "body": "<${1:span} className=\"dashicons dashicons-star-filled\"></${1:span}>$0",
        "description": "<span>",
        "prefix": "dashicons-star-filled"
    },
    "dashicons-star-half": {
        "body": "<${1:span} className=\"dashicons dashicons-star-half\"></${1:span}>$0",
        "description": "<span>",
        "prefix": "dashicons-star-half"
    },
    "dashicons-sticky": {
        "body": "<${1:span} className=\"dashicons dashicons-sticky\"></${1:span}>$0",
        "description": "<span>",
        "prefix": "dashicons-sticky"
    },
    "dashicons-store": {
        "body": "<${1:span} className=\"dashicons dashicons-store\"></${1:span}>$0",
        "description": "<span>",
        "prefix": "dashicons-store"
    },
    "dashicons-tablet": {
        "body": "<${1:span} className=\"dashicons dashicons-tablet\"></${1:span}>$0",
        "description": "<span>",
        "prefix": "dashicons-tablet"
    },
    "dashicons-tag": {
        "body": "<${1:span} className=\"dashicons dashicons-tag\"></${1:span}>$0",
        "description": "<span>",
        "prefix": "dashicons-tag"
    },
    "dashicons-tagcloud": {
        "body": "<${1:span} className=\"dashicons dashicons-tagcloud\"></${1:span}>$0",
        "description": "<span>",
        "prefix": "dashicons-tagcloud"
    },
    "dashicons-testimonial": {
        "body": "<${1:span} className=\"dashicons dashicons-testimonial\"></${1:span}>$0",
        "description": "<span>",
        "prefix": "dashicons-testimonial"
    },
    "dashicons-text": {
        "body": "<${1:span} className=\"dashicons dashicons-text\"></${1:span}>$0",
        "description": "<span>",
        "prefix": "dashicons-text"
    },
    "dashicons-thumbs-down": {
        "body": "<${1:span} className=\"dashicons dashicons-thumbs-down\"></${1:span}>$0",
        "description": "<span>",
        "prefix": "dashicons-thumbs-down"
    },
    "dashicons-thumbs-up": {
        "body": "<${1:span} className=\"dashicons dashicons-thumbs-up\"></${1:span}>$0",
        "description": "<span>",
        "prefix": "dashicons-thumbs-up"
    },
    "dashicons-tickets-alt": {
        "body": "<${1:span} className=\"dashicons dashicons-tickets-alt\"></${1:span}>$0",
        "description": "<span>",
        "prefix": "dashicons-tickets-alt"
    },
    "dashicons-tickets": {
        "body": "<${1:span} className=\"dashicons dashicons-tickets\"></${1:span}>$0",
        "description": "<span>",
        "prefix": "dashicons-tickets"
    },
    "dashicons-tide": {
        "body": "<${1:span} className=\"dashicons dashicons-tide\"></${1:span}>$0",
        "description": "<span>",
        "prefix": "dashicons-tide"
    },
    "dashicons-translation": {
        "body": "<${1:span} className=\"dashicons dashicons-translation\"></${1:span}>$0",
        "description": "<span>",
        "prefix": "dashicons-translation"
    },
    "dashicons-trash": {
        "body": "<${1:span} className=\"dashicons dashicons-trash\"></${1:span}>$0",
        "description": "<span>",
        "prefix": "dashicons-trash"
    },
    "dashicons-twitter": {
        "body": "<${1:span} className=\"dashicons dashicons-twitter\"></${1:span}>$0",
        "description": "<span>",
        "prefix": "dashicons-twitter"
    },
    "dashicons-undo": {
        "body": "<${1:span} className=\"dashicons dashicons-undo\"></${1:span}>$0",
        "description": "<span>",
        "prefix": "dashicons-undo"
    },
    "dashicons-universal-access-alt": {
        "body": "<${1:span} className=\"dashicons dashicons-universal-access-alt\"></${1:span}>$0",
        "description": "<span>",
        "prefix": "dashicons-universal-access-alt"
    },
    "dashicons-universal-access": {
        "body": "<${1:span} className=\"dashicons dashicons-universal-access\"></${1:span}>$0",
        "description": "<span>",
        "prefix": "dashicons-universal-access"
    },
    "dashicons-unlock": {
        "body": "<${1:span} className=\"dashicons dashicons-unlock\"></${1:span}>$0",
        "description": "<span>",
        "prefix": "dashicons-unlock"
    },
    "dashicons-update": {
        "body": "<${1:span} className=\"dashicons dashicons-update\"></${1:span}>$0",
        "description": "<span>",
        "prefix": "dashicons-update"
    },
    "dashicons-upload": {
        "body": "<${1:span} className=\"dashicons dashicons-upload\"></${1:span}>$0",
        "description": "<span>",
        "prefix": "dashicons-upload"
    },
    "dashicons-vault": {
        "body": "<${1:span} className=\"dashicons dashicons-vault\"></${1:span}>$0",
        "description": "<span>",
        "prefix": "dashicons-vault"
    },
    "dashicons-video-alt": {
        "body": "<${1:span} className=\"dashicons dashicons-video-alt\"></${1:span}>$0",
        "description": "<span>",
        "prefix": "dashicons-video-alt"
    },
    "dashicons-video-alt2": {
        "body": "<${1:span} className=\"dashicons dashicons-video-alt2\"></${1:span}>$0",
        "description": "<span>",
        "prefix": "dashicons-video-alt2"
    },
    "dashicons-video-alt3": {
        "body": "<${1:span} className=\"dashicons dashicons-video-alt3\"></${1:span}>$0",
        "description": "<span>",
        "prefix": "dashicons-video-alt3"
    },
    "dashicons-visibility": {
        "body": "<${1:span} className=\"dashicons dashicons-visibility\"></${1:span}>$0",
        "description": "<span>",
        "prefix": "dashicons-visibility"
    },
    "dashicons-warning": {
        "body": "<${1:span} className=\"dashicons dashicons-warning\"></${1:span}>$0",
        "description": "<span>",
        "prefix": "dashicons-warning"
    },
    "dashicons-welcome-add-page": {
        "body": "<${1:span} className=\"dashicons dashicons-welcome-add-page\"></${1:span}>$0",
        "description": "<span>",
        "prefix": "dashicons-welcome-add-page"
    },
    "dashicons-welcome-comments": {
        "body": "<${1:span} className=\"dashicons dashicons-welcome-comments\"></${1:span}>$0",
        "description": "<span>",
        "prefix": "dashicons-welcome-comments"
    },
    "dashicons-welcome-learn-more": {
        "body": "<${1:span} className=\"dashicons dashicons-welcome-learn-more\"></${1:span}>$0",
        "description": "<span>",
        "prefix": "dashicons-welcome-learn-more"
    },
    "dashicons-welcome-view-site": {
        "body": "<${1:span} className=\"dashicons dashicons-welcome-view-site\"></${1:span}>$0",
        "description": "<span>",
        "prefix": "dashicons-welcome-view-site"
    },
    "dashicons-welcome-widgets-menus": {
        "body": "<${1:span} className=\"dashicons dashicons-welcome-widgets-menus\"></${1:span}>$0",
        "description": "<span>",
        "prefix": "dashicons-welcome-widgets-menus"
    },
    "dashicons-welcome-write-blog": {
        "body": "<${1:span} className=\"dashicons dashicons-welcome-write-blog\"></${1:span}>$0",
        "description": "<span>",
        "prefix": "dashicons-welcome-write-blog"
    },
    "dashicons-wordpress-alt": {
        "body": "<${1:span} className=\"dashicons dashicons-wordpress-alt\"></${1:span}>$0",
        "description": "<span>",
        "prefix": "dashicons-wordpress-alt"
    },
    "dashicons-wordpress": {
        "body": "<${1:span} className=\"dashicons dashicons-wordpress\"></${1:span}>$0",
        "description": "<span>",
        "prefix": "dashicons-wordpress"
    },
    "dashicons-yes-alt": {
        "body": "<${1:span} className=\"dashicons dashicons-yes-alt\"></${1:span}>$0",
        "description": "<span>",
        "prefix": "dashicons-yes-alt"
    },
    "dashicons-yes": {
        "body": "<${1:span} className=\"dashicons dashicons-yes\"></${1:span}>$0",
        "description": "<span>",
        "prefix": "dashicons-yes"
    },
    "dashicons-format-links": {
        "body": "<${1:span} className=\"dashicons dashicons-format-links\"></${1:span}>$0",
        "description": "<span>",
        "prefix": "dashicons-format-links"
    },
    "dashicons-welcome-edit-page": {
        "body": "<${1:span} className=\"dashicons dashicons-welcome-edit-page\"></${1:span}>$0",
        "description": "<span>",
        "prefix": "dashicons-welcome-edit-page"
    },
    "dashicons-format-standard": {
        "body": "<${1:span} className=\"dashicons dashicons-format-standard\"></${1:span}>$0",
        "description": "<span>",
        "prefix": "dashicons-format-standard"
    }
}