{
    "geomicon-bookmark:": {
        "body": "<${1:span} className=\"geomicon geomicon-bookmark:\"></${1:span}>$0",
        "description": "<span>",
        "prefix": "geomicon-bookmark:"
    },
    "geomicon-calendar:": {
        "body": "<${1:span} className=\"geomicon geomicon-calendar:\"></${1:span}>$0",
        "description": "<span>",
        "prefix": "geomicon-calendar:"
    },
    "geomicon-camera:": {
        "body": "<${1:span} className=\"geomicon geomicon-camera:\"></${1:span}>$0",
        "description": "<span>",
        "prefix": "geomicon-camera:"
    },
    "geomicon-chat:": {
        "body": "<${1:span} className=\"geomicon geomicon-chat:\"></${1:span}>$0",
        "description": "<span>",
        "prefix": "geomicon-chat:"
    },
    "geomicon-check:": {
        "body": "<${1:span} className=\"geomicon geomicon-check:\"></${1:span}>$0",
        "description": "<span>",
        "prefix": "geomicon-check:"
    },
    "geomicon-chevronDown:": {
        "body": "<${1:span} className=\"geomicon geomicon-chevronDown:\"></${1:span}>$0",
        "description": "<span>",
        "prefix": "geomicon-chevronDown:"
    },
    "geomicon-chevronLeft:": {
        "body": "<${1:span} className=\"geomicon geomicon-chevronLeft:\"></${1:span}>$0",
        "description": "<span>",
        "prefix": "geomicon-chevronLeft:"
    },
    "geomicon-chevronRight:": {
        "body": "<${1:span} className=\"geomicon geomicon-chevronRight:\"></${1:span}>$0",
        "description": "<span>",
        "prefix": "geomicon-chevronRight:"
    },
    "geomicon-chevronUp:": {
        "body": "<${1:span} className=\"geomicon geomicon-chevronUp:\"></${1:span}>$0",
        "description": "<span>",
        "prefix": "geomicon-chevronUp:"
    },
    "geomicon-clock:": {
        "body": "<${1:span} className=\"geomicon geomicon-clock:\"></${1:span}>$0",
        "description": "<span>",
        "prefix": "geomicon-clock:"
    },
    "geomicon-close:": {
        "body": "<${1:span} className=\"geomicon geomicon-close:\"></${1:span}>$0",
        "description": "<span>",
        "prefix": "geomicon-close:"
    },
    "geomicon-cloud:": {
        "body": "<${1:span} className=\"geomicon geomicon-cloud:\"></${1:span}>$0",
        "description": "<span>",
        "prefix": "geomicon-cloud:"
    },
    "geomicon-cog:": {
        "body": "<${1:span} className=\"geomicon geomicon-cog:\"></${1:span}>$0",
        "description": "<span>",
        "prefix": "geomicon-cog:"
    },
    "geomicon-compose:": {
        "body": "<${1:span} className=\"geomicon geomicon-compose:\"></${1:span}>$0",
        "description": "<span>",
        "prefix": "geomicon-compose:"
    },
    "geomicon-dribbble:": {
        "body": "<${1:span} className=\"geomicon geomicon-dribbble:\"></${1:span}>$0",
        "description": "<span>",
        "prefix": "geomicon-dribbble:"
    },
    "geomicon-expand:": {
        "body": "<${1:span} className=\"geomicon geomicon-expand:\"></${1:span}>$0",
        "description": "<span>",
        "prefix": "geomicon-expand:"
    },
    "geomicon-external:": {
        "body": "<${1:span} className=\"geomicon geomicon-external:\"></${1:span}>$0",
        "description": "<span>",
        "prefix": "geomicon-external:"
    },
    "geomicon-facebook:": {
        "body": "<${1:span} className=\"geomicon geomicon-facebook:\"></${1:span}>$0",
        "description": "<span>",
        "prefix": "geomicon-facebook:"
    },
    "geomicon-file:": {
        "body": "<${1:span} className=\"geomicon geomicon-file:\"></${1:span}>$0",
        "description": "<span>",
        "prefix": "geomicon-file:"
    },
    "geomicon-folder:": {
        "body": "<${1:span} className=\"geomicon geomicon-folder:\"></${1:span}>$0",
        "description": "<span>",
        "prefix": "geomicon-folder:"
    },
    "geomicon-geolocation:": {
        "body": "<${1:span} className=\"geomicon geomicon-geolocation:\"></${1:span}>$0",
        "description": "<span>",
        "prefix": "geomicon-geolocation:"
    },
    "geomicon-github:": {
        "body": "<${1:span} className=\"geomicon geomicon-github:\"></${1:span}>$0",
        "description": "<span>",
        "prefix": "geomicon-github:"
    },
    "geomicon-grid:": {
        "body": "<${1:span} className=\"geomicon geomicon-grid:\"></${1:span}>$0",
        "description": "<span>",
        "prefix": "geomicon-grid:"
    },
    "geomicon-heart:": {
        "body": "<${1:span} className=\"geomicon geomicon-heart:\"></${1:span}>$0",
        "description": "<span>",
        "prefix": "geomicon-heart:"
    },
    "geomicon-home:": {
        "body": "<${1:span} className=\"geomicon geomicon-home:\"></${1:span}>$0",
        "description": "<span>",
        "prefix": "geomicon-home:"
    },
    "geomicon-info:": {
        "body": "<${1:span} className=\"geomicon geomicon-info:\"></${1:span}>$0",
        "description": "<span>",
        "prefix": "geomicon-info:"
    },
    "geomicon-link:": {
        "body": "<${1:span} className=\"geomicon geomicon-link:\"></${1:span}>$0",
        "description": "<span>",
        "prefix": "geomicon-link:"
    },
    "geomicon-list:": {
        "body": "<${1:span} className=\"geomicon geomicon-list:\"></${1:span}>$0",
        "description": "<span>",
        "prefix": "geomicon-list:"
    },
    "geomicon-lock:": {
        "body": "<${1:span} className=\"geomicon geomicon-lock:\"></${1:span}>$0",
        "description": "<span>",
        "prefix": "geomicon-lock:"
    },
    "geomicon-mail:": {
        "body": "<${1:span} className=\"geomicon geomicon-mail:\"></${1:span}>$0",
        "description": "<span>",
        "prefix": "geomicon-mail:"
    },
    "geomicon-musicNote:": {
        "body": "<${1:span} className=\"geomicon geomicon-musicNote:\"></${1:span}>$0",
        "description": "<span>",
        "prefix": "geomicon-musicNote:"
    },
    "geomicon-next:": {
        "body": "<${1:span} className=\"geomicon geomicon-next:\"></${1:span}>$0",
        "description": "<span>",
        "prefix": "geomicon-next:"
    },
    "geomicon-no:": {
        "body": "<${1:span} className=\"geomicon geomicon-no:\"></${1:span}>$0",
        "description": "<span>",
        "prefix": "geomicon-no:"
    },
    "geomicon-pause:": {
        "body": "<${1:span} className=\"geomicon geomicon-pause:\"></${1:span}>$0",
        "description": "<span>",
        "prefix": "geomicon-pause:"
    },
    "geomicon-picture:": {
        "body": "<${1:span} className=\"geomicon geomicon-picture:\"></${1:span}>$0",
        "description": "<span>",
        "prefix": "geomicon-picture:"
    },
    "geomicon-pin:": {
        "body": "<${1:span} className=\"geomicon geomicon-pin:\"></${1:span}>$0",
        "description": "<span>",
        "prefix": "geomicon-pin:"
    },
    "geomicon-play:": {
        "body": "<${1:span} className=\"geomicon geomicon-play:\"></${1:span}>$0",
        "description": "<span>",
        "prefix": "geomicon-play:"
    },
    "geomicon-previous:": {
        "body": "<${1:span} className=\"geomicon geomicon-previous:\"></${1:span}>$0",
        "description": "<span>",
        "prefix": "geomicon-previous:"
    },
    "geomicon-refresh:": {
        "body": "<${1:span} className=\"geomicon geomicon-refresh:\"></${1:span}>$0",
        "description": "<span>",
        "prefix": "geomicon-refresh:"
    },
    "geomicon-repost:": {
        "body": "<${1:span} className=\"geomicon geomicon-repost:\"></${1:span}>$0",
        "description": "<span>",
        "prefix": "geomicon-repost:"
    },
    "geomicon-search:": {
        "body": "<${1:span} className=\"geomicon geomicon-search:\"></${1:span}>$0",
        "description": "<span>",
        "prefix": "geomicon-search:"
    },
    "geomicon-shoppingCart:": {
        "body": "<${1:span} className=\"geomicon geomicon-shoppingCart:\"></${1:span}>$0",
        "description": "<span>",
        "prefix": "geomicon-shoppingCart:"
    },
    "geomicon-skull:": {
        "body": "<${1:span} className=\"geomicon geomicon-skull:\"></${1:span}>$0",
        "description": "<span>",
        "prefix": "geomicon-skull:"
    },
    "geomicon-speakerVolume:": {
        "body": "<${1:span} className=\"geomicon geomicon-speakerVolume:\"></${1:span}>$0",
        "description": "<span>",
        "prefix": "geomicon-speakerVolume:"
    },
    "geomicon-speaker:": {
        "body": "<${1:span} className=\"geomicon geomicon-speaker:\"></${1:span}>$0",
        "description": "<span>",
        "prefix": "geomicon-speaker:"
    },
    "geomicon-star:": {
        "body": "<${1:span} className=\"geomicon geomicon-star:\"></${1:span}>$0",
        "description": "<span>",
        "prefix": "geomicon-star:"
    },
    "geomicon-tag:": {
        "body": "<${1:span} className=\"geomicon geomicon-tag:\"></${1:span}>$0",
        "description": "<span>",
        "prefix": "geomicon-tag:"
    },
    "geomicon-trash:": {
        "body": "<${1:span} className=\"geomicon geomicon-trash:\"></${1:span}>$0",
        "description": "<span>",
        "prefix": "geomicon-trash:"
    },
    "geomicon-triangleDown:": {
        "body": "<${1:span} className=\"geomicon geomicon-triangleDown:\"></${1:span}>$0",
        "description": "<span>",
        "prefix": "geomicon-triangleDown:"
    },
    "geomicon-triangleLeft:": {
        "body": "<${1:span} className=\"geomicon geomicon-triangleLeft:\"></${1:span}>$0",
        "description": "<span>",
        "prefix": "geomicon-triangleLeft:"
    },
    "geomicon-triangleRight:": {
        "body": "<${1:span} className=\"geomicon geomicon-triangleRight:\"></${1:span}>$0",
        "description": "<span>",
        "prefix": "geomicon-triangleRight:"
    },
    "geomicon-triangleUp:": {
        "body": "<${1:span} className=\"geomicon geomicon-triangleUp:\"></${1:span}>$0",
        "description": "<span>",
        "prefix": "geomicon-triangleUp:"
    },
    "geomicon-twitter:": {
        "body": "<${1:span} className=\"geomicon geomicon-twitter:\"></${1:span}>$0",
        "description": "<span>",
        "prefix": "geomicon-twitter:"
    },
    "geomicon-user:": {
        "body": "<${1:span} className=\"geomicon geomicon-user:\"></${1:span}>$0",
        "description": "<span>",
        "prefix": "geomicon-user:"
    },
    "geomicon-video:": {
        "body": "<${1:span} className=\"geomicon geomicon-video:\"></${1:span}>$0",
        "description": "<span>",
        "prefix": "geomicon-video:"
    },
    "geomicon-warning:": {
        "body": "<${1:span} className=\"geomicon geomicon-warning:\"></${1:span}>$0",
        "description": "<span>",
        "prefix": "geomicon-warning:"
    }
}