{
    "icon-cloud": {
        "body": "<${1:i} className=\"icon-cloud$2\"></${1:i}>$0",
        "description": "<i>",
        "prefix": "icon-cloud"
    },
    "icon-at": {
        "body": "<${1:i} className=\"icon-at$2\"></${1:i}>$0",
        "description": "<i>",
        "prefix": "icon-at"
    },
    "icon-plus": {
        "body": "<${1:i} className=\"icon-plus$2\"></${1:i}>$0",
        "description": "<i>",
        "prefix": "icon-plus"
    },
    "icon-minus": {
        "body": "<${1:i} className=\"icon-minus$2\"></${1:i}>$0",
        "description": "<i>",
        "prefix": "icon-minus"
    },
    "icon-arrow_up": {
        "body": "<${1:i} className=\"icon-arrow_up$2\"></${1:i}>$0",
        "description": "<i>",
        "prefix": "icon-arrow_up"
    },
    "icon-arrow_down": {
        "body": "<${1:i} className=\"icon-arrow_down$2\"></${1:i}>$0",
        "description": "<i>",
        "prefix": "icon-arrow_down"
    },
    "icon-arrow_right": {
        "body": "<${1:i} className=\"icon-arrow_right$2\"></${1:i}>$0",
        "description": "<i>",
        "prefix": "icon-arrow_right"
    },
    "icon-arrow_left": {
        "body": "<${1:i} className=\"icon-arrow_left$2\"></${1:i}>$0",
        "description": "<i>",
        "prefix": "icon-arrow_left"
    },
    "icon-chevron_down": {
        "body": "<${1:i} className=\"icon-chevron_down$2\"></${1:i}>$0",
        "description": "<i>",
        "prefix": "icon-chevron_down"
    },
    "icon-chevron_up": {
        "body": "<${1:i} className=\"icon-chevron_up$2\"></${1:i}>$0",
        "description": "<i>",
        "prefix": "icon-chevron_up"
    },
    "icon-chevron_right": {
        "body": "<${1:i} className=\"icon-chevron_right$2\"></${1:i}>$0",
        "description": "<i>",
        "prefix": "icon-chevron_right"
    },
    "icon-chevron_left": {
        "body": "<${1:i} className=\"icon-chevron_left$2\"></${1:i}>$0",
        "description": "<i>",
        "prefix": "icon-chevron_left"
    },
    "icon-reorder": {
        "body": "<${1:i} className=\"icon-reorder$2\"></${1:i}>$0",
        "description": "<i>",
        "prefix": "icon-reorder"
    },
    "icon-list": {
        "body": "<${1:i} className=\"icon-list$2\"></${1:i}>$0",
        "description": "<i>",
        "prefix": "icon-list"
    },
    "icon-reorder_square": {
        "body": "<${1:i} className=\"icon-reorder_square$2\"></${1:i}>$0",
        "description": "<i>",
        "prefix": "icon-reorder_square"
    },
    "icon-reorder_square_line": {
        "body": "<${1:i} className=\"icon-reorder_square_line$2\"></${1:i}>$0",
        "description": "<i>",
        "prefix": "icon-reorder_square_line"
    },
    "icon-coverflow": {
        "body": "<${1:i} className=\"icon-coverflow$2\"></${1:i}>$0",
        "description": "<i>",
        "prefix": "icon-coverflow"
    },
    "icon-coverflow_line": {
        "body": "<${1:i} className=\"icon-coverflow_line$2\"></${1:i}>$0",
        "description": "<i>",
        "prefix": "icon-coverflow_line"
    },
    "icon-pause": {
        "body": "<${1:i} className=\"icon-pause$2\"></${1:i}>$0",
        "description": "<i>",
        "prefix": "icon-pause"
    },
    "icon-play": {
        "body": "<${1:i} className=\"icon-play$2\"></${1:i}>$0",
        "description": "<i>",
        "prefix": "icon-play"
    },
    "icon-step_forward": {
        "body": "<${1:i} className=\"icon-step_forward$2\"></${1:i}>$0",
        "description": "<i>",
        "prefix": "icon-step_forward"
    },
    "icon-step_backward": {
        "body": "<${1:i} className=\"icon-step_backward$2\"></${1:i}>$0",
        "description": "<i>",
        "prefix": "icon-step_backward"
    },
    "icon-fast_forward": {
        "body": "<${1:i} className=\"icon-fast_forward$2\"></${1:i}>$0",
        "description": "<i>",
        "prefix": "icon-fast_forward"
    },
    "icon-fast_backward": {
        "body": "<${1:i} className=\"icon-fast_backward$2\"></${1:i}>$0",
        "description": "<i>",
        "prefix": "icon-fast_backward"
    },
    "icon-cloud_upload": {
        "body": "<${1:i} className=\"icon-cloud_upload$2\"></${1:i}>$0",
        "description": "<i>",
        "prefix": "icon-cloud_upload"
    },
    "icon-cloud_download": {
        "body": "<${1:i} className=\"icon-cloud_download$2\"></${1:i}>$0",
        "description": "<i>",
        "prefix": "icon-cloud_download"
    },
    "icon-data_science": {
        "body": "<${1:i} className=\"icon-data_science$2\"></${1:i}>$0",
        "description": "<i>",
        "prefix": "icon-data_science"
    },
    "icon-data_science_black": {
        "body": "<${1:i} className=\"icon-data_science_black$2\"></${1:i}>$0",
        "description": "<i>",
        "prefix": "icon-data_science_black"
    },
    "icon-globe": {
        "body": "<${1:i} className=\"icon-globe$2\"></${1:i}>$0",
        "description": "<i>",
        "prefix": "icon-globe"
    },
    "icon-globe_black": {
        "body": "<${1:i} className=\"icon-globe_black$2\"></${1:i}>$0",
        "description": "<i>",
        "prefix": "icon-globe_black"
    },
    "icon-math_ico": {
        "body": "<${1:i} className=\"icon-math_ico$2\"></${1:i}>$0",
        "description": "<i>",
        "prefix": "icon-math_ico"
    },
    "icon-math": {
        "body": "<${1:i} className=\"icon-math$2\"></${1:i}>$0",
        "description": "<i>",
        "prefix": "icon-math"
    },
    "icon-math_black": {
        "body": "<${1:i} className=\"icon-math_black$2\"></${1:i}>$0",
        "description": "<i>",
        "prefix": "icon-math_black"
    },
    "icon-paperplane_ico": {
        "body": "<${1:i} className=\"icon-paperplane_ico$2\"></${1:i}>$0",
        "description": "<i>",
        "prefix": "icon-paperplane_ico"
    },
    "icon-paperplane": {
        "body": "<${1:i} className=\"icon-paperplane$2\"></${1:i}>$0",
        "description": "<i>",
        "prefix": "icon-paperplane"
    },
    "icon-paperplane_black": {
        "body": "<${1:i} className=\"icon-paperplane_black$2\"></${1:i}>$0",
        "description": "<i>",
        "prefix": "icon-paperplane_black"
    },
    "icon-color_balance": {
        "body": "<${1:i} className=\"icon-color_balance$2\"></${1:i}>$0",
        "description": "<i>",
        "prefix": "icon-color_balance"
    },
    "icon-star": {
        "body": "<${1:i} className=\"icon-star$2\"></${1:i}>$0",
        "description": "<i>",
        "prefix": "icon-star"
    },
    "icon-star_half": {
        "body": "<${1:i} className=\"icon-star_half$2\"></${1:i}>$0",
        "description": "<i>",
        "prefix": "icon-star_half"
    },
    "icon-star_empty": {
        "body": "<${1:i} className=\"icon-star_empty$2\"></${1:i}>$0",
        "description": "<i>",
        "prefix": "icon-star_empty"
    },
    "icon-star_half_empty": {
        "body": "<${1:i} className=\"icon-star_half_empty$2\"></${1:i}>$0",
        "description": "<i>",
        "prefix": "icon-star_half_empty"
    },
    "icon-reload": {
        "body": "<${1:i} className=\"icon-reload$2\"></${1:i}>$0",
        "description": "<i>",
        "prefix": "icon-reload"
    },
    "icon-heart": {
        "body": "<${1:i} className=\"icon-heart$2\"></${1:i}>$0",
        "description": "<i>",
        "prefix": "icon-heart"
    },
    "icon-heart_broken": {
        "body": "<${1:i} className=\"icon-heart_broken$2\"></${1:i}>$0",
        "description": "<i>",
        "prefix": "icon-heart_broken"
    },
    "icon-hashtag": {
        "body": "<${1:i} className=\"icon-hashtag$2\"></${1:i}>$0",
        "description": "<i>",
        "prefix": "icon-hashtag"
    },
    "icon-reply": {
        "body": "<${1:i} className=\"icon-reply$2\"></${1:i}>$0",
        "description": "<i>",
        "prefix": "icon-reply"
    },
    "icon-retweet": {
        "body": "<${1:i} className=\"icon-retweet$2\"></${1:i}>$0",
        "description": "<i>",
        "prefix": "icon-retweet"
    },
    "icon-signin": {
        "body": "<${1:i} className=\"icon-signin$2\"></${1:i}>$0",
        "description": "<i>",
        "prefix": "icon-signin"
    },
    "icon-signout": {
        "body": "<${1:i} className=\"icon-signout$2\"></${1:i}>$0",
        "description": "<i>",
        "prefix": "icon-signout"
    },
    "icon-download": {
        "body": "<${1:i} className=\"icon-download$2\"></${1:i}>$0",
        "description": "<i>",
        "prefix": "icon-download"
    },
    "icon-upload": {
        "body": "<${1:i} className=\"icon-upload$2\"></${1:i}>$0",
        "description": "<i>",
        "prefix": "icon-upload"
    },
    "icon-placepin": {
        "body": "<${1:i} className=\"icon-placepin$2\"></${1:i}>$0",
        "description": "<i>",
        "prefix": "icon-placepin"
    },
    "icon-display_screen": {
        "body": "<${1:i} className=\"icon-display_screen$2\"></${1:i}>$0",
        "description": "<i>",
        "prefix": "icon-display_screen"
    },
    "icon-tablet": {
        "body": "<${1:i} className=\"icon-tablet$2\"></${1:i}>$0",
        "description": "<i>",
        "prefix": "icon-tablet"
    },
    "icon-smartphone": {
        "body": "<${1:i} className=\"icon-smartphone$2\"></${1:i}>$0",
        "description": "<i>",
        "prefix": "icon-smartphone"
    },
    "icon-connected_object": {
        "body": "<${1:i} className=\"icon-connected_object$2\"></${1:i}>$0",
        "description": "<i>",
        "prefix": "icon-connected_object"
    },
    "icon-lock": {
        "body": "<${1:i} className=\"icon-lock$2\"></${1:i}>$0",
        "description": "<i>",
        "prefix": "icon-lock"
    },
    "icon-unlock": {
        "body": "<${1:i} className=\"icon-unlock$2\"></${1:i}>$0",
        "description": "<i>",
        "prefix": "icon-unlock"
    },
    "icon-camera": {
        "body": "<${1:i} className=\"icon-camera$2\"></${1:i}>$0",
        "description": "<i>",
        "prefix": "icon-camera"
    },
    "icon-isight": {
        "body": "<${1:i} className=\"icon-isight$2\"></${1:i}>$0",
        "description": "<i>",
        "prefix": "icon-isight"
    },
    "icon-video_camera": {
        "body": "<${1:i} className=\"icon-video_camera$2\"></${1:i}>$0",
        "description": "<i>",
        "prefix": "icon-video_camera"
    },
    "icon-random": {
        "body": "<${1:i} className=\"icon-random$2\"></${1:i}>$0",
        "description": "<i>",
        "prefix": "icon-random"
    },
    "icon-message": {
        "body": "<${1:i} className=\"icon-message$2\"></${1:i}>$0",
        "description": "<i>",
        "prefix": "icon-message"
    },
    "icon-discussion": {
        "body": "<${1:i} className=\"icon-discussion$2\"></${1:i}>$0",
        "description": "<i>",
        "prefix": "icon-discussion"
    },
    "icon-calendar": {
        "body": "<${1:i} className=\"icon-calendar$2\"></${1:i}>$0",
        "description": "<i>",
        "prefix": "icon-calendar"
    },
    "icon-ringbell": {
        "body": "<${1:i} className=\"icon-ringbell$2\"></${1:i}>$0",
        "description": "<i>",
        "prefix": "icon-ringbell"
    },
    "icon-movie": {
        "body": "<${1:i} className=\"icon-movie$2\"></${1:i}>$0",
        "description": "<i>",
        "prefix": "icon-movie"
    },
    "icon-mail": {
        "body": "<${1:i} className=\"icon-mail$2\"></${1:i}>$0",
        "description": "<i>",
        "prefix": "icon-mail"
    },
    "icon-pen": {
        "body": "<${1:i} className=\"icon-pen$2\"></${1:i}>$0",
        "description": "<i>",
        "prefix": "icon-pen"
    },
    "icon-settings": {
        "body": "<${1:i} className=\"icon-settings$2\"></${1:i}>$0",
        "description": "<i>",
        "prefix": "icon-settings"
    },
    "icon-measure": {
        "body": "<${1:i} className=\"icon-measure$2\"></${1:i}>$0",
        "description": "<i>",
        "prefix": "icon-measure"
    },
    "icon-vector": {
        "body": "<${1:i} className=\"icon-vector$2\"></${1:i}>$0",
        "description": "<i>",
        "prefix": "icon-vector"
    },
    "icon-vector_pen": {
        "body": "<${1:i} className=\"icon-vector_pen$2\"></${1:i}>$0",
        "description": "<i>",
        "prefix": "icon-vector_pen"
    },
    "icon-mute_on": {
        "body": "<${1:i} className=\"icon-mute_on$2\"></${1:i}>$0",
        "description": "<i>",
        "prefix": "icon-mute_on"
    },
    "icon-mute_off": {
        "body": "<${1:i} className=\"icon-mute_off$2\"></${1:i}>$0",
        "description": "<i>",
        "prefix": "icon-mute_off"
    },
    "icon-home": {
        "body": "<${1:i} className=\"icon-home$2\"></${1:i}>$0",
        "description": "<i>",
        "prefix": "icon-home"
    },
    "icon-sheet": {
        "body": "<${1:i} className=\"icon-sheet$2\"></${1:i}>$0",
        "description": "<i>",
        "prefix": "icon-sheet"
    },
    "icon-arrow_big_right": {
        "body": "<${1:i} className=\"icon-arrow_big_right$2\"></${1:i}>$0",
        "description": "<i>",
        "prefix": "icon-arrow_big_right"
    },
    "icon-arrow_big_left": {
        "body": "<${1:i} className=\"icon-arrow_big_left$2\"></${1:i}>$0",
        "description": "<i>",
        "prefix": "icon-arrow_big_left"
    },
    "icon-arrow_big_down": {
        "body": "<${1:i} className=\"icon-arrow_big_down$2\"></${1:i}>$0",
        "description": "<i>",
        "prefix": "icon-arrow_big_down"
    },
    "icon-arrow_big_up": {
        "body": "<${1:i} className=\"icon-arrow_big_up$2\"></${1:i}>$0",
        "description": "<i>",
        "prefix": "icon-arrow_big_up"
    },
    "icon-dribbble_circle": {
        "body": "<${1:i} className=\"icon-dribbble_circle$2\"></${1:i}>$0",
        "description": "<i>",
        "prefix": "icon-dribbble_circle"
    },
    "icon-dribbble": {
        "body": "<${1:i} className=\"icon-dribbble$2\"></${1:i}>$0",
        "description": "<i>",
        "prefix": "icon-dribbble"
    },
    "icon-facebook_circle": {
        "body": "<${1:i} className=\"icon-facebook_circle$2\"></${1:i}>$0",
        "description": "<i>",
        "prefix": "icon-facebook_circle"
    },
    "icon-facebook": {
        "body": "<${1:i} className=\"icon-facebook$2\"></${1:i}>$0",
        "description": "<i>",
        "prefix": "icon-facebook"
    },
    "icon-git_circle_alt": {
        "body": "<${1:i} className=\"icon-git_circle_alt$2\"></${1:i}>$0",
        "description": "<i>",
        "prefix": "icon-git_circle_alt"
    },
    "icon-git_circle": {
        "body": "<${1:i} className=\"icon-git_circle$2\"></${1:i}>$0",
        "description": "<i>",
        "prefix": "icon-git_circle"
    },
    "icon-git": {
        "body": "<${1:i} className=\"icon-git$2\"></${1:i}>$0",
        "description": "<i>",
        "prefix": "icon-git"
    },
    "icon-octopus": {
        "body": "<${1:i} className=\"icon-octopus$2\"></${1:i}>$0",
        "description": "<i>",
        "prefix": "icon-octopus"
    },
    "icon-twitter_circle": {
        "body": "<${1:i} className=\"icon-twitter_circle$2\"></${1:i}>$0",
        "description": "<i>",
        "prefix": "icon-twitter_circle"
    },
    "icon-twitter": {
        "body": "<${1:i} className=\"icon-twitter$2\"></${1:i}>$0",
        "description": "<i>",
        "prefix": "icon-twitter"
    },
    "icon-google_plus_circle": {
        "body": "<${1:i} className=\"icon-google_plus_circle$2\"></${1:i}>$0",
        "description": "<i>",
        "prefix": "icon-google_plus_circle"
    },
    "icon-google_plus": {
        "body": "<${1:i} className=\"icon-google_plus$2\"></${1:i}>$0",
        "description": "<i>",
        "prefix": "icon-google_plus"
    },
    "icon-linked_in_circle": {
        "body": "<${1:i} className=\"icon-linked_in_circle$2\"></${1:i}>$0",
        "description": "<i>",
        "prefix": "icon-linked_in_circle"
    },
    "icon-linked_in": {
        "body": "<${1:i} className=\"icon-linked_in$2\"></${1:i}>$0",
        "description": "<i>",
        "prefix": "icon-linked_in"
    },
    "icon-instagram": {
        "body": "<${1:i} className=\"icon-instagram$2\"></${1:i}>$0",
        "description": "<i>",
        "prefix": "icon-instagram"
    },
    "icon-instagram_circle": {
        "body": "<${1:i} className=\"icon-instagram_circle$2\"></${1:i}>$0",
        "description": "<i>",
        "prefix": "icon-instagram_circle"
    },
    "icon-mfg_icon": {
        "body": "<${1:i} className=\"icon-mfg_icon$2\"></${1:i}>$0",
        "description": "<i>",
        "prefix": "icon-mfg_icon"
    },
    "icon-xing": {
        "body": "<${1:i} className=\"icon-xing$2\"></${1:i}>$0",
        "description": "<i>",
        "prefix": "icon-xing"
    },
    "icon-xing_circle": {
        "body": "<${1:i} className=\"icon-xing_circle$2\"></${1:i}>$0",
        "description": "<i>",
        "prefix": "icon-xing_circle"
    },
    "icon-mfg_icon_circle": {
        "body": "<${1:i} className=\"icon-mfg_icon_circle$2\"></${1:i}>$0",
        "description": "<i>",
        "prefix": "icon-mfg_icon_circle"
    },
    "icon-user": {
        "body": "<${1:i} className=\"icon-user$2\"></${1:i}>$0",
        "description": "<i>",
        "prefix": "icon-user"
    },
    "icon-user_male": {
        "body": "<${1:i} className=\"icon-user_male$2\"></${1:i}>$0",
        "description": "<i>",
        "prefix": "icon-user_male"
    },
    "icon-user_female": {
        "body": "<${1:i} className=\"icon-user_female$2\"></${1:i}>$0",
        "description": "<i>",
        "prefix": "icon-user_female"
    },
    "icon-users": {
        "body": "<${1:i} className=\"icon-users$2\"></${1:i}>$0",
        "description": "<i>",
        "prefix": "icon-users"
    },
    "icon-file_open": {
        "body": "<${1:i} className=\"icon-file_open$2\"></${1:i}>$0",
        "description": "<i>",
        "prefix": "icon-file_open"
    },
    "icon-file_close": {
        "body": "<${1:i} className=\"icon-file_close$2\"></${1:i}>$0",
        "description": "<i>",
        "prefix": "icon-file_close"
    },
    "icon-file_alt": {
        "body": "<${1:i} className=\"icon-file_alt$2\"></${1:i}>$0",
        "description": "<i>",
        "prefix": "icon-file_alt"
    },
    "icon-file_close_alt": {
        "body": "<${1:i} className=\"icon-file_close_alt$2\"></${1:i}>$0",
        "description": "<i>",
        "prefix": "icon-file_close_alt"
    },
    "icon-attachment": {
        "body": "<${1:i} className=\"icon-attachment$2\"></${1:i}>$0",
        "description": "<i>",
        "prefix": "icon-attachment"
    },
    "icon-check": {
        "body": "<${1:i} className=\"icon-check$2\"></${1:i}>$0",
        "description": "<i>",
        "prefix": "icon-check"
    },
    "icon-cross_mark": {
        "body": "<${1:i} className=\"icon-cross_mark$2\"></${1:i}>$0",
        "description": "<i>",
        "prefix": "icon-cross_mark"
    },
    "icon-cancel_circle": {
        "body": "<${1:i} className=\"icon-cancel_circle$2\"></${1:i}>$0",
        "description": "<i>",
        "prefix": "icon-cancel_circle"
    },
    "icon-check_circle": {
        "body": "<${1:i} className=\"icon-check_circle$2\"></${1:i}>$0",
        "description": "<i>",
        "prefix": "icon-check_circle"
    },
    "icon-magnifying": {
        "body": "<${1:i} className=\"icon-magnifying$2\"></${1:i}>$0",
        "description": "<i>",
        "prefix": "icon-magnifying"
    },
    "icon-inbox": {
        "body": "<${1:i} className=\"icon-inbox$2\"></${1:i}>$0",
        "description": "<i>",
        "prefix": "icon-inbox"
    },
    "icon-clock": {
        "body": "<${1:i} className=\"icon-clock$2\"></${1:i}>$0",
        "description": "<i>",
        "prefix": "icon-clock"
    },
    "icon-stopwatch": {
        "body": "<${1:i} className=\"icon-stopwatch$2\"></${1:i}>$0",
        "description": "<i>",
        "prefix": "icon-stopwatch"
    },
    "icon-hourglass": {
        "body": "<${1:i} className=\"icon-hourglass$2\"></${1:i}>$0",
        "description": "<i>",
        "prefix": "icon-hourglass"
    },
    "icon-trophy": {
        "body": "<${1:i} className=\"icon-trophy$2\"></${1:i}>$0",
        "description": "<i>",
        "prefix": "icon-trophy"
    },
    "icon-unlock_alt": {
        "body": "<${1:i} className=\"icon-unlock_alt$2\"></${1:i}>$0",
        "description": "<i>",
        "prefix": "icon-unlock_alt"
    },
    "icon-lock_alt": {
        "body": "<${1:i} className=\"icon-lock_alt$2\"></${1:i}>$0",
        "description": "<i>",
        "prefix": "icon-lock_alt"
    },
    "icon-arrow_doubled_right": {
        "body": "<${1:i} className=\"icon-arrow_doubled_right$2\"></${1:i}>$0",
        "description": "<i>",
        "prefix": "icon-arrow_doubled_right"
    },
    "icon-arrow_doubled_left": {
        "body": "<${1:i} className=\"icon-arrow_doubled_left$2\"></${1:i}>$0",
        "description": "<i>",
        "prefix": "icon-arrow_doubled_left"
    },
    "icon-arrow_doubled_down": {
        "body": "<${1:i} className=\"icon-arrow_doubled_down$2\"></${1:i}>$0",
        "description": "<i>",
        "prefix": "icon-arrow_doubled_down"
    },
    "icon-arrow_doubled_up": {
        "body": "<${1:i} className=\"icon-arrow_doubled_up$2\"></${1:i}>$0",
        "description": "<i>",
        "prefix": "icon-arrow_doubled_up"
    },
    "icon-link": {
        "body": "<${1:i} className=\"icon-link$2\"></${1:i}>$0",
        "description": "<i>",
        "prefix": "icon-link"
    },
    "icon-warning": {
        "body": "<${1:i} className=\"icon-warning$2\"></${1:i}>$0",
        "description": "<i>",
        "prefix": "icon-warning"
    },
    "icon-warning_alt": {
        "body": "<${1:i} className=\"icon-warning_alt$2\"></${1:i}>$0",
        "description": "<i>",
        "prefix": "icon-warning_alt"
    },
    "icon-magnifying_plus": {
        "body": "<${1:i} className=\"icon-magnifying_plus$2\"></${1:i}>$0",
        "description": "<i>",
        "prefix": "icon-magnifying_plus"
    },
    "icon-magnifying_minus": {
        "body": "<${1:i} className=\"icon-magnifying_minus$2\"></${1:i}>$0",
        "description": "<i>",
        "prefix": "icon-magnifying_minus"
    },
    "icon-white_question": {
        "body": "<${1:i} className=\"icon-white_question$2\"></${1:i}>$0",
        "description": "<i>",
        "prefix": "icon-white_question"
    },
    "icon-black_question": {
        "body": "<${1:i} className=\"icon-black_question$2\"></${1:i}>$0",
        "description": "<i>",
        "prefix": "icon-black_question"
    },
    "icon-stop": {
        "body": "<${1:i} className=\"icon-stop$2\"></${1:i}>$0",
        "description": "<i>",
        "prefix": "icon-stop"
    },
    "icon-share": {
        "body": "<${1:i} className=\"icon-share$2\"></${1:i}>$0",
        "description": "<i>",
        "prefix": "icon-share"
    },
    "icon-eye": {
        "body": "<${1:i} className=\"icon-eye$2\"></${1:i}>$0",
        "description": "<i>",
        "prefix": "icon-eye"
    },
    "icon-trash_can": {
        "body": "<${1:i} className=\"icon-trash_can$2\"></${1:i}>$0",
        "description": "<i>",
        "prefix": "icon-trash_can"
    },
    "icon-hard_drive": {
        "body": "<${1:i} className=\"icon-hard_drive$2\"></${1:i}>$0",
        "description": "<i>",
        "prefix": "icon-hard_drive"
    },
    "icon-information_black": {
        "body": "<${1:i} className=\"icon-information_black$2\"></${1:i}>$0",
        "description": "<i>",
        "prefix": "icon-information_black"
    },
    "icon-information_white": {
        "body": "<${1:i} className=\"icon-information_white$2\"></${1:i}>$0",
        "description": "<i>",
        "prefix": "icon-information_white"
    },
    "icon-printer": {
        "body": "<${1:i} className=\"icon-printer$2\"></${1:i}>$0",
        "description": "<i>",
        "prefix": "icon-printer"
    },
    "icon-letter": {
        "body": "<${1:i} className=\"icon-letter$2\"></${1:i}>$0",
        "description": "<i>",
        "prefix": "icon-letter"
    },
    "icon-soundcloud": {
        "body": "<${1:i} className=\"icon-soundcloud$2\"></${1:i}>$0",
        "description": "<i>",
        "prefix": "icon-soundcloud"
    },
    "icon-soundcloud_circle": {
        "body": "<${1:i} className=\"icon-soundcloud_circle$2\"></${1:i}>$0",
        "description": "<i>",
        "prefix": "icon-soundcloud_circle"
    },
    "icon-anchor": {
        "body": "<${1:i} className=\"icon-anchor$2\"></${1:i}>$0",
        "description": "<i>",
        "prefix": "icon-anchor"
    },
    "icon-female_sign": {
        "body": "<${1:i} className=\"icon-female_sign$2\"></${1:i}>$0",
        "description": "<i>",
        "prefix": "icon-female_sign"
    },
    "icon-male_sign": {
        "body": "<${1:i} className=\"icon-male_sign$2\"></${1:i}>$0",
        "description": "<i>",
        "prefix": "icon-male_sign"
    },
    "icon-joystick": {
        "body": "<${1:i} className=\"icon-joystick$2\"></${1:i}>$0",
        "description": "<i>",
        "prefix": "icon-joystick"
    },
    "icon-high_voltage": {
        "body": "<${1:i} className=\"icon-high_voltage$2\"></${1:i}>$0",
        "description": "<i>",
        "prefix": "icon-high_voltage"
    },
    "icon-fire": {
        "body": "<${1:i} className=\"icon-fire$2\"></${1:i}>$0",
        "description": "<i>",
        "prefix": "icon-fire"
    },
    "icon-newspaper": {
        "body": "<${1:i} className=\"icon-newspaper$2\"></${1:i}>$0",
        "description": "<i>",
        "prefix": "icon-newspaper"
    },
    "icon-chart": {
        "body": "<${1:i} className=\"icon-chart$2\"></${1:i}>$0",
        "description": "<i>",
        "prefix": "icon-chart"
    },
    "icon-spread": {
        "body": "<${1:i} className=\"icon-spread$2\"></${1:i}>$0",
        "description": "<i>",
        "prefix": "icon-spread"
    },
    "icon-spinner_1": {
        "body": "<${1:i} className=\"icon-spinner_1$2\"></${1:i}>$0",
        "description": "<i>",
        "prefix": "icon-spinner_1"
    },
    "icon-spinner_2": {
        "body": "<${1:i} className=\"icon-spinner_2$2\"></${1:i}>$0",
        "description": "<i>",
        "prefix": "icon-spinner_2"
    },
    "icon-chart_alt": {
        "body": "<${1:i} className=\"icon-chart_alt$2\"></${1:i}>$0",
        "description": "<i>",
        "prefix": "icon-chart_alt"
    },
    "icon-label": {
        "body": "<${1:i} className=\"icon-label$2\"></${1:i}>$0",
        "description": "<i>",
        "prefix": "icon-label"
    },
    "icon-brush": {
        "body": "<${1:i} className=\"icon-brush$2\"></${1:i}>$0",
        "description": "<i>",
        "prefix": "icon-brush"
    },
    "icon-refresh": {
        "body": "<${1:i} className=\"icon-refresh$2\"></${1:i}>$0",
        "description": "<i>",
        "prefix": "icon-refresh"
    },
    "icon-node": {
        "body": "<${1:i} className=\"icon-node$2\"></${1:i}>$0",
        "description": "<i>",
        "prefix": "icon-node"
    },
    "icon-node_2": {
        "body": "<${1:i} className=\"icon-node_2$2\"></${1:i}>$0",
        "description": "<i>",
        "prefix": "icon-node_2"
    },
    "icon-node_3": {
        "body": "<${1:i} className=\"icon-node_3$2\"></${1:i}>$0",
        "description": "<i>",
        "prefix": "icon-node_3"
    },
    "icon-link_2_nodes": {
        "body": "<${1:i} className=\"icon-link_2_nodes$2\"></${1:i}>$0",
        "description": "<i>",
        "prefix": "icon-link_2_nodes"
    },
    "icon-link_3_nodes": {
        "body": "<${1:i} className=\"icon-link_3_nodes$2\"></${1:i}>$0",
        "description": "<i>",
        "prefix": "icon-link_3_nodes"
    },
    "icon-link_loop_nodes": {
        "body": "<${1:i} className=\"icon-link_loop_nodes$2\"></${1:i}>$0",
        "description": "<i>",
        "prefix": "icon-link_loop_nodes"
    },
    "icon-node_size": {
        "body": "<${1:i} className=\"icon-node_size$2\"></${1:i}>$0",
        "description": "<i>",
        "prefix": "icon-node_size"
    },
    "icon-node_color": {
        "body": "<${1:i} className=\"icon-node_color$2\"></${1:i}>$0",
        "description": "<i>",
        "prefix": "icon-node_color"
    },
    "icon-layout_directed": {
        "body": "<${1:i} className=\"icon-layout_directed$2\"></${1:i}>$0",
        "description": "<i>",
        "prefix": "icon-layout_directed"
    },
    "icon-layout_radial": {
        "body": "<${1:i} className=\"icon-layout_radial$2\"></${1:i}>$0",
        "description": "<i>",
        "prefix": "icon-layout_radial"
    },
    "icon-layout_hierarchical": {
        "body": "<${1:i} className=\"icon-layout_hierarchical$2\"></${1:i}>$0",
        "description": "<i>",
        "prefix": "icon-layout_hierarchical"
    },
    "icon-node_link_direction": {
        "body": "<${1:i} className=\"icon-node_link_direction$2\"></${1:i}>$0",
        "description": "<i>",
        "prefix": "icon-node_link_direction"
    },
    "icon-node_link_short_path": {
        "body": "<${1:i} className=\"icon-node_link_short_path$2\"></${1:i}>$0",
        "description": "<i>",
        "prefix": "icon-node_link_short_path"
    },
    "icon-node_cluster": {
        "body": "<${1:i} className=\"icon-node_cluster$2\"></${1:i}>$0",
        "description": "<i>",
        "prefix": "icon-node_cluster"
    },
    "icon-display_graph": {
        "body": "<${1:i} className=\"icon-display_graph$2\"></${1:i}>$0",
        "description": "<i>",
        "prefix": "icon-display_graph"
    },
    "icon-node_link_weight": {
        "body": "<${1:i} className=\"icon-node_link_weight$2\"></${1:i}>$0",
        "description": "<i>",
        "prefix": "icon-node_link_weight"
    },
    "icon-more_node_links": {
        "body": "<${1:i} className=\"icon-more_node_links$2\"></${1:i}>$0",
        "description": "<i>",
        "prefix": "icon-more_node_links"
    },
    "icon-node_shape": {
        "body": "<${1:i} className=\"icon-node_shape$2\"></${1:i}>$0",
        "description": "<i>",
        "prefix": "icon-node_shape"
    },
    "icon-node_icon": {
        "body": "<${1:i} className=\"icon-node_icon$2\"></${1:i}>$0",
        "description": "<i>",
        "prefix": "icon-node_icon"
    },
    "icon-node_text": {
        "body": "<${1:i} className=\"icon-node_text$2\"></${1:i}>$0",
        "description": "<i>",
        "prefix": "icon-node_text"
    },
    "icon-node_link_text": {
        "body": "<${1:i} className=\"icon-node_link_text$2\"></${1:i}>$0",
        "description": "<i>",
        "prefix": "icon-node_link_text"
    },
    "icon-node_link_color": {
        "body": "<${1:i} className=\"icon-node_link_color$2\"></${1:i}>$0",
        "description": "<i>",
        "prefix": "icon-node_link_color"
    },
    "icon-node_link_shape": {
        "body": "<${1:i} className=\"icon-node_link_shape$2\"></${1:i}>$0",
        "description": "<i>",
        "prefix": "icon-node_link_shape"
    },
    "icon-credit_card": {
        "body": "<${1:i} className=\"icon-credit_card$2\"></${1:i}>$0",
        "description": "<i>",
        "prefix": "icon-credit_card"
    },
    "icon-disconnect": {
        "body": "<${1:i} className=\"icon-disconnect$2\"></${1:i}>$0",
        "description": "<i>",
        "prefix": "icon-disconnect"
    },
    "icon-graph": {
        "body": "<${1:i} className=\"icon-graph$2\"></${1:i}>$0",
        "description": "<i>",
        "prefix": "icon-graph"
    },
    "icon-new_user": {
        "body": "<${1:i} className=\"icon-new_user$2\"></${1:i}>$0",
        "description": "<i>",
        "prefix": "icon-new_user"
    }
}