{
    "icon-apml": {
        "body": "<${1:i} className=\"icon-apml$2\"></${1:i}>$0",
        "description": "<i>",
        "prefix": "icon-apml"
    },
    "icon-open-share": {
        "body": "<${1:i} className=\"icon-open-share$2\"></${1:i}>$0",
        "description": "<i>",
        "prefix": "icon-open-share"
    },
    "icon-open-share-simple": {
        "body": "<${1:i} className=\"icon-open-share-simple$2\"></${1:i}>$0",
        "description": "<i>",
        "prefix": "icon-open-share-simple"
    },
    "icon-share": {
        "body": "<${1:i} className=\"icon-share$2\"></${1:i}>$0",
        "description": "<i>",
        "prefix": "icon-share"
    },
    "icon-share-simple": {
        "body": "<${1:i} className=\"icon-share-simple$2\"></${1:i}>$0",
        "description": "<i>",
        "prefix": "icon-share-simple"
    },
    "icon-feed": {
        "body": "<${1:i} className=\"icon-feed$2\"></${1:i}>$0",
        "description": "<i>",
        "prefix": "icon-feed"
    },
    "icon-feed-simple": {
        "body": "<${1:i} className=\"icon-feed-simple$2\"></${1:i}>$0",
        "description": "<i>",
        "prefix": "icon-feed-simple"
    },
    "icon-ostatus": {
        "body": "<${1:i} className=\"icon-ostatus$2\"></${1:i}>$0",
        "description": "<i>",
        "prefix": "icon-ostatus"
    },
    "icon-ostatus-simple": {
        "body": "<${1:i} className=\"icon-ostatus-simple$2\"></${1:i}>$0",
        "description": "<i>",
        "prefix": "icon-ostatus-simple"
    },
    "icon-opml": {
        "body": "<${1:i} className=\"icon-opml$2\"></${1:i}>$0",
        "description": "<i>",
        "prefix": "icon-opml"
    },
    "icon-activity": {
        "body": "<${1:i} className=\"icon-activity$2\"></${1:i}>$0",
        "description": "<i>",
        "prefix": "icon-activity"
    },
    "icon-activity-simple": {
        "body": "<${1:i} className=\"icon-activity-simple$2\"></${1:i}>$0",
        "description": "<i>",
        "prefix": "icon-activity-simple"
    },
    "icon-microformats": {
        "body": "<${1:i} className=\"icon-microformats$2\"></${1:i}>$0",
        "description": "<i>",
        "prefix": "icon-microformats"
    },
    "icon-geo": {
        "body": "<${1:i} className=\"icon-geo$2\"></${1:i}>$0",
        "description": "<i>",
        "prefix": "icon-geo"
    },
    "icon-opensearch": {
        "body": "<${1:i} className=\"icon-opensearch$2\"></${1:i}>$0",
        "description": "<i>",
        "prefix": "icon-opensearch"
    },
    "icon-oauth": {
        "body": "<${1:i} className=\"icon-oauth$2\"></${1:i}>$0",
        "description": "<i>",
        "prefix": "icon-oauth"
    },
    "icon-openid": {
        "body": "<${1:i} className=\"icon-openid$2\"></${1:i}>$0",
        "description": "<i>",
        "prefix": "icon-openid"
    },
    "icon-semantic-web": {
        "body": "<${1:i} className=\"icon-semantic-web$2\"></${1:i}>$0",
        "description": "<i>",
        "prefix": "icon-semantic-web"
    },
    "icon-rdf": {
        "body": "<${1:i} className=\"icon-rdf$2\"></${1:i}>$0",
        "description": "<i>",
        "prefix": "icon-rdf"
    },
    "icon-rdfa": {
        "body": "<${1:i} className=\"icon-rdfa$2\"></${1:i}>$0",
        "description": "<i>",
        "prefix": "icon-rdfa"
    },
    "icon-owl": {
        "body": "<${1:i} className=\"icon-owl$2\"></${1:i}>$0",
        "description": "<i>",
        "prefix": "icon-owl"
    },
    "icon-dataportability": {
        "body": "<${1:i} className=\"icon-dataportability$2\"></${1:i}>$0",
        "description": "<i>",
        "prefix": "icon-dataportability"
    },
    "icon-federated": {
        "body": "<${1:i} className=\"icon-federated$2\"></${1:i}>$0",
        "description": "<i>",
        "prefix": "icon-federated"
    },
    "icon-web-intents": {
        "body": "<${1:i} className=\"icon-web-intents$2\"></${1:i}>$0",
        "description": "<i>",
        "prefix": "icon-web-intents"
    },
    "icon-open-web": {
        "body": "<${1:i} className=\"icon-open-web$2\"></${1:i}>$0",
        "description": "<i>",
        "prefix": "icon-open-web"
    },
    "icon-xmpp": {
        "body": "<${1:i} className=\"icon-xmpp$2\"></${1:i}>$0",
        "description": "<i>",
        "prefix": "icon-xmpp"
    },
    "icon-html5": {
        "body": "<${1:i} className=\"icon-html5$2\"></${1:i}>$0",
        "description": "<i>",
        "prefix": "icon-html5"
    },
    "icon-css3": {
        "body": "<${1:i} className=\"icon-css3$2\"></${1:i}>$0",
        "description": "<i>",
        "prefix": "icon-css3"
    },
    "icon-connectivity": {
        "body": "<${1:i} className=\"icon-connectivity$2\"></${1:i}>$0",
        "description": "<i>",
        "prefix": "icon-connectivity"
    },
    "icon-semantics": {
        "body": "<${1:i} className=\"icon-semantics$2\"></${1:i}>$0",
        "description": "<i>",
        "prefix": "icon-semantics"
    },
    "icon-3deffects": {
        "body": "<${1:i} className=\"icon-3deffects$2\"></${1:i}>$0",
        "description": "<i>",
        "prefix": "icon-3deffects"
    },
    "icon-device-access": {
        "body": "<${1:i} className=\"icon-device-access$2\"></${1:i}>$0",
        "description": "<i>",
        "prefix": "icon-device-access"
    },
    "icon-multimedia": {
        "body": "<${1:i} className=\"icon-multimedia$2\"></${1:i}>$0",
        "description": "<i>",
        "prefix": "icon-multimedia"
    },
    "icon-offline-storage": {
        "body": "<${1:i} className=\"icon-offline-storage$2\"></${1:i}>$0",
        "description": "<i>",
        "prefix": "icon-offline-storage"
    },
    "icon-perfintegration": {
        "body": "<${1:i} className=\"icon-perfintegration$2\"></${1:i}>$0",
        "description": "<i>",
        "prefix": "icon-perfintegration"
    },
    "icon-git": {
        "body": "<${1:i} className=\"icon-git$2\"></${1:i}>$0",
        "description": "<i>",
        "prefix": "icon-git"
    },
    "icon-webhooks": {
        "body": "<${1:i} className=\"icon-webhooks$2\"></${1:i}>$0",
        "description": "<i>",
        "prefix": "icon-webhooks"
    },
    "icon-osi": {
        "body": "<${1:i} className=\"icon-osi$2\"></${1:i}>$0",
        "description": "<i>",
        "prefix": "icon-osi"
    },
    "icon-opensource": {
        "body": "<${1:i} className=\"icon-opensource$2\"></${1:i}>$0",
        "description": "<i>",
        "prefix": "icon-opensource"
    },
    "icon-opengraph": {
        "body": "<${1:i} className=\"icon-opengraph$2\"></${1:i}>$0",
        "description": "<i>",
        "prefix": "icon-opengraph"
    },
    "icon-epub": {
        "body": "<${1:i} className=\"icon-epub$2\"></${1:i}>$0",
        "description": "<i>",
        "prefix": "icon-epub"
    },
    "icon-qr": {
        "body": "<${1:i} className=\"icon-qr$2\"></${1:i}>$0",
        "description": "<i>",
        "prefix": "icon-qr"
    },
    "icon-foaf": {
        "body": "<${1:i} className=\"icon-foaf$2\"></${1:i}>$0",
        "description": "<i>",
        "prefix": "icon-foaf"
    },
    "icon-info-card": {
        "body": "<${1:i} className=\"icon-info-card$2\"></${1:i}>$0",
        "description": "<i>",
        "prefix": "icon-info-card"
    },
    "icon-browserid": {
        "body": "<${1:i} className=\"icon-browserid$2\"></${1:i}>$0",
        "description": "<i>",
        "prefix": "icon-browserid"
    },
    "icon-remote-storage": {
        "body": "<${1:i} className=\"icon-remote-storage$2\"></${1:i}>$0",
        "description": "<i>",
        "prefix": "icon-remote-storage"
    },
    "icon-persona": {
        "body": "<${1:i} className=\"icon-persona$2\"></${1:i}>$0",
        "description": "<i>",
        "prefix": "icon-persona"
    },
    "icon-odata": {
        "body": "<${1:i} className=\"icon-odata$2\"></${1:i}>$0",
        "description": "<i>",
        "prefix": "icon-odata"
    },
    "icon-markdown": {
        "body": "<${1:i} className=\"icon-markdown$2\"></${1:i}>$0",
        "description": "<i>",
        "prefix": "icon-markdown"
    },
    "icon-tosdr": {
        "body": "<${1:i} className=\"icon-tosdr$2\"></${1:i}>$0",
        "description": "<i>",
        "prefix": "icon-tosdr"
    },
    "icon-pub": {
        "body": "<${1:i} className=\"icon-pub$2\"></${1:i}>$0",
        "description": "<i>",
        "prefix": "icon-pub"
    },
    "icon-sub": {
        "body": "<${1:i} className=\"icon-sub$2\"></${1:i}>$0",
        "description": "<i>",
        "prefix": "icon-sub"
    },
    "icon-hubbub": {
        "body": "<${1:i} className=\"icon-hubbub$2\"></${1:i}>$0",
        "description": "<i>",
        "prefix": "icon-hubbub"
    },
    "icon-pubsubhubbub": {
        "body": "<${1:i} className=\"icon-pubsubhubbub$2\"></${1:i}>$0",
        "description": "<i>",
        "prefix": "icon-pubsubhubbub"
    },
    "icon-cc": {
        "body": "<${1:i} className=\"icon-cc$2\"></${1:i}>$0",
        "description": "<i>",
        "prefix": "icon-cc"
    },
    "icon-cc-by": {
        "body": "<${1:i} className=\"icon-cc-by$2\"></${1:i}>$0",
        "description": "<i>",
        "prefix": "icon-cc-by"
    },
    "icon-cc-nc": {
        "body": "<${1:i} className=\"icon-cc-nc$2\"></${1:i}>$0",
        "description": "<i>",
        "prefix": "icon-cc-nc"
    },
    "icon-cc-nc-eu": {
        "body": "<${1:i} className=\"icon-cc-nc-eu$2\"></${1:i}>$0",
        "description": "<i>",
        "prefix": "icon-cc-nc-eu"
    },
    "icon-cc-nc-jp": {
        "body": "<${1:i} className=\"icon-cc-nc-jp$2\"></${1:i}>$0",
        "description": "<i>",
        "prefix": "icon-cc-nc-jp"
    },
    "icon-cc-sa": {
        "body": "<${1:i} className=\"icon-cc-sa$2\"></${1:i}>$0",
        "description": "<i>",
        "prefix": "icon-cc-sa"
    },
    "icon-cc-nd": {
        "body": "<${1:i} className=\"icon-cc-nd$2\"></${1:i}>$0",
        "description": "<i>",
        "prefix": "icon-cc-nd"
    },
    "icon-cc-public": {
        "body": "<${1:i} className=\"icon-cc-public$2\"></${1:i}>$0",
        "description": "<i>",
        "prefix": "icon-cc-public"
    },
    "icon-cc-zero": {
        "body": "<${1:i} className=\"icon-cc-zero$2\"></${1:i}>$0",
        "description": "<i>",
        "prefix": "icon-cc-zero"
    },
    "icon-cc-share": {
        "body": "<${1:i} className=\"icon-cc-share$2\"></${1:i}>$0",
        "description": "<i>",
        "prefix": "icon-cc-share"
    },
    "icon-cc-remix": {
        "body": "<${1:i} className=\"icon-cc-remix$2\"></${1:i}>$0",
        "description": "<i>",
        "prefix": "icon-cc-remix"
    },
    "icon-hatom": {
        "body": "<${1:i} className=\"icon-hatom$2\"></${1:i}>$0",
        "description": "<i>",
        "prefix": "icon-hatom"
    },
    "icon-hresume": {
        "body": "<${1:i} className=\"icon-hresume$2\"></${1:i}>$0",
        "description": "<i>",
        "prefix": "icon-hresume"
    },
    "icon-hcard-add": {
        "body": "<${1:i} className=\"icon-hcard-add$2\"></${1:i}>$0",
        "description": "<i>",
        "prefix": "icon-hcard-add"
    },
    "icon-hcard-download": {
        "body": "<${1:i} className=\"icon-hcard-download$2\"></${1:i}>$0",
        "description": "<i>",
        "prefix": "icon-hcard-download"
    },
    "icon-indieweb": {
        "body": "<${1:i} className=\"icon-indieweb$2\"></${1:i}>$0",
        "description": "<i>",
        "prefix": "icon-indieweb"
    },
    "icon-indiewebcamp": {
        "body": "<${1:i} className=\"icon-indiewebcamp$2\"></${1:i}>$0",
        "description": "<i>",
        "prefix": "icon-indiewebcamp"
    },
    "icon-webfinger": {
        "body": "<${1:i} className=\"icon-webfinger$2\"></${1:i}>$0",
        "description": "<i>",
        "prefix": "icon-webfinger"
    },
    "icon-bitcoin": {
        "body": "<${1:i} className=\"icon-bitcoin$2\"></${1:i}>$0",
        "description": "<i>",
        "prefix": "icon-bitcoin"
    },
    "icon-bitcoin-simple": {
        "body": "<${1:i} className=\"icon-bitcoin-simple$2\"></${1:i}>$0",
        "description": "<i>",
        "prefix": "icon-bitcoin-simple"
    },
    "icon-svg": {
        "body": "<${1:i} className=\"icon-svg$2\"></${1:i}>$0",
        "description": "<i>",
        "prefix": "icon-svg"
    },
    "icon-json-ld": {
        "body": "<${1:i} className=\"icon-json-ld$2\"></${1:i}>$0",
        "description": "<i>",
        "prefix": "icon-json-ld"
    },
    "icon-tent": {
        "body": "<${1:i} className=\"icon-tent$2\"></${1:i}>$0",
        "description": "<i>",
        "prefix": "icon-tent"
    },
    "icon-copyleft": {
        "body": "<${1:i} className=\"icon-copyleft$2\"></${1:i}>$0",
        "description": "<i>",
        "prefix": "icon-copyleft"
    },
    "icon-gnu": {
        "body": "<${1:i} className=\"icon-gnu$2\"></${1:i}>$0",
        "description": "<i>",
        "prefix": "icon-gnu"
    },
    "icon-ofl-attribution": {
        "body": "<${1:i} className=\"icon-ofl-attribution$2\"></${1:i}>$0",
        "description": "<i>",
        "prefix": "icon-ofl-attribution"
    },
    "icon-ofl-share": {
        "body": "<${1:i} className=\"icon-ofl-share$2\"></${1:i}>$0",
        "description": "<i>",
        "prefix": "icon-ofl-share"
    },
    "icon-ofl-renaming": {
        "body": "<${1:i} className=\"icon-ofl-renaming$2\"></${1:i}>$0",
        "description": "<i>",
        "prefix": "icon-ofl-renaming"
    },
    "icon-ofl-selling": {
        "body": "<${1:i} className=\"icon-ofl-selling$2\"></${1:i}>$0",
        "description": "<i>",
        "prefix": "icon-ofl-selling"
    },
    "icon-ofl-embedding": {
        "body": "<${1:i} className=\"icon-ofl-embedding$2\"></${1:i}>$0",
        "description": "<i>",
        "prefix": "icon-ofl-embedding"
    },
    "icon-webmention": {
        "body": "<${1:i} className=\"icon-webmention$2\"></${1:i}>$0",
        "description": "<i>",
        "prefix": "icon-webmention"
    },
    "icon-javascript": {
        "body": "<${1:i} className=\"icon-javascript$2\"></${1:i}>$0",
        "description": "<i>",
        "prefix": "icon-javascript"
    },
    "icon-wtfpl": {
        "body": "<${1:i} className=\"icon-wtfpl$2\"></${1:i}>$0",
        "description": "<i>",
        "prefix": "icon-wtfpl"
    },
    "icon-ofl": {
        "body": "<${1:i} className=\"icon-ofl$2\"></${1:i}>$0",
        "description": "<i>",
        "prefix": "icon-ofl"
    },
    "icon-wordpress": {
        "body": "<${1:i} className=\"icon-wordpress$2\"></${1:i}>$0",
        "description": "<i>",
        "prefix": "icon-wordpress"
    },
    "icon-owncloud": {
        "body": "<${1:i} className=\"icon-owncloud$2\"></${1:i}>$0",
        "description": "<i>",
        "prefix": "icon-owncloud"
    },
    "icon-cccs": {
        "body": "<${1:i} className=\"icon-cccs$2\"></${1:i}>$0",
        "description": "<i>",
        "prefix": "icon-cccs"
    },
    "icon-barcamp": {
        "body": "<${1:i} className=\"icon-barcamp$2\"></${1:i}>$0",
        "description": "<i>",
        "prefix": "icon-barcamp"
    },
    "icon-indiehosters": {
        "body": "<${1:i} className=\"icon-indiehosters$2\"></${1:i}>$0",
        "description": "<i>",
        "prefix": "icon-indiehosters"
    },
    "icon-known": {
        "body": "<${1:i} className=\"icon-known$2\"></${1:i}>$0",
        "description": "<i>",
        "prefix": "icon-known"
    },
    "icon-mozilla": {
        "body": "<${1:i} className=\"icon-mozilla$2\"></${1:i}>$0",
        "description": "<i>",
        "prefix": "icon-mozilla"
    },
    "icon-unhosted": {
        "body": "<${1:i} className=\"icon-unhosted$2\"></${1:i}>$0",
        "description": "<i>",
        "prefix": "icon-unhosted"
    },
    "icon-diaspora": {
        "body": "<${1:i} className=\"icon-diaspora$2\"></${1:i}>$0",
        "description": "<i>",
        "prefix": "icon-diaspora"
    },
    "icon-indie": {
        "body": "<${1:i} className=\"icon-indie$2\"></${1:i}>$0",
        "description": "<i>",
        "prefix": "icon-indie"
    },
    "icon-ghost": {
        "body": "<${1:i} className=\"icon-ghost$2\"></${1:i}>$0",
        "description": "<i>",
        "prefix": "icon-ghost"
    },
    "icon-webplattform": {
        "body": "<${1:i} className=\"icon-webplattform$2\"></${1:i}>$0",
        "description": "<i>",
        "prefix": "icon-webplattform"
    },
    "icon-opensourcedesign": {
        "body": "<${1:i} className=\"icon-opensourcedesign$2\"></${1:i}>$0",
        "description": "<i>",
        "prefix": "icon-opensourcedesign"
    },
    "icon-opendesign": {
        "body": "<${1:i} className=\"icon-opendesign$2\"></${1:i}>$0",
        "description": "<i>",
        "prefix": "icon-opendesign"
    },
    "icon-gnusocial": {
        "body": "<${1:i} className=\"icon-gnusocial$2\"></${1:i}>$0",
        "description": "<i>",
        "prefix": "icon-gnusocial"
    },
    "icon-gnusocial-simple": {
        "body": "<${1:i} className=\"icon-gnusocial-simple$2\"></${1:i}>$0",
        "description": "<i>",
        "prefix": "icon-gnusocial-simple"
    },
    "icon-mastodon": {
        "body": "<${1:i} className=\"icon-mastodon$2\"></${1:i}>$0",
        "description": "<i>",
        "prefix": "icon-mastodon"
    },
    "icon-jsonfeed": {
        "body": "<${1:i} className=\"icon-jsonfeed$2\"></${1:i}>$0",
        "description": "<i>",
        "prefix": "icon-jsonfeed"
    },
    "icon-pump-io": {
        "body": "<${1:i} className=\"icon-pump-io$2\"></${1:i}>$0",
        "description": "<i>",
        "prefix": "icon-pump-io"
    },
    "icon-friendica": {
        "body": "<${1:i} className=\"icon-friendica$2\"></${1:i}>$0",
        "description": "<i>",
        "prefix": "icon-friendica"
    },
    "icon-hubzilla": {
        "body": "<${1:i} className=\"icon-hubzilla$2\"></${1:i}>$0",
        "description": "<i>",
        "prefix": "icon-hubzilla"
    },
    "icon-fediverse": {
        "body": "<${1:i} className=\"icon-fediverse$2\"></${1:i}>$0",
        "description": "<i>",
        "prefix": "icon-fediverse"
    },
    "icon-mastodon-simple": {
        "body": "<${1:i} className=\"icon-mastodon-simple$2\"></${1:i}>$0",
        "description": "<i>",
        "prefix": "icon-mastodon-simple"
    },
    "icon-activitypub": {
        "body": "<${1:i} className=\"icon-activitypub$2\"></${1:i}>$0",
        "description": "<i>",
        "prefix": "icon-activitypub"
    },
    "icon-wapuu": {
        "body": "<${1:i} className=\"icon-wapuu$2\"></${1:i}>$0",
        "description": "<i>",
        "prefix": "icon-wapuu"
    },
    "icon-micro-blog": {
        "body": "<${1:i} className=\"icon-micro-blog$2\"></${1:i}>$0",
        "description": "<i>",
        "prefix": "icon-micro-blog"
    },
    "icon-indieauth": {
        "body": "<${1:i} className=\"icon-indieauth$2\"></${1:i}>$0",
        "description": "<i>",
        "prefix": "icon-indieauth"
    },
    "icon-apml-colored": {
        "body": "<${1:i} className=\"icon-apml-colored$2\"></${1:i}>$0",
        "description": "<i>",
        "prefix": "icon-apml-colored"
    },
    "icon-open-share-colored": {
        "body": "<${1:i} className=\"icon-open-share-colored$2\"></${1:i}>$0",
        "description": "<i>",
        "prefix": "icon-open-share-colored"
    },
    "icon-share-colored": {
        "body": "<${1:i} className=\"icon-share-colored$2\"></${1:i}>$0",
        "description": "<i>",
        "prefix": "icon-share-colored"
    },
    "icon-feed-colored": {
        "body": "<${1:i} className=\"icon-feed-colored$2\"></${1:i}>$0",
        "description": "<i>",
        "prefix": "icon-feed-colored"
    },
    "icon-ostatus-colored": {
        "body": "<${1:i} className=\"icon-ostatus-colored$2\"></${1:i}>$0",
        "description": "<i>",
        "prefix": "icon-ostatus-colored"
    },
    "icon-opml-colored": {
        "body": "<${1:i} className=\"icon-opml-colored$2\"></${1:i}>$0",
        "description": "<i>",
        "prefix": "icon-opml-colored"
    },
    "icon-activity-colored": {
        "body": "<${1:i} className=\"icon-activity-colored$2\"></${1:i}>$0",
        "description": "<i>",
        "prefix": "icon-activity-colored"
    },
    "icon-microformats-colored": {
        "body": "<${1:i} className=\"icon-microformats-colored$2\"></${1:i}>$0",
        "description": "<i>",
        "prefix": "icon-microformats-colored"
    },
    "icon-geo-colored": {
        "body": "<${1:i} className=\"icon-geo-colored$2\"></${1:i}>$0",
        "description": "<i>",
        "prefix": "icon-geo-colored"
    },
    "icon-opensearch-colored": {
        "body": "<${1:i} className=\"icon-opensearch-colored$2\"></${1:i}>$0",
        "description": "<i>",
        "prefix": "icon-opensearch-colored"
    },
    "icon-html5-colored": {
        "body": "<${1:i} className=\"icon-html5-colored$2\"></${1:i}>$0",
        "description": "<i>",
        "prefix": "icon-html5-colored"
    },
    "icon-git-colored": {
        "body": "<${1:i} className=\"icon-git-colored$2\"></${1:i}>$0",
        "description": "<i>",
        "prefix": "icon-git-colored"
    },
    "icon-osi-colored": {
        "body": "<${1:i} className=\"icon-osi-colored$2\"></${1:i}>$0",
        "description": "<i>",
        "prefix": "icon-osi-colored"
    },
    "icon-opensource-colored": {
        "body": "<${1:i} className=\"icon-opensource-colored$2\"></${1:i}>$0",
        "description": "<i>",
        "prefix": "icon-opensource-colored"
    },
    "icon-epub-colored": {
        "body": "<${1:i} className=\"icon-epub-colored$2\"></${1:i}>$0",
        "description": "<i>",
        "prefix": "icon-epub-colored"
    },
    "icon-info-card-colored": {
        "body": "<${1:i} className=\"icon-info-card-colored$2\"></${1:i}>$0",
        "description": "<i>",
        "prefix": "icon-info-card-colored"
    },
    "icon-remote-storage-colored": {
        "body": "<${1:i} className=\"icon-remote-storage-colored$2\"></${1:i}>$0",
        "description": "<i>",
        "prefix": "icon-remote-storage-colored"
    },
    "icon-odata-colored": {
        "body": "<${1:i} className=\"icon-odata-colored$2\"></${1:i}>$0",
        "description": "<i>",
        "prefix": "icon-odata-colored"
    },
    "icon-pub-colored": {
        "body": "<${1:i} className=\"icon-pub-colored$2\"></${1:i}>$0",
        "description": "<i>",
        "prefix": "icon-pub-colored"
    },
    "icon-sub-colored": {
        "body": "<${1:i} className=\"icon-sub-colored$2\"></${1:i}>$0",
        "description": "<i>",
        "prefix": "icon-sub-colored"
    },
    "icon-hubbub-colored": {
        "body": "<${1:i} className=\"icon-hubbub-colored$2\"></${1:i}>$0",
        "description": "<i>",
        "prefix": "icon-hubbub-colored"
    },
    "icon-javascript-colored": {
        "body": "<${1:i} className=\"icon-javascript-colored$2\"></${1:i}>$0",
        "description": "<i>",
        "prefix": "icon-javascript-colored"
    },
    "icon-gnusocial-colored": {
        "body": "<${1:i} className=\"icon-gnusocial-colored$2\"></${1:i}>$0",
        "description": "<i>",
        "prefix": "icon-gnusocial-colored"
    },
    "icon-mastodon-colored": {
        "body": "<${1:i} className=\"icon-mastodon-colored$2\"></${1:i}>$0",
        "description": "<i>",
        "prefix": "icon-mastodon-colored"
    },
    "icon-mastodon-simple-colored": {
        "body": "<${1:i} className=\"icon-mastodon-simple-colored$2\"></${1:i}>$0",
        "description": "<i>",
        "prefix": "icon-mastodon-simple-colored"
    }
}