{
    "pf-amazon": {
        "body": "<${1:span} className=\"pf pf-amazon\"></${1:span}>$0",
        "description": "<span>",
        "prefix": "pf-amazon"
    },
    "pf-american-express": {
        "body": "<${1:span} className=\"pf pf-american-express\"></${1:span}>$0",
        "description": "<span>",
        "prefix": "pf-american-express"
    },
    "pf-american-express-alt": {
        "body": "<${1:span} className=\"pf pf-american-express-alt\"></${1:span}>$0",
        "description": "<span>",
        "prefix": "pf-american-express-alt"
    },
    "pf-atm": {
        "body": "<${1:span} className=\"pf pf-atm\"></${1:span}>$0",
        "description": "<span>",
        "prefix": "pf-atm"
    },
    "pf-bankomat": {
        "body": "<${1:span} className=\"pf pf-bankomat\"></${1:span}>$0",
        "description": "<span>",
        "prefix": "pf-bankomat"
    },
    "pf-bank-transfer": {
        "body": "<${1:span} className=\"pf pf-bank-transfer\"></${1:span}>$0",
        "description": "<span>",
        "prefix": "pf-bank-transfer"
    },
    "pf-bitcoin": {
        "body": "<${1:span} className=\"pf pf-bitcoin\"></${1:span}>$0",
        "description": "<span>",
        "prefix": "pf-bitcoin"
    },
    "pf-bitcoin-sign": {
        "body": "<${1:span} className=\"pf pf-bitcoin-sign\"></${1:span}>$0",
        "description": "<span>",
        "prefix": "pf-bitcoin-sign"
    },
    "pf-braintree": {
        "body": "<${1:span} className=\"pf pf-braintree\"></${1:span}>$0",
        "description": "<span>",
        "prefix": "pf-braintree"
    },
    "pf-btc": {
        "body": "<${1:span} className=\"pf pf-btc\"></${1:span}>$0",
        "description": "<span>",
        "prefix": "pf-btc"
    },
    "pf-card": {
        "body": "<${1:span} className=\"pf pf-card\"></${1:span}>$0",
        "description": "<span>",
        "prefix": "pf-card"
    },
    "pf-carta-si": {
        "body": "<${1:span} className=\"pf pf-carta-si\"></${1:span}>$0",
        "description": "<span>",
        "prefix": "pf-carta-si"
    },
    "pf-cash": {
        "body": "<${1:span} className=\"pf pf-cash\"></${1:span}>$0",
        "description": "<span>",
        "prefix": "pf-cash"
    },
    "pf-cash-on-delivery": {
        "body": "<${1:span} className=\"pf pf-cash-on-delivery\"></${1:span}>$0",
        "description": "<span>",
        "prefix": "pf-cash-on-delivery"
    },
    "pf-cb": {
        "body": "<${1:span} className=\"pf pf-cb\"></${1:span}>$0",
        "description": "<span>",
        "prefix": "pf-cb"
    },
    "pf-cirrus": {
        "body": "<${1:span} className=\"pf pf-cirrus\"></${1:span}>$0",
        "description": "<span>",
        "prefix": "pf-cirrus"
    },
    "pf-cirrus-alt": {
        "body": "<${1:span} className=\"pf pf-cirrus-alt\"></${1:span}>$0",
        "description": "<span>",
        "prefix": "pf-cirrus-alt"
    },
    "pf-clickandbuy": {
        "body": "<${1:span} className=\"pf pf-clickandbuy\"></${1:span}>$0",
        "description": "<span>",
        "prefix": "pf-clickandbuy"
    },
    "pf-credit-card": {
        "body": "<${1:span} className=\"pf pf-credit-card\"></${1:span}>$0",
        "description": "<span>",
        "prefix": "pf-credit-card"
    },
    "pf-diners": {
        "body": "<${1:span} className=\"pf pf-diners\"></${1:span}>$0",
        "description": "<span>",
        "prefix": "pf-diners"
    },
    "pf-discover": {
        "body": "<${1:span} className=\"pf pf-discover\"></${1:span}>$0",
        "description": "<span>",
        "prefix": "pf-discover"
    },
    "pf-ec": {
        "body": "<${1:span} className=\"pf pf-ec\"></${1:span}>$0",
        "description": "<span>",
        "prefix": "pf-ec"
    },
    "pf-eps": {
        "body": "<${1:span} className=\"pf pf-eps\"></${1:span}>$0",
        "description": "<span>",
        "prefix": "pf-eps"
    },
    "pf-eur": {
        "body": "<${1:span} className=\"pf pf-eur\"></${1:span}>$0",
        "description": "<span>",
        "prefix": "pf-eur"
    },
    "pf-facture": {
        "body": "<${1:span} className=\"pf pf-facture\"></${1:span}>$0",
        "description": "<span>",
        "prefix": "pf-facture"
    },
    "pf-fattura": {
        "body": "<${1:span} className=\"pf pf-fattura\"></${1:span}>$0",
        "description": "<span>",
        "prefix": "pf-fattura"
    },
    "pf-flattr": {
        "body": "<${1:span} className=\"pf pf-flattr\"></${1:span}>$0",
        "description": "<span>",
        "prefix": "pf-flattr"
    },
    "pf-giropay": {
        "body": "<${1:span} className=\"pf pf-giropay\"></${1:span}>$0",
        "description": "<span>",
        "prefix": "pf-giropay"
    },
    "pf-google-wallet": {
        "body": "<${1:span} className=\"pf pf-google-wallet\"></${1:span}>$0",
        "description": "<span>",
        "prefix": "pf-google-wallet"
    },
    "pf-google-wallet-alt": {
        "body": "<${1:span} className=\"pf pf-google-wallet-alt\"></${1:span}>$0",
        "description": "<span>",
        "prefix": "pf-google-wallet-alt"
    },
    "pf-gpb": {
        "body": "<${1:span} className=\"pf pf-gpb\"></${1:span}>$0",
        "description": "<span>",
        "prefix": "pf-gpb"
    },
    "pf-gratipay": {
        "body": "<${1:span} className=\"pf pf-gratipay\"></${1:span}>$0",
        "description": "<span>",
        "prefix": "pf-gratipay"
    },
    "pf-ideal": {
        "body": "<${1:span} className=\"pf pf-ideal\"></${1:span}>$0",
        "description": "<span>",
        "prefix": "pf-ideal"
    },
    "pf-ils": {
        "body": "<${1:span} className=\"pf pf-ils\"></${1:span}>$0",
        "description": "<span>",
        "prefix": "pf-ils"
    },
    "pf-inr": {
        "body": "<${1:span} className=\"pf pf-inr\"></${1:span}>$0",
        "description": "<span>",
        "prefix": "pf-inr"
    },
    "pf-invoice": {
        "body": "<${1:span} className=\"pf pf-invoice\"></${1:span}>$0",
        "description": "<span>",
        "prefix": "pf-invoice"
    },
    "pf-invoice-sign": {
        "body": "<${1:span} className=\"pf pf-invoice-sign\"></${1:span}>$0",
        "description": "<span>",
        "prefix": "pf-invoice-sign"
    },
    "pf-invoice-sign-alt": {
        "body": "<${1:span} className=\"pf pf-invoice-sign-alt\"></${1:span}>$0",
        "description": "<span>",
        "prefix": "pf-invoice-sign-alt"
    },
    "pf-invoice-sign-alt-o": {
        "body": "<${1:span} className=\"pf pf-invoice-sign-alt-o\"></${1:span}>$0",
        "description": "<span>",
        "prefix": "pf-invoice-sign-alt-o"
    },
    "pf-invoice-sign-o": {
        "body": "<${1:span} className=\"pf pf-invoice-sign-o\"></${1:span}>$0",
        "description": "<span>",
        "prefix": "pf-invoice-sign-o"
    },
    "pf-jcb": {
        "body": "<${1:span} className=\"pf pf-jcb\"></${1:span}>$0",
        "description": "<span>",
        "prefix": "pf-jcb"
    },
    "pf-jpy": {
        "body": "<${1:span} className=\"pf pf-jpy\"></${1:span}>$0",
        "description": "<span>",
        "prefix": "pf-jpy"
    },
    "pf-krw": {
        "body": "<${1:span} className=\"pf pf-krw\"></${1:span}>$0",
        "description": "<span>",
        "prefix": "pf-krw"
    },
    "pf-maestro": {
        "body": "<${1:span} className=\"pf pf-maestro\"></${1:span}>$0",
        "description": "<span>",
        "prefix": "pf-maestro"
    },
    "pf-maestro-alt": {
        "body": "<${1:span} className=\"pf pf-maestro-alt\"></${1:span}>$0",
        "description": "<span>",
        "prefix": "pf-maestro-alt"
    },
    "pf-mastercard": {
        "body": "<${1:span} className=\"pf pf-mastercard\"></${1:span}>$0",
        "description": "<span>",
        "prefix": "pf-mastercard"
    },
    "pf-mastercard-alt": {
        "body": "<${1:span} className=\"pf pf-mastercard-alt\"></${1:span}>$0",
        "description": "<span>",
        "prefix": "pf-mastercard-alt"
    },
    "pf-mastercard-securecode": {
        "body": "<${1:span} className=\"pf pf-mastercard-securecode\"></${1:span}>$0",
        "description": "<span>",
        "prefix": "pf-mastercard-securecode"
    },
    "pf-ogone": {
        "body": "<${1:span} className=\"pf pf-ogone\"></${1:span}>$0",
        "description": "<span>",
        "prefix": "pf-ogone"
    },
    "pf-paybox": {
        "body": "<${1:span} className=\"pf pf-paybox\"></${1:span}>$0",
        "description": "<span>",
        "prefix": "pf-paybox"
    },
    "pf-paylife": {
        "body": "<${1:span} className=\"pf pf-paylife\"></${1:span}>$0",
        "description": "<span>",
        "prefix": "pf-paylife"
    },
    "pf-paypal": {
        "body": "<${1:span} className=\"pf pf-paypal\"></${1:span}>$0",
        "description": "<span>",
        "prefix": "pf-paypal"
    },
    "pf-paypal-alt": {
        "body": "<${1:span} className=\"pf pf-paypal-alt\"></${1:span}>$0",
        "description": "<span>",
        "prefix": "pf-paypal-alt"
    },
    "pf-paysafecard": {
        "body": "<${1:span} className=\"pf pf-paysafecard\"></${1:span}>$0",
        "description": "<span>",
        "prefix": "pf-paysafecard"
    },
    "pf-postepay": {
        "body": "<${1:span} className=\"pf pf-postepay\"></${1:span}>$0",
        "description": "<span>",
        "prefix": "pf-postepay"
    },
    "pf-quick": {
        "body": "<${1:span} className=\"pf pf-quick\"></${1:span}>$0",
        "description": "<span>",
        "prefix": "pf-quick"
    },
    "pf-rechnung": {
        "body": "<${1:span} className=\"pf pf-rechnung\"></${1:span}>$0",
        "description": "<span>",
        "prefix": "pf-rechnung"
    },
    "pf-ripple": {
        "body": "<${1:span} className=\"pf pf-ripple\"></${1:span}>$0",
        "description": "<span>",
        "prefix": "pf-ripple"
    },
    "pf-rub": {
        "body": "<${1:span} className=\"pf pf-rub\"></${1:span}>$0",
        "description": "<span>",
        "prefix": "pf-rub"
    },
    "pf-skrill": {
        "body": "<${1:span} className=\"pf pf-skrill\"></${1:span}>$0",
        "description": "<span>",
        "prefix": "pf-skrill"
    },
    "pf-sofort": {
        "body": "<${1:span} className=\"pf pf-sofort\"></${1:span}>$0",
        "description": "<span>",
        "prefix": "pf-sofort"
    },
    "pf-square": {
        "body": "<${1:span} className=\"pf pf-square\"></${1:span}>$0",
        "description": "<span>",
        "prefix": "pf-square"
    },
    "pf-stripe": {
        "body": "<${1:span} className=\"pf pf-stripe\"></${1:span}>$0",
        "description": "<span>",
        "prefix": "pf-stripe"
    },
    "pf-truste": {
        "body": "<${1:span} className=\"pf pf-truste\"></${1:span}>$0",
        "description": "<span>",
        "prefix": "pf-truste"
    },
    "pf-try": {
        "body": "<${1:span} className=\"pf pf-try\"></${1:span}>$0",
        "description": "<span>",
        "prefix": "pf-try"
    },
    "pf-unionpay": {
        "body": "<${1:span} className=\"pf pf-unionpay\"></${1:span}>$0",
        "description": "<span>",
        "prefix": "pf-unionpay"
    },
    "pf-usd": {
        "body": "<${1:span} className=\"pf pf-usd\"></${1:span}>$0",
        "description": "<span>",
        "prefix": "pf-usd"
    },
    "pf-verified-by-visa": {
        "body": "<${1:span} className=\"pf pf-verified-by-visa\"></${1:span}>$0",
        "description": "<span>",
        "prefix": "pf-verified-by-visa"
    },
    "pf-verisign": {
        "body": "<${1:span} className=\"pf pf-verisign\"></${1:span}>$0",
        "description": "<span>",
        "prefix": "pf-verisign"
    },
    "pf-visa": {
        "body": "<${1:span} className=\"pf pf-visa\"></${1:span}>$0",
        "description": "<span>",
        "prefix": "pf-visa"
    },
    "pf-visa-electron": {
        "body": "<${1:span} className=\"pf pf-visa-electron\"></${1:span}>$0",
        "description": "<span>",
        "prefix": "pf-visa-electron"
    },
    "pf-western-union": {
        "body": "<${1:span} className=\"pf pf-western-union\"></${1:span}>$0",
        "description": "<span>",
        "prefix": "pf-western-union"
    },
    "pf-western-union-alt": {
        "body": "<${1:span} className=\"pf pf-western-union-alt\"></${1:span}>$0",
        "description": "<span>",
        "prefix": "pf-western-union-alt"
    },
    "pf-wirecard": {
        "body": "<${1:span} className=\"pf pf-wirecard\"></${1:span}>$0",
        "description": "<span>",
        "prefix": "pf-wirecard"
    },
    "pf-sepa": {
        "body": "<${1:span} className=\"pf pf-sepa\"></${1:span}>$0",
        "description": "<span>",
        "prefix": "pf-sepa"
    },
    "pf-sepa-alt": {
        "body": "<${1:span} className=\"pf pf-sepa-alt\"></${1:span}>$0",
        "description": "<span>",
        "prefix": "pf-sepa-alt"
    },
    "pf-apple-pay": {
        "body": "<${1:span} className=\"pf pf-apple-pay\"></${1:span}>$0",
        "description": "<span>",
        "prefix": "pf-apple-pay"
    },
    "pf-interac": {
        "body": "<${1:span} className=\"pf pf-interac\"></${1:span}>$0",
        "description": "<span>",
        "prefix": "pf-interac"
    },
    "pf-paymill": {
        "body": "<${1:span} className=\"pf pf-paymill\"></${1:span}>$0",
        "description": "<span>",
        "prefix": "pf-paymill"
    },
    "pf-dankort": {
        "body": "<${1:span} className=\"pf pf-dankort\"></${1:span}>$0",
        "description": "<span>",
        "prefix": "pf-dankort"
    },
    "pf-bancontact-mister-cash": {
        "body": "<${1:span} className=\"pf pf-bancontact-mister-cash\"></${1:span}>$0",
        "description": "<span>",
        "prefix": "pf-bancontact-mister-cash"
    },
    "pf-moip": {
        "body": "<${1:span} className=\"pf pf-moip\"></${1:span}>$0",
        "description": "<span>",
        "prefix": "pf-moip"
    },
    "pf-pagseguro": {
        "body": "<${1:span} className=\"pf pf-pagseguro\"></${1:span}>$0",
        "description": "<span>",
        "prefix": "pf-pagseguro"
    },
    "pf-cash-on-pickup": {
        "body": "<${1:span} className=\"pf pf-cash-on-pickup\"></${1:span}>$0",
        "description": "<span>",
        "prefix": "pf-cash-on-pickup"
    },
    "pf-sage": {
        "body": "<${1:span} className=\"pf pf-sage\"></${1:span}>$0",
        "description": "<span>",
        "prefix": "pf-sage"
    },
    "pf-elo": {
        "body": "<${1:span} className=\"pf pf-elo\"></${1:span}>$0",
        "description": "<span>",
        "prefix": "pf-elo"
    },
    "pf-elo-alt": {
        "body": "<${1:span} className=\"pf pf-elo-alt\"></${1:span}>$0",
        "description": "<span>",
        "prefix": "pf-elo-alt"
    },
    "pf-payu": {
        "body": "<${1:span} className=\"pf pf-payu\"></${1:span}>$0",
        "description": "<span>",
        "prefix": "pf-payu"
    },
    "pf-mercado-pago": {
        "body": "<${1:span} className=\"pf pf-mercado-pago\"></${1:span}>$0",
        "description": "<span>",
        "prefix": "pf-mercado-pago"
    },
    "pf-mercado-pago-sign": {
        "body": "<${1:span} className=\"pf pf-mercado-pago-sign\"></${1:span}>$0",
        "description": "<span>",
        "prefix": "pf-mercado-pago-sign"
    },
    "pf-payshop": {
        "body": "<${1:span} className=\"pf pf-payshop\"></${1:span}>$0",
        "description": "<span>",
        "prefix": "pf-payshop"
    },
    "pf-multibanco": {
        "body": "<${1:span} className=\"pf pf-multibanco\"></${1:span}>$0",
        "description": "<span>",
        "prefix": "pf-multibanco"
    },
    "pf-gratipay-sign": {
        "body": "<${1:span} className=\"pf pf-gratipay-sign\"></${1:span}>$0",
        "description": "<span>",
        "prefix": "pf-gratipay-sign"
    },
    "pf-six": {
        "body": "<${1:span} className=\"pf pf-six\"></${1:span}>$0",
        "description": "<span>",
        "prefix": "pf-six"
    },
    "pf-cashcloud": {
        "body": "<${1:span} className=\"pf pf-cashcloud\"></${1:span}>$0",
        "description": "<span>",
        "prefix": "pf-cashcloud"
    },
    "pf-interac-alt": {
        "body": "<${1:span} className=\"pf pf-interac-alt\"></${1:span}>$0",
        "description": "<span>",
        "prefix": "pf-interac-alt"
    },
    "pf-klarna": {
        "body": "<${1:span} className=\"pf pf-klarna\"></${1:span}>$0",
        "description": "<span>",
        "prefix": "pf-klarna"
    },
    "pf-bitpay": {
        "body": "<${1:span} className=\"pf pf-bitpay\"></${1:span}>$0",
        "description": "<span>",
        "prefix": "pf-bitpay"
    },
    "pf-venmo": {
        "body": "<${1:span} className=\"pf pf-venmo\"></${1:span}>$0",
        "description": "<span>",
        "prefix": "pf-venmo"
    },
    "pf-visa-debit": {
        "body": "<${1:span} className=\"pf pf-visa-debit\"></${1:span}>$0",
        "description": "<span>",
        "prefix": "pf-visa-debit"
    },
    "pf-alipay": {
        "body": "<${1:span} className=\"pf pf-alipay\"></${1:span}>$0",
        "description": "<span>",
        "prefix": "pf-alipay"
    },
    "pf-diners-alt": {
        "body": "<${1:span} className=\"pf pf-diners-alt\"></${1:span}>$0",
        "description": "<span>",
        "prefix": "pf-diners-alt"
    },
    "pf-hipercard": {
        "body": "<${1:span} className=\"pf pf-hipercard\"></${1:span}>$0",
        "description": "<span>",
        "prefix": "pf-hipercard"
    },
    "pf-skrill-alt": {
        "body": "<${1:span} className=\"pf pf-skrill-alt\"></${1:span}>$0",
        "description": "<span>",
        "prefix": "pf-skrill-alt"
    },
    "pf-shopify": {
        "body": "<${1:span} className=\"pf pf-shopify\"></${1:span}>$0",
        "description": "<span>",
        "prefix": "pf-shopify"
    },
    "pf-direct-debit": {
        "body": "<${1:span} className=\"pf pf-direct-debit\"></${1:span}>$0",
        "description": "<span>",
        "prefix": "pf-direct-debit"
    },
    "pf-sodexo": {
        "body": "<${1:span} className=\"pf pf-sodexo\"></${1:span}>$0",
        "description": "<span>",
        "prefix": "pf-sodexo"
    },
    "pf-bpay": {
        "body": "<${1:span} className=\"pf pf-bpay\"></${1:span}>$0",
        "description": "<span>",
        "prefix": "pf-bpay"
    },
    "pf-contactless": {
        "body": "<${1:span} className=\"pf pf-contactless\"></${1:span}>$0",
        "description": "<span>",
        "prefix": "pf-contactless"
    },
    "pf-contactless-alt": {
        "body": "<${1:span} className=\"pf pf-contactless-alt\"></${1:span}>$0",
        "description": "<span>",
        "prefix": "pf-contactless-alt"
    },
    "pf-eth": {
        "body": "<${1:span} className=\"pf pf-eth\"></${1:span}>$0",
        "description": "<span>",
        "prefix": "pf-eth"
    },
    "pf-ltc": {
        "body": "<${1:span} className=\"pf pf-ltc\"></${1:span}>$0",
        "description": "<span>",
        "prefix": "pf-ltc"
    },
    "pf-visa-pay": {
        "body": "<${1:span} className=\"pf pf-visa-pay\"></${1:span}>$0",
        "description": "<span>",
        "prefix": "pf-visa-pay"
    },
    "pf-wechat-pay": {
        "body": "<${1:span} className=\"pf pf-wechat-pay\"></${1:span}>$0",
        "description": "<span>",
        "prefix": "pf-wechat-pay"
    },
    "pf-amazon-pay": {
        "body": "<${1:span} className=\"pf pf-amazon-pay\"></${1:span}>$0",
        "description": "<span>",
        "prefix": "pf-amazon-pay"
    },
    "pf-amazon-pay-alt": {
        "body": "<${1:span} className=\"pf pf-amazon-pay-alt\"></${1:span}>$0",
        "description": "<span>",
        "prefix": "pf-amazon-pay-alt"
    }
}