{
    "icon-back": {
        "body": "<${1:span} className=\"icon icon-back\"></${1:span}>$0",
        "description": "<span>",
        "prefix": "icon-back"
    },
    "icon-bars": {
        "body": "<${1:span} className=\"icon icon-bars\"></${1:span}>$0",
        "description": "<span>",
        "prefix": "icon-bars"
    },
    "icon-caret": {
        "body": "<${1:span} className=\"icon icon-caret\"></${1:span}>$0",
        "description": "<span>",
        "prefix": "icon-caret"
    },
    "icon-check": {
        "body": "<${1:span} className=\"icon icon-check\"></${1:span}>$0",
        "description": "<span>",
        "prefix": "icon-check"
    },
    "icon-close": {
        "body": "<${1:span} className=\"icon icon-close\"></${1:span}>$0",
        "description": "<span>",
        "prefix": "icon-close"
    },
    "icon-code": {
        "body": "<${1:span} className=\"icon icon-code\"></${1:span}>$0",
        "description": "<span>",
        "prefix": "icon-code"
    },
    "icon-compose": {
        "body": "<${1:span} className=\"icon icon-compose\"></${1:span}>$0",
        "description": "<span>",
        "prefix": "icon-compose"
    },
    "icon-download": {
        "body": "<${1:span} className=\"icon icon-download\"></${1:span}>$0",
        "description": "<span>",
        "prefix": "icon-download"
    },
    "icon-edit": {
        "body": "<${1:span} className=\"icon icon-edit\"></${1:span}>$0",
        "description": "<span>",
        "prefix": "icon-edit"
    },
    "icon-forward": {
        "body": "<${1:span} className=\"icon icon-forward\"></${1:span}>$0",
        "description": "<span>",
        "prefix": "icon-forward"
    },
    "icon-gear": {
        "body": "<${1:span} className=\"icon icon-gear\"></${1:span}>$0",
        "description": "<span>",
        "prefix": "icon-gear"
    },
    "icon-home": {
        "body": "<${1:span} className=\"icon icon-home\"></${1:span}>$0",
        "description": "<span>",
        "prefix": "icon-home"
    },
    "icon-info": {
        "body": "<${1:span} className=\"icon icon-info\"></${1:span}>$0",
        "description": "<span>",
        "prefix": "icon-info"
    },
    "icon-list": {
        "body": "<${1:span} className=\"icon icon-list\"></${1:span}>$0",
        "description": "<span>",
        "prefix": "icon-list"
    },
    "icon-more-vertical": {
        "body": "<${1:span} className=\"icon icon-more-vertical\"></${1:span}>$0",
        "description": "<span>",
        "prefix": "icon-more-vertical"
    },
    "icon-more": {
        "body": "<${1:span} className=\"icon icon-more\"></${1:span}>$0",
        "description": "<span>",
        "prefix": "icon-more"
    },
    "icon-pages": {
        "body": "<${1:span} className=\"icon icon-pages\"></${1:span}>$0",
        "description": "<span>",
        "prefix": "icon-pages"
    },
    "icon-pause": {
        "body": "<${1:span} className=\"icon icon-pause\"></${1:span}>$0",
        "description": "<span>",
        "prefix": "icon-pause"
    },
    "icon-person": {
        "body": "<${1:span} className=\"icon icon-person\"></${1:span}>$0",
        "description": "<span>",
        "prefix": "icon-person"
    },
    "icon-play": {
        "body": "<${1:span} className=\"icon icon-play\"></${1:span}>$0",
        "description": "<span>",
        "prefix": "icon-play"
    },
    "icon-plus": {
        "body": "<${1:span} className=\"icon icon-plus\"></${1:span}>$0",
        "description": "<span>",
        "prefix": "icon-plus"
    },
    "icon-refresh": {
        "body": "<${1:span} className=\"icon icon-refresh\"></${1:span}>$0",
        "description": "<span>",
        "prefix": "icon-refresh"
    },
    "icon-search": {
        "body": "<${1:span} className=\"icon icon-search\"></${1:span}>$0",
        "description": "<span>",
        "prefix": "icon-search"
    },
    "icon-share": {
        "body": "<${1:span} className=\"icon icon-share\"></${1:span}>$0",
        "description": "<span>",
        "prefix": "icon-share"
    },
    "icon-sound": {
        "body": "<${1:span} className=\"icon icon-sound\"></${1:span}>$0",
        "description": "<span>",
        "prefix": "icon-sound"
    },
    "icon-sound2": {
        "body": "<${1:span} className=\"icon icon-sound2\"></${1:span}>$0",
        "description": "<span>",
        "prefix": "icon-sound2"
    },
    "icon-sound3": {
        "body": "<${1:span} className=\"icon icon-sound3\"></${1:span}>$0",
        "description": "<span>",
        "prefix": "icon-sound3"
    },
    "icon-sound4": {
        "body": "<${1:span} className=\"icon icon-sound4\"></${1:span}>$0",
        "description": "<span>",
        "prefix": "icon-sound4"
    },
    "icon-star-filled": {
        "body": "<${1:span} className=\"icon icon-star-filled\"></${1:span}>$0",
        "description": "<span>",
        "prefix": "icon-star-filled"
    },
    "icon-star": {
        "body": "<${1:span} className=\"icon icon-star\"></${1:span}>$0",
        "description": "<span>",
        "prefix": "icon-star"
    },
    "icon-stop": {
        "body": "<${1:span} className=\"icon icon-stop\"></${1:span}>$0",
        "description": "<span>",
        "prefix": "icon-stop"
    },
    "icon-trash": {
        "body": "<${1:span} className=\"icon icon-trash\"></${1:span}>$0",
        "description": "<span>",
        "prefix": "icon-trash"
    },
    "icon-up-nav": {
        "body": "<${1:span} className=\"icon icon-up-nav\"></${1:span}>$0",
        "description": "<span>",
        "prefix": "icon-up-nav"
    },
    "icon-up": {
        "body": "<${1:span} className=\"icon icon-up\"></${1:span}>$0",
        "description": "<span>",
        "prefix": "icon-up"
    },
    "icon-right-nav": {
        "body": "<${1:span} className=\"icon icon-right-nav\"></${1:span}>$0",
        "description": "<span>",
        "prefix": "icon-right-nav"
    },
    "icon-right": {
        "body": "<${1:span} className=\"icon icon-right\"></${1:span}>$0",
        "description": "<span>",
        "prefix": "icon-right"
    },
    "icon-down-nav": {
        "body": "<${1:span} className=\"icon icon-down-nav\"></${1:span}>$0",
        "description": "<span>",
        "prefix": "icon-down-nav"
    },
    "icon-down": {
        "body": "<${1:span} className=\"icon icon-down\"></${1:span}>$0",
        "description": "<span>",
        "prefix": "icon-down"
    },
    "icon-left-nav": {
        "body": "<${1:span} className=\"icon icon-left-nav\"></${1:span}>$0",
        "description": "<span>",
        "prefix": "icon-left-nav"
    },
    "icon-left": {
        "body": "<${1:span} className=\"icon icon-left\"></${1:span}>$0",
        "description": "<span>",
        "prefix": "icon-left"
    }
}