{
    "st-icon-addthis": {
        "body": "<${1:span} className=\"st-icon-addthis\"></${1:span}>$0",
        "description": "<span>",
        "prefix": "st-icon-addthis"
    },
    "st-icon-addthis:hover": {
        "body": "<${1:span} className=\"st-icon-addthis:hover\"></${1:span}>$0",
        "description": "<span>",
        "prefix": "st-icon-addthis:hover"
    },
    "st-icon-adn": {
        "body": "<${1:span} className=\"st-icon-adn\"></${1:span}>$0",
        "description": "<span>",
        "prefix": "st-icon-adn"
    },
    "st-icon-adn:hover": {
        "body": "<${1:span} className=\"st-icon-adn:hover\"></${1:span}>$0",
        "description": "<span>",
        "prefix": "st-icon-adn:hover"
    },
    "st-icon-amazon": {
        "body": "<${1:span} className=\"st-icon-amazon\"></${1:span}>$0",
        "description": "<span>",
        "prefix": "st-icon-amazon"
    },
    "st-icon-amazon:hover": {
        "body": "<${1:span} className=\"st-icon-amazon:hover\"></${1:span}>$0",
        "description": "<span>",
        "prefix": "st-icon-amazon:hover"
    },
    "st-icon-amazon2": {
        "body": "<${1:span} className=\"st-icon-amazon2\"></${1:span}>$0",
        "description": "<span>",
        "prefix": "st-icon-amazon2"
    },
    "st-icon-amazon2:hover": {
        "body": "<${1:span} className=\"st-icon-amazon2:hover\"></${1:span}>$0",
        "description": "<span>",
        "prefix": "st-icon-amazon2:hover"
    },
    "st-icon-android": {
        "body": "<${1:span} className=\"st-icon-android\"></${1:span}>$0",
        "description": "<span>",
        "prefix": "st-icon-android"
    },
    "st-icon-android:hover": {
        "body": "<${1:span} className=\"st-icon-android:hover\"></${1:span}>$0",
        "description": "<span>",
        "prefix": "st-icon-android:hover"
    },
    "st-icon-apple": {
        "body": "<${1:span} className=\"st-icon-apple\"></${1:span}>$0",
        "description": "<span>",
        "prefix": "st-icon-apple"
    },
    "st-icon-apple:hover": {
        "body": "<${1:span} className=\"st-icon-apple:hover\"></${1:span}>$0",
        "description": "<span>",
        "prefix": "st-icon-apple:hover"
    },
    "st-icon-behance": {
        "body": "<${1:span} className=\"st-icon-behance\"></${1:span}>$0",
        "description": "<span>",
        "prefix": "st-icon-behance"
    },
    "st-icon-behance:hover": {
        "body": "<${1:span} className=\"st-icon-behance:hover\"></${1:span}>$0",
        "description": "<span>",
        "prefix": "st-icon-behance:hover"
    },
    "st-icon-blogger": {
        "body": "<${1:span} className=\"st-icon-blogger\"></${1:span}>$0",
        "description": "<span>",
        "prefix": "st-icon-blogger"
    },
    "st-icon-blogger:hover": {
        "body": "<${1:span} className=\"st-icon-blogger:hover\"></${1:span}>$0",
        "description": "<span>",
        "prefix": "st-icon-blogger:hover"
    },
    "st-icon-codepen": {
        "body": "<${1:span} className=\"st-icon-codepen\"></${1:span}>$0",
        "description": "<span>",
        "prefix": "st-icon-codepen"
    },
    "st-icon-codepen:hover": {
        "body": "<${1:span} className=\"st-icon-codepen:hover\"></${1:span}>$0",
        "description": "<span>",
        "prefix": "st-icon-codepen:hover"
    },
    "st-icon-delicious": {
        "body": "<${1:span} className=\"st-icon-delicious\"></${1:span}>$0",
        "description": "<span>",
        "prefix": "st-icon-delicious"
    },
    "st-icon-delicious:hover": {
        "body": "<${1:span} className=\"st-icon-delicious:hover\"></${1:span}>$0",
        "description": "<span>",
        "prefix": "st-icon-delicious:hover"
    },
    "st-icon-deviantart": {
        "body": "<${1:span} className=\"st-icon-deviantart\"></${1:span}>$0",
        "description": "<span>",
        "prefix": "st-icon-deviantart"
    },
    "st-icon-deviantart:hover": {
        "body": "<${1:span} className=\"st-icon-deviantart:hover\"></${1:span}>$0",
        "description": "<span>",
        "prefix": "st-icon-deviantart:hover"
    },
    "st-icon-digg": {
        "body": "<${1:span} className=\"st-icon-digg\"></${1:span}>$0",
        "description": "<span>",
        "prefix": "st-icon-digg"
    },
    "st-icon-digg:hover": {
        "body": "<${1:span} className=\"st-icon-digg:hover\"></${1:span}>$0",
        "description": "<span>",
        "prefix": "st-icon-digg:hover"
    },
    "st-icon-dribbble": {
        "body": "<${1:span} className=\"st-icon-dribbble\"></${1:span}>$0",
        "description": "<span>",
        "prefix": "st-icon-dribbble"
    },
    "st-icon-dribbble:hover": {
        "body": "<${1:span} className=\"st-icon-dribbble:hover\"></${1:span}>$0",
        "description": "<span>",
        "prefix": "st-icon-dribbble:hover"
    },
    "st-icon-dribbble-alt": {
        "body": "<${1:span} className=\"st-icon-dribbble-alt\"></${1:span}>$0",
        "description": "<span>",
        "prefix": "st-icon-dribbble-alt"
    },
    "st-icon-dribbble-alt:hover": {
        "body": "<${1:span} className=\"st-icon-dribbble-alt:hover\"></${1:span}>$0",
        "description": "<span>",
        "prefix": "st-icon-dribbble-alt:hover"
    },
    "st-icon-dropbox": {
        "body": "<${1:span} className=\"st-icon-dropbox\"></${1:span}>$0",
        "description": "<span>",
        "prefix": "st-icon-dropbox"
    },
    "st-icon-dropbox:hover": {
        "body": "<${1:span} className=\"st-icon-dropbox:hover\"></${1:span}>$0",
        "description": "<span>",
        "prefix": "st-icon-dropbox:hover"
    },
    "st-icon-ebay": {
        "body": "<${1:span} className=\"st-icon-ebay\"></${1:span}>$0",
        "description": "<span>",
        "prefix": "st-icon-ebay"
    },
    "st-icon-ebay:hover": {
        "body": "<${1:span} className=\"st-icon-ebay:hover\"></${1:span}>$0",
        "description": "<span>",
        "prefix": "st-icon-ebay:hover"
    },
    "st-icon-email": {
        "body": "<${1:span} className=\"st-icon-email\"></${1:span}>$0",
        "description": "<span>",
        "prefix": "st-icon-email"
    },
    "st-icon-email:hover": {
        "body": "<${1:span} className=\"st-icon-email:hover\"></${1:span}>$0",
        "description": "<span>",
        "prefix": "st-icon-email:hover"
    },
    "st-icon-email2": {
        "body": "<${1:span} className=\"st-icon-email2\"></${1:span}>$0",
        "description": "<span>",
        "prefix": "st-icon-email2"
    },
    "st-icon-email2:hover": {
        "body": "<${1:span} className=\"st-icon-email2:hover\"></${1:span}>$0",
        "description": "<span>",
        "prefix": "st-icon-email2:hover"
    },
    "st-icon-evernote": {
        "body": "<${1:span} className=\"st-icon-evernote\"></${1:span}>$0",
        "description": "<span>",
        "prefix": "st-icon-evernote"
    },
    "st-icon-evernote:hover": {
        "body": "<${1:span} className=\"st-icon-evernote:hover\"></${1:span}>$0",
        "description": "<span>",
        "prefix": "st-icon-evernote:hover"
    },
    "st-icon-facebook": {
        "body": "<${1:span} className=\"st-icon-facebook\"></${1:span}>$0",
        "description": "<span>",
        "prefix": "st-icon-facebook"
    },
    "st-icon-facebook:hover": {
        "body": "<${1:span} className=\"st-icon-facebook:hover\"></${1:span}>$0",
        "description": "<span>",
        "prefix": "st-icon-facebook:hover"
    },
    "st-icon-facebook-alt": {
        "body": "<${1:span} className=\"st-icon-facebook-alt\"></${1:span}>$0",
        "description": "<span>",
        "prefix": "st-icon-facebook-alt"
    },
    "st-icon-facebook-alt:hover": {
        "body": "<${1:span} className=\"st-icon-facebook-alt:hover\"></${1:span}>$0",
        "description": "<span>",
        "prefix": "st-icon-facebook-alt:hover"
    },
    "st-icon-flattr": {
        "body": "<${1:span} className=\"st-icon-flattr\"></${1:span}>$0",
        "description": "<span>",
        "prefix": "st-icon-flattr"
    },
    "st-icon-flattr:hover": {
        "body": "<${1:span} className=\"st-icon-flattr:hover\"></${1:span}>$0",
        "description": "<span>",
        "prefix": "st-icon-flattr:hover"
    },
    "st-icon-flickr": {
        "body": "<${1:span} className=\"st-icon-flickr\"></${1:span}>$0",
        "description": "<span>",
        "prefix": "st-icon-flickr"
    },
    "st-icon-flickr:hover": {
        "body": "<${1:span} className=\"st-icon-flickr:hover\"></${1:span}>$0",
        "description": "<span>",
        "prefix": "st-icon-flickr:hover"
    },
    "st-icon-forrst": {
        "body": "<${1:span} className=\"st-icon-forrst\"></${1:span}>$0",
        "description": "<span>",
        "prefix": "st-icon-forrst"
    },
    "st-icon-forrst:hover": {
        "body": "<${1:span} className=\"st-icon-forrst:hover\"></${1:span}>$0",
        "description": "<span>",
        "prefix": "st-icon-forrst:hover"
    },
    "st-icon-foursquare": {
        "body": "<${1:span} className=\"st-icon-foursquare\"></${1:span}>$0",
        "description": "<span>",
        "prefix": "st-icon-foursquare"
    },
    "st-icon-foursquare:hover": {
        "body": "<${1:span} className=\"st-icon-foursquare:hover\"></${1:span}>$0",
        "description": "<span>",
        "prefix": "st-icon-foursquare:hover"
    },
    "st-icon-github": {
        "body": "<${1:span} className=\"st-icon-github\"></${1:span}>$0",
        "description": "<span>",
        "prefix": "st-icon-github"
    },
    "st-icon-github:hover": {
        "body": "<${1:span} className=\"st-icon-github:hover\"></${1:span}>$0",
        "description": "<span>",
        "prefix": "st-icon-github:hover"
    },
    "st-icon-github-alt": {
        "body": "<${1:span} className=\"st-icon-github-alt\"></${1:span}>$0",
        "description": "<span>",
        "prefix": "st-icon-github-alt"
    },
    "st-icon-github-alt:hover": {
        "body": "<${1:span} className=\"st-icon-github-alt:hover\"></${1:span}>$0",
        "description": "<span>",
        "prefix": "st-icon-github-alt:hover"
    },
    "st-icon-gittip": {
        "body": "<${1:span} className=\"st-icon-gittip\"></${1:span}>$0",
        "description": "<span>",
        "prefix": "st-icon-gittip"
    },
    "st-icon-gittip:hover": {
        "body": "<${1:span} className=\"st-icon-gittip:hover\"></${1:span}>$0",
        "description": "<span>",
        "prefix": "st-icon-gittip:hover"
    },
    "st-icon-gmail": {
        "body": "<${1:span} className=\"st-icon-gmail\"></${1:span}>$0",
        "description": "<span>",
        "prefix": "st-icon-gmail"
    },
    "st-icon-gmail:hover": {
        "body": "<${1:span} className=\"st-icon-gmail:hover\"></${1:span}>$0",
        "description": "<span>",
        "prefix": "st-icon-gmail:hover"
    },
    "st-icon-gmail-alt": {
        "body": "<${1:span} className=\"st-icon-gmail-alt\"></${1:span}>$0",
        "description": "<span>",
        "prefix": "st-icon-gmail-alt"
    },
    "st-icon-gmail-alt:hover": {
        "body": "<${1:span} className=\"st-icon-gmail-alt:hover\"></${1:span}>$0",
        "description": "<span>",
        "prefix": "st-icon-gmail-alt:hover"
    },
    "st-icon-google": {
        "body": "<${1:span} className=\"st-icon-google\"></${1:span}>$0",
        "description": "<span>",
        "prefix": "st-icon-google"
    },
    "st-icon-google:hover": {
        "body": "<${1:span} className=\"st-icon-google:hover\"></${1:span}>$0",
        "description": "<span>",
        "prefix": "st-icon-google:hover"
    },
    "st-icon-googleplus": {
        "body": "<${1:span} className=\"st-icon-googleplus\"></${1:span}>$0",
        "description": "<span>",
        "prefix": "st-icon-googleplus"
    },
    "st-icon-googleplus:hover": {
        "body": "<${1:span} className=\"st-icon-googleplus:hover\"></${1:span}>$0",
        "description": "<span>",
        "prefix": "st-icon-googleplus:hover"
    },
    "st-icon-imdb": {
        "body": "<${1:span} className=\"st-icon-imdb\"></${1:span}>$0",
        "description": "<span>",
        "prefix": "st-icon-imdb"
    },
    "st-icon-imdb:hover": {
        "body": "<${1:span} className=\"st-icon-imdb:hover\"></${1:span}>$0",
        "description": "<span>",
        "prefix": "st-icon-imdb:hover"
    },
    "st-icon-instagram": {
        "body": "<${1:span} className=\"st-icon-instagram\"></${1:span}>$0",
        "description": "<span>",
        "prefix": "st-icon-instagram"
    },
    "st-icon-instagram:hover": {
        "body": "<${1:span} className=\"st-icon-instagram:hover\"></${1:span}>$0",
        "description": "<span>",
        "prefix": "st-icon-instagram:hover"
    },
    "st-icon-kickstarter": {
        "body": "<${1:span} className=\"st-icon-kickstarter\"></${1:span}>$0",
        "description": "<span>",
        "prefix": "st-icon-kickstarter"
    },
    "st-icon-kickstarter:hover": {
        "body": "<${1:span} className=\"st-icon-kickstarter:hover\"></${1:span}>$0",
        "description": "<span>",
        "prefix": "st-icon-kickstarter:hover"
    },
    "st-icon-lastfm": {
        "body": "<${1:span} className=\"st-icon-lastfm\"></${1:span}>$0",
        "description": "<span>",
        "prefix": "st-icon-lastfm"
    },
    "st-icon-lastfm:hover": {
        "body": "<${1:span} className=\"st-icon-lastfm:hover\"></${1:span}>$0",
        "description": "<span>",
        "prefix": "st-icon-lastfm:hover"
    },
    "st-icon-linkedin": {
        "body": "<${1:span} className=\"st-icon-linkedin\"></${1:span}>$0",
        "description": "<span>",
        "prefix": "st-icon-linkedin"
    },
    "st-icon-linkedin:hover": {
        "body": "<${1:span} className=\"st-icon-linkedin:hover\"></${1:span}>$0",
        "description": "<span>",
        "prefix": "st-icon-linkedin:hover"
    },
    "st-icon-microsoft": {
        "body": "<${1:span} className=\"st-icon-microsoft\"></${1:span}>$0",
        "description": "<span>",
        "prefix": "st-icon-microsoft"
    },
    "st-icon-microsoft:hover": {
        "body": "<${1:span} className=\"st-icon-microsoft:hover\"></${1:span}>$0",
        "description": "<span>",
        "prefix": "st-icon-microsoft:hover"
    },
    "st-icon-myspace": {
        "body": "<${1:span} className=\"st-icon-myspace\"></${1:span}>$0",
        "description": "<span>",
        "prefix": "st-icon-myspace"
    },
    "st-icon-myspace:hover": {
        "body": "<${1:span} className=\"st-icon-myspace:hover\"></${1:span}>$0",
        "description": "<span>",
        "prefix": "st-icon-myspace:hover"
    },
    "st-icon-pandora": {
        "body": "<${1:span} className=\"st-icon-pandora\"></${1:span}>$0",
        "description": "<span>",
        "prefix": "st-icon-pandora"
    },
    "st-icon-pandora:hover": {
        "body": "<${1:span} className=\"st-icon-pandora:hover\"></${1:span}>$0",
        "description": "<span>",
        "prefix": "st-icon-pandora:hover"
    },
    "st-icon-paypal": {
        "body": "<${1:span} className=\"st-icon-paypal\"></${1:span}>$0",
        "description": "<span>",
        "prefix": "st-icon-paypal"
    },
    "st-icon-paypal:hover": {
        "body": "<${1:span} className=\"st-icon-paypal:hover\"></${1:span}>$0",
        "description": "<span>",
        "prefix": "st-icon-paypal:hover"
    },
    "st-icon-paypal2": {
        "body": "<${1:span} className=\"st-icon-paypal2\"></${1:span}>$0",
        "description": "<span>",
        "prefix": "st-icon-paypal2"
    },
    "st-icon-paypal2:hover": {
        "body": "<${1:span} className=\"st-icon-paypal2:hover\"></${1:span}>$0",
        "description": "<span>",
        "prefix": "st-icon-paypal2:hover"
    },
    "st-icon-picasa": {
        "body": "<${1:span} className=\"st-icon-picasa\"></${1:span}>$0",
        "description": "<span>",
        "prefix": "st-icon-picasa"
    },
    "st-icon-picasa:hover": {
        "body": "<${1:span} className=\"st-icon-picasa:hover\"></${1:span}>$0",
        "description": "<span>",
        "prefix": "st-icon-picasa:hover"
    },
    "st-icon-pinboard": {
        "body": "<${1:span} className=\"st-icon-pinboard\"></${1:span}>$0",
        "description": "<span>",
        "prefix": "st-icon-pinboard"
    },
    "st-icon-pinboard:hover": {
        "body": "<${1:span} className=\"st-icon-pinboard:hover\"></${1:span}>$0",
        "description": "<span>",
        "prefix": "st-icon-pinboard:hover"
    },
    "st-icon-pinterest": {
        "body": "<${1:span} className=\"st-icon-pinterest\"></${1:span}>$0",
        "description": "<span>",
        "prefix": "st-icon-pinterest"
    },
    "st-icon-pinterest:hover": {
        "body": "<${1:span} className=\"st-icon-pinterest:hover\"></${1:span}>$0",
        "description": "<span>",
        "prefix": "st-icon-pinterest:hover"
    },
    "st-icon-rdio": {
        "body": "<${1:span} className=\"st-icon-rdio\"></${1:span}>$0",
        "description": "<span>",
        "prefix": "st-icon-rdio"
    },
    "st-icon-rdio:hover": {
        "body": "<${1:span} className=\"st-icon-rdio:hover\"></${1:span}>$0",
        "description": "<span>",
        "prefix": "st-icon-rdio:hover"
    },
    "st-icon-reddit": {
        "body": "<${1:span} className=\"st-icon-reddit\"></${1:span}>$0",
        "description": "<span>",
        "prefix": "st-icon-reddit"
    },
    "st-icon-reddit:hover": {
        "body": "<${1:span} className=\"st-icon-reddit:hover\"></${1:span}>$0",
        "description": "<span>",
        "prefix": "st-icon-reddit:hover"
    },
    "st-icon-rss": {
        "body": "<${1:span} className=\"st-icon-rss\"></${1:span}>$0",
        "description": "<span>",
        "prefix": "st-icon-rss"
    },
    "st-icon-rss:hover": {
        "body": "<${1:span} className=\"st-icon-rss:hover\"></${1:span}>$0",
        "description": "<span>",
        "prefix": "st-icon-rss:hover"
    },
    "st-icon-sharethis": {
        "body": "<${1:span} className=\"st-icon-sharethis\"></${1:span}>$0",
        "description": "<span>",
        "prefix": "st-icon-sharethis"
    },
    "st-icon-sharethis:hover": {
        "body": "<${1:span} className=\"st-icon-sharethis:hover\"></${1:span}>$0",
        "description": "<span>",
        "prefix": "st-icon-sharethis:hover"
    },
    "st-icon-skype": {
        "body": "<${1:span} className=\"st-icon-skype\"></${1:span}>$0",
        "description": "<span>",
        "prefix": "st-icon-skype"
    },
    "st-icon-skype:hover": {
        "body": "<${1:span} className=\"st-icon-skype:hover\"></${1:span}>$0",
        "description": "<span>",
        "prefix": "st-icon-skype:hover"
    },
    "st-icon-slideshare": {
        "body": "<${1:span} className=\"st-icon-slideshare\"></${1:span}>$0",
        "description": "<span>",
        "prefix": "st-icon-slideshare"
    },
    "st-icon-slideshare:hover": {
        "body": "<${1:span} className=\"st-icon-slideshare:hover\"></${1:span}>$0",
        "description": "<span>",
        "prefix": "st-icon-slideshare:hover"
    },
    "st-icon-soundcloud": {
        "body": "<${1:span} className=\"st-icon-soundcloud\"></${1:span}>$0",
        "description": "<span>",
        "prefix": "st-icon-soundcloud"
    },
    "st-icon-soundcloud:hover": {
        "body": "<${1:span} className=\"st-icon-soundcloud:hover\"></${1:span}>$0",
        "description": "<span>",
        "prefix": "st-icon-soundcloud:hover"
    },
    "st-icon-spotify": {
        "body": "<${1:span} className=\"st-icon-spotify\"></${1:span}>$0",
        "description": "<span>",
        "prefix": "st-icon-spotify"
    },
    "st-icon-spotify:hover": {
        "body": "<${1:span} className=\"st-icon-spotify:hover\"></${1:span}>$0",
        "description": "<span>",
        "prefix": "st-icon-spotify:hover"
    },
    "st-icon-stackoverflow": {
        "body": "<${1:span} className=\"st-icon-stackoverflow\"></${1:span}>$0",
        "description": "<span>",
        "prefix": "st-icon-stackoverflow"
    },
    "st-icon-stackoverflow:hover": {
        "body": "<${1:span} className=\"st-icon-stackoverflow:hover\"></${1:span}>$0",
        "description": "<span>",
        "prefix": "st-icon-stackoverflow:hover"
    },
    "st-icon-stumbleupon": {
        "body": "<${1:span} className=\"st-icon-stumbleupon\"></${1:span}>$0",
        "description": "<span>",
        "prefix": "st-icon-stumbleupon"
    },
    "st-icon-stumbleupon:hover": {
        "body": "<${1:span} className=\"st-icon-stumbleupon:hover\"></${1:span}>$0",
        "description": "<span>",
        "prefix": "st-icon-stumbleupon:hover"
    },
    "st-icon-tumblr": {
        "body": "<${1:span} className=\"st-icon-tumblr\"></${1:span}>$0",
        "description": "<span>",
        "prefix": "st-icon-tumblr"
    },
    "st-icon-tumblr:hover": {
        "body": "<${1:span} className=\"st-icon-tumblr:hover\"></${1:span}>$0",
        "description": "<span>",
        "prefix": "st-icon-tumblr:hover"
    },
    "st-icon-twitter": {
        "body": "<${1:span} className=\"st-icon-twitter\"></${1:span}>$0",
        "description": "<span>",
        "prefix": "st-icon-twitter"
    },
    "st-icon-twitter:hover": {
        "body": "<${1:span} className=\"st-icon-twitter:hover\"></${1:span}>$0",
        "description": "<span>",
        "prefix": "st-icon-twitter:hover"
    },
    "st-icon-vimeo": {
        "body": "<${1:span} className=\"st-icon-vimeo\"></${1:span}>$0",
        "description": "<span>",
        "prefix": "st-icon-vimeo"
    },
    "st-icon-vimeo:hover": {
        "body": "<${1:span} className=\"st-icon-vimeo:hover\"></${1:span}>$0",
        "description": "<span>",
        "prefix": "st-icon-vimeo:hover"
    },
    "st-icon-vine": {
        "body": "<${1:span} className=\"st-icon-vine\"></${1:span}>$0",
        "description": "<span>",
        "prefix": "st-icon-vine"
    },
    "st-icon-vine:hover": {
        "body": "<${1:span} className=\"st-icon-vine:hover\"></${1:span}>$0",
        "description": "<span>",
        "prefix": "st-icon-vine:hover"
    },
    "st-icon-windows": {
        "body": "<${1:span} className=\"st-icon-windows\"></${1:span}>$0",
        "description": "<span>",
        "prefix": "st-icon-windows"
    },
    "st-icon-windows:hover": {
        "body": "<${1:span} className=\"st-icon-windows:hover\"></${1:span}>$0",
        "description": "<span>",
        "prefix": "st-icon-windows:hover"
    },
    "st-icon-windows7": {
        "body": "<${1:span} className=\"st-icon-windows7\"></${1:span}>$0",
        "description": "<span>",
        "prefix": "st-icon-windows7"
    },
    "st-icon-windows7:hover": {
        "body": "<${1:span} className=\"st-icon-windows7:hover\"></${1:span}>$0",
        "description": "<span>",
        "prefix": "st-icon-windows7:hover"
    },
    "st-icon-wordpress": {
        "body": "<${1:span} className=\"st-icon-wordpress\"></${1:span}>$0",
        "description": "<span>",
        "prefix": "st-icon-wordpress"
    },
    "st-icon-wordpress:hover": {
        "body": "<${1:span} className=\"st-icon-wordpress:hover\"></${1:span}>$0",
        "description": "<span>",
        "prefix": "st-icon-wordpress:hover"
    },
    "st-icon-xing": {
        "body": "<${1:span} className=\"st-icon-xing\"></${1:span}>$0",
        "description": "<span>",
        "prefix": "st-icon-xing"
    },
    "st-icon-xing:hover": {
        "body": "<${1:span} className=\"st-icon-xing:hover\"></${1:span}>$0",
        "description": "<span>",
        "prefix": "st-icon-xing:hover"
    },
    "st-icon-yahoo": {
        "body": "<${1:span} className=\"st-icon-yahoo\"></${1:span}>$0",
        "description": "<span>",
        "prefix": "st-icon-yahoo"
    },
    "st-icon-yahoo:hover": {
        "body": "<${1:span} className=\"st-icon-yahoo:hover\"></${1:span}>$0",
        "description": "<span>",
        "prefix": "st-icon-yahoo:hover"
    },
    "st-icon-yelp": {
        "body": "<${1:span} className=\"st-icon-yelp\"></${1:span}>$0",
        "description": "<span>",
        "prefix": "st-icon-yelp"
    },
    "st-icon-yelp:hover": {
        "body": "<${1:span} className=\"st-icon-yelp:hover\"></${1:span}>$0",
        "description": "<span>",
        "prefix": "st-icon-yelp:hover"
    },
    "st-icon-youtube": {
        "body": "<${1:span} className=\"st-icon-youtube\"></${1:span}>$0",
        "description": "<span>",
        "prefix": "st-icon-youtube"
    },
    "st-icon-youtube:hover": {
        "body": "<${1:span} className=\"st-icon-youtube:hover\"></${1:span}>$0",
        "description": "<span>",
        "prefix": "st-icon-youtube:hover"
    },
    "st-icon-youtube2": {
        "body": "<${1:span} className=\"st-icon-youtube2\"></${1:span}>$0",
        "description": "<span>",
        "prefix": "st-icon-youtube2"
    },
    "st-icon-youtube2:hover": {
        "body": "<${1:span} className=\"st-icon-youtube2:hover\"></${1:span}>$0",
        "description": "<span>",
        "prefix": "st-icon-youtube2:hover"
    },
    "st-icon-youtube-alt": {
        "body": "<${1:span} className=\"st-icon-youtube-alt\"></${1:span}>$0",
        "description": "<span>",
        "prefix": "st-icon-youtube-alt"
    },
    "st-icon-youtube-alt:hover": {
        "body": "<${1:span} className=\"st-icon-youtube-alt:hover\"></${1:span}>$0",
        "description": "<span>",
        "prefix": "st-icon-youtube-alt:hover"
    },
    "st-icon-youtube-alt-sm": {
        "body": "<${1:span} className=\"st-icon-youtube-alt-sm\"></${1:span}>$0",
        "description": "<span>",
        "prefix": "st-icon-youtube-alt-sm"
    },
    "st-icon-youtube-alt-sm:hover": {
        "body": "<${1:span} className=\"st-icon-youtube-alt-sm:hover\"></${1:span}>$0",
        "description": "<span>",
        "prefix": "st-icon-youtube-alt-sm:hover"
    },
    "st-icon-zerply": {
        "body": "<${1:span} className=\"st-icon-zerply\"></${1:span}>$0",
        "description": "<span>",
        "prefix": "st-icon-zerply"
    },
    "st-icon-zerply:hover": {
        "body": "<${1:span} className=\"st-icon-zerply:hover\"></${1:span}>$0",
        "description": "<span>",
        "prefix": "st-icon-zerply:hover"
    },
    "st-icon-menu": {
        "body": "<${1:span} className=\"st-icon-menu\"></${1:span}>$0",
        "description": "<span>",
        "prefix": "st-icon-menu"
    },
    "st-icon-menu:hover": {
        "body": "<${1:span} className=\"st-icon-menu:hover\"></${1:span}>$0",
        "description": "<span>",
        "prefix": "st-icon-menu:hover"
    },
    "st-icon-menu-alt": {
        "body": "<${1:span} className=\"st-icon-menu-alt\"></${1:span}>$0",
        "description": "<span>",
        "prefix": "st-icon-menu-alt"
    },
    "st-icon-menu-alt:hover": {
        "body": "<${1:span} className=\"st-icon-menu-alt:hover\"></${1:span}>$0",
        "description": "<span>",
        "prefix": "st-icon-menu-alt:hover"
    },
    "st-icon-menu-alt2": {
        "body": "<${1:span} className=\"st-icon-menu-alt2\"></${1:span}>$0",
        "description": "<span>",
        "prefix": "st-icon-menu-alt2"
    },
    "st-icon-menu-alt2:hover": {
        "body": "<${1:span} className=\"st-icon-menu-alt2:hover\"></${1:span}>$0",
        "description": "<span>",
        "prefix": "st-icon-menu-alt2:hover"
    },
    "st-icon-more": {
        "body": "<${1:span} className=\"st-icon-more\"></${1:span}>$0",
        "description": "<span>",
        "prefix": "st-icon-more"
    },
    "st-icon-more:hover": {
        "body": "<${1:span} className=\"st-icon-more:hover\"></${1:span}>$0",
        "description": "<span>",
        "prefix": "st-icon-more:hover"
    },
    "st-icon-triangle-down": {
        "body": "<${1:span} className=\"st-icon-triangle-down\"></${1:span}>$0",
        "description": "<span>",
        "prefix": "st-icon-triangle-down"
    },
    "st-icon-triangle-down:hover": {
        "body": "<${1:span} className=\"st-icon-triangle-down:hover\"></${1:span}>$0",
        "description": "<span>",
        "prefix": "st-icon-triangle-down:hover"
    },
    "st-icon-search": {
        "body": "<${1:span} className=\"st-icon-search\"></${1:span}>$0",
        "description": "<span>",
        "prefix": "st-icon-search"
    },
    "st-icon-search:hover": {
        "body": "<${1:span} className=\"st-icon-search:hover\"></${1:span}>$0",
        "description": "<span>",
        "prefix": "st-icon-search:hover"
    },
    "st-icon-search-alt": {
        "body": "<${1:span} className=\"st-icon-search-alt\"></${1:span}>$0",
        "description": "<span>",
        "prefix": "st-icon-search-alt"
    },
    "st-icon-search-alt:hover": {
        "body": "<${1:span} className=\"st-icon-search-alt:hover\"></${1:span}>$0",
        "description": "<span>",
        "prefix": "st-icon-search-alt:hover"
    }
}