{
    "ai-dialer": {
        "body": "content: '\\\\e8e5';$0",
        "description": "content",
        "prefix": "ai-dialer"
    },
    "ai-rss": {
        "body": "content: '\\\\e8c5';$0",
        "description": "content",
        "prefix": "ai-rss"
    },
    "ai-star-0": {
        "body": "content: '\\\\e8e7';$0",
        "description": "content",
        "prefix": "ai-star-0"
    },
    "ai-star-5": {
        "body": "content: '\\\\e8e8';$0",
        "description": "content",
        "prefix": "ai-star-5"
    },
    "ai-star-10": {
        "body": "content: '\\\\e8e9';$0",
        "description": "content",
        "prefix": "ai-star-10"
    },
    "ai-navigate": {
        "body": "content: '\\\\e8ea';$0",
        "description": "content",
        "prefix": "ai-navigate"
    },
    "ai-calendar": {
        "body": "content: '\\\\e8eb';$0",
        "description": "content",
        "prefix": "ai-calendar"
    },
    "ai-overflow": {
        "body": "content: '\\\\e8ec';$0",
        "description": "content",
        "prefix": "ai-overflow"
    },
    "ai-send": {
        "body": "content: '\\\\e8ed';$0",
        "description": "content",
        "prefix": "ai-send"
    },
    "ai-bell": {
        "body": "content: '\\\\e8ee';$0",
        "description": "content",
        "prefix": "ai-bell"
    },
    "ai-heart": {
        "body": "content: '\\\\e8ef';$0",
        "description": "content",
        "prefix": "ai-heart"
    },
    "ai-barcode": {
        "body": "content: '\\\\e8f0';$0",
        "description": "content",
        "prefix": "ai-barcode"
    },
    "ai-qrcode": {
        "body": "content: '\\\\e8f1';$0",
        "description": "content",
        "prefix": "ai-qrcode"
    },
    "ai-monolog": {
        "body": "content: '\\\\e8f2';$0",
        "description": "content",
        "prefix": "ai-monolog"
    },
    "ai-dialog": {
        "body": "content: '\\\\e8f3';$0",
        "description": "content",
        "prefix": "ai-dialog"
    },
    "ai-user": {
        "body": "content: '\\\\e8f4';$0",
        "description": "content",
        "prefix": "ai-user"
    },
    "ai-users": {
        "body": "content: '\\\\e8f5';$0",
        "description": "content",
        "prefix": "ai-users"
    },
    "ai-sun": {
        "body": "content: '\\\\e8f6';$0",
        "description": "content",
        "prefix": "ai-sun"
    },
    "ai-cloud": {
        "body": "content: '\\\\e8f7';$0",
        "description": "content",
        "prefix": "ai-cloud"
    },
    "ai-rain": {
        "body": "content: '\\\\e8f8';$0",
        "description": "content",
        "prefix": "ai-rain"
    },
    "ai-cloudy": {
        "body": "content: '\\\\e800';$0",
        "description": "content",
        "prefix": "ai-cloudy"
    },
    "ai-mist": {
        "body": "content: '\\\\e801';$0",
        "description": "content",
        "prefix": "ai-mist"
    },
    "ai-flag": {
        "body": "content: '\\\\e802';$0",
        "description": "content",
        "prefix": "ai-flag"
    },
    "ai-umbrella": {
        "body": "content: '\\\\e803';$0",
        "description": "content",
        "prefix": "ai-umbrella"
    },
    "ai-magnet": {
        "body": "content: '\\\\e804';$0",
        "description": "content",
        "prefix": "ai-magnet"
    },
    "ai-pie-chart": {
        "body": "content: '\\\\e805';$0",
        "description": "content",
        "prefix": "ai-pie-chart"
    },
    "ai-clock": {
        "body": "content: '\\\\e806';$0",
        "description": "content",
        "prefix": "ai-clock"
    },
    "ai-settings": {
        "body": "content: '\\\\e807';$0",
        "description": "content",
        "prefix": "ai-settings"
    },
    "ai-music-1": {
        "body": "content: '\\\\e808';$0",
        "description": "content",
        "prefix": "ai-music-1"
    },
    "ai-music-2": {
        "body": "content: '\\\\e809';$0",
        "description": "content",
        "prefix": "ai-music-2"
    },
    "ai-headphones": {
        "body": "content: '\\\\e80a';$0",
        "description": "content",
        "prefix": "ai-headphones"
    },
    "ai-tiles-large": {
        "body": "content: '\\\\e80b';$0",
        "description": "content",
        "prefix": "ai-tiles-large"
    },
    "ai-tiles-small": {
        "body": "content: '\\\\e80c';$0",
        "description": "content",
        "prefix": "ai-tiles-small"
    },
    "ai-business": {
        "body": "content: '\\\\e80d';$0",
        "description": "content",
        "prefix": "ai-business"
    },
    "ai-folder-open": {
        "body": "content: '\\\\e80e';$0",
        "description": "content",
        "prefix": "ai-folder-open"
    },
    "ai-folder-closed": {
        "body": "content: '\\\\e80f';$0",
        "description": "content",
        "prefix": "ai-folder-closed"
    },
    "ai-folder-tabs": {
        "body": "content: '\\\\e810';$0",
        "description": "content",
        "prefix": "ai-folder-tabs"
    },
    "ai-phone-end": {
        "body": "content: '\\\\e811';$0",
        "description": "content",
        "prefix": "ai-phone-end"
    },
    "ai-phone-start": {
        "body": "content: '\\\\e812';$0",
        "description": "content",
        "prefix": "ai-phone-start"
    },
    "ai-phone-incoming": {
        "body": "content: '\\\\e813';$0",
        "description": "content",
        "prefix": "ai-phone-incoming"
    },
    "ai-phone-outgoing": {
        "body": "content: '\\\\e814';$0",
        "description": "content",
        "prefix": "ai-phone-outgoing"
    },
    "ai-phone-missed": {
        "body": "content: '\\\\e815';$0",
        "description": "content",
        "prefix": "ai-phone-missed"
    },
    "ai-plane": {
        "body": "content: '\\\\e816';$0",
        "description": "content",
        "prefix": "ai-plane"
    },
    "ai-flash": {
        "body": "content: '\\\\e817';$0",
        "description": "content",
        "prefix": "ai-flash"
    },
    "ai-android": {
        "body": "content: '\\\\e818';$0",
        "description": "content",
        "prefix": "ai-android"
    },
    "ai-expand": {
        "body": "content: '\\\\e819';$0",
        "description": "content",
        "prefix": "ai-expand"
    },
    "ai-collapse": {
        "body": "content: '\\\\e81a';$0",
        "description": "content",
        "prefix": "ai-collapse"
    },
    "ai-plus": {
        "body": "content: '\\\\e81b';$0",
        "description": "content",
        "prefix": "ai-plus"
    },
    "ai-minus": {
        "body": "content: '\\\\e81c';$0",
        "description": "content",
        "prefix": "ai-minus"
    },
    "ai-video": {
        "body": "content: '\\\\e81d';$0",
        "description": "content",
        "prefix": "ai-video"
    },
    "ai-camera": {
        "body": "content: '\\\\e81e';$0",
        "description": "content",
        "prefix": "ai-camera"
    },
    "ai-ruler": {
        "body": "content: '\\\\e81f';$0",
        "description": "content",
        "prefix": "ai-ruler"
    },
    "ai-anchor": {
        "body": "content: '\\\\e820';$0",
        "description": "content",
        "prefix": "ai-anchor"
    },
    "ai-contrast": {
        "body": "content: '\\\\e821';$0",
        "description": "content",
        "prefix": "ai-contrast"
    },
    "ai-yingyang": {
        "body": "content: '\\\\e822';$0",
        "description": "content",
        "prefix": "ai-yingyang"
    },
    "ai-shield": {
        "body": "content: '\\\\e823';$0",
        "description": "content",
        "prefix": "ai-shield"
    },
    "ai-achievement": {
        "body": "content: '\\\\e824';$0",
        "description": "content",
        "prefix": "ai-achievement"
    },
    "ai-arrow-right": {
        "body": "content: '\\\\e825';$0",
        "description": "content",
        "prefix": "ai-arrow-right"
    },
    "ai-arrow-left": {
        "body": "content: '\\\\e826';$0",
        "description": "content",
        "prefix": "ai-arrow-left"
    },
    "ai-search": {
        "body": "content: '\\\\e827';$0",
        "description": "content",
        "prefix": "ai-search"
    },
    "ai-arrow-up": {
        "body": "content: '\\\\e828';$0",
        "description": "content",
        "prefix": "ai-arrow-up"
    },
    "ai-arrow-down": {
        "body": "content: '\\\\e829';$0",
        "description": "content",
        "prefix": "ai-arrow-down"
    },
    "ai-arrow-right-up": {
        "body": "content: '\\\\e82a';$0",
        "description": "content",
        "prefix": "ai-arrow-right-up"
    },
    "ai-arrow-left-up": {
        "body": "content: '\\\\e82b';$0",
        "description": "content",
        "prefix": "ai-arrow-left-up"
    },
    "ai-arrow-left-down": {
        "body": "content: '\\\\e82c';$0",
        "description": "content",
        "prefix": "ai-arrow-left-down"
    },
    "ai-arrow-right-down": {
        "body": "content: '\\\\e82d';$0",
        "description": "content",
        "prefix": "ai-arrow-right-down"
    },
    "ai-tick": {
        "body": "content: '\\\\e82e';$0",
        "description": "content",
        "prefix": "ai-tick"
    },
    "ai-cancel": {
        "body": "content: '\\\\e82f';$0",
        "description": "content",
        "prefix": "ai-cancel"
    },
    "ai-bookmark": {
        "body": "content: '\\\\e830';$0",
        "description": "content",
        "prefix": "ai-bookmark"
    },
    "ai-lab": {
        "body": "content: '\\\\e831';$0",
        "description": "content",
        "prefix": "ai-lab"
    },
    "ai-wizard": {
        "body": "content: '\\\\e832';$0",
        "description": "content",
        "prefix": "ai-wizard"
    },
    "ai-temperature": {
        "body": "content: '\\\\e833';$0",
        "description": "content",
        "prefix": "ai-temperature"
    },
    "ai-grow": {
        "body": "content: '\\\\e834';$0",
        "description": "content",
        "prefix": "ai-grow"
    },
    "ai-ball": {
        "body": "content: '\\\\e835';$0",
        "description": "content",
        "prefix": "ai-ball"
    },
    "ai-steering-wheel": {
        "body": "content: '\\\\e836';$0",
        "description": "content",
        "prefix": "ai-steering-wheel"
    },
    "ai-signal": {
        "body": "content: '\\\\e837';$0",
        "description": "content",
        "prefix": "ai-signal"
    },
    "ai-pin": {
        "body": "content: '\\\\e838';$0",
        "description": "content",
        "prefix": "ai-pin"
    },
    "ai-glasses": {
        "body": "content: '\\\\e839';$0",
        "description": "content",
        "prefix": "ai-glasses"
    },
    "ai-globe": {
        "body": "content: '\\\\e83a';$0",
        "description": "content",
        "prefix": "ai-globe"
    },
    "ai-mail": {
        "body": "content: '\\\\e83b';$0",
        "description": "content",
        "prefix": "ai-mail"
    },
    "ai-share-2": {
        "body": "content: '\\\\e83c';$0",
        "description": "content",
        "prefix": "ai-share-2"
    },
    "ai-phone": {
        "body": "content: '\\\\e83d';$0",
        "description": "content",
        "prefix": "ai-phone"
    },
    "ai-laptop": {
        "body": "content: '\\\\e83e';$0",
        "description": "content",
        "prefix": "ai-laptop"
    },
    "ai-monitor": {
        "body": "content: '\\\\e83f';$0",
        "description": "content",
        "prefix": "ai-monitor"
    },
    "ai-tablet": {
        "body": "content: '\\\\e840';$0",
        "description": "content",
        "prefix": "ai-tablet"
    },
    "ai-tv": {
        "body": "content: '\\\\e841';$0",
        "description": "content",
        "prefix": "ai-tv"
    },
    "ai-database": {
        "body": "content: '\\\\e842';$0",
        "description": "content",
        "prefix": "ai-database"
    },
    "ai-puzzle": {
        "body": "content: '\\\\e843';$0",
        "description": "content",
        "prefix": "ai-puzzle"
    },
    "ai-reload": {
        "body": "content: '\\\\e844';$0",
        "description": "content",
        "prefix": "ai-reload"
    },
    "ai-attachment": {
        "body": "content: '\\\\e845';$0",
        "description": "content",
        "prefix": "ai-attachment"
    },
    "ai-attachment-2": {
        "body": "content: '\\\\e846';$0",
        "description": "content",
        "prefix": "ai-attachment-2"
    },
    "ai-trash": {
        "body": "content: '\\\\e847';$0",
        "description": "content",
        "prefix": "ai-trash"
    },
    "ai-upload": {
        "body": "content: '\\\\e848';$0",
        "description": "content",
        "prefix": "ai-upload"
    },
    "ai-download": {
        "body": "content: '\\\\e849';$0",
        "description": "content",
        "prefix": "ai-download"
    },
    "ai-crop": {
        "body": "content: '\\\\e84a';$0",
        "description": "content",
        "prefix": "ai-crop"
    },
    "ai-home": {
        "body": "content: '\\\\e84b';$0",
        "description": "content",
        "prefix": "ai-home"
    },
    "ai-inbox": {
        "body": "content: '\\\\e84c';$0",
        "description": "content",
        "prefix": "ai-inbox"
    },
    "ai-drop": {
        "body": "content: '\\\\e84d';$0",
        "description": "content",
        "prefix": "ai-drop"
    },
    "ai-help": {
        "body": "content: '\\\\e84e';$0",
        "description": "content",
        "prefix": "ai-help"
    },
    "ai-info": {
        "body": "content: '\\\\e84f';$0",
        "description": "content",
        "prefix": "ai-info"
    },
    "ai-plusone": {
        "body": "content: '\\\\e850';$0",
        "description": "content",
        "prefix": "ai-plusone"
    },
    "ai-undo": {
        "body": "content: '\\\\e851';$0",
        "description": "content",
        "prefix": "ai-undo"
    },
    "ai-redo": {
        "body": "content: '\\\\e852';$0",
        "description": "content",
        "prefix": "ai-redo"
    },
    "ai-sort-1": {
        "body": "content: '\\\\e853';$0",
        "description": "content",
        "prefix": "ai-sort-1"
    },
    "ai-sort-2": {
        "body": "content: '\\\\e854';$0",
        "description": "content",
        "prefix": "ai-sort-2"
    },
    "ai-document": {
        "body": "content: '\\\\e855';$0",
        "description": "content",
        "prefix": "ai-document"
    },
    "ai-picture": {
        "body": "content: '\\\\e856';$0",
        "description": "content",
        "prefix": "ai-picture"
    },
    "ai-movie": {
        "body": "content: '\\\\e857';$0",
        "description": "content",
        "prefix": "ai-movie"
    },
    "ai-bulb": {
        "body": "content: '\\\\e858';$0",
        "description": "content",
        "prefix": "ai-bulb"
    },
    "ai-news": {
        "body": "content: '\\\\e859';$0",
        "description": "content",
        "prefix": "ai-news"
    },
    "ai-line-chart": {
        "body": "content: '\\\\e85a';$0",
        "description": "content",
        "prefix": "ai-line-chart"
    },
    "ai-calculator": {
        "body": "content: '\\\\e85b';$0",
        "description": "content",
        "prefix": "ai-calculator"
    },
    "ai-stamp": {
        "body": "content: '\\\\e85c';$0",
        "description": "content",
        "prefix": "ai-stamp"
    },
    "ai-turn-left": {
        "body": "content: '\\\\e85d';$0",
        "description": "content",
        "prefix": "ai-turn-left"
    },
    "ai-turn-right": {
        "body": "content: '\\\\e85e';$0",
        "description": "content",
        "prefix": "ai-turn-right"
    },
    "ai-map": {
        "body": "content: '\\\\e85f';$0",
        "description": "content",
        "prefix": "ai-map"
    },
    "ai-location": {
        "body": "content: '\\\\e860';$0",
        "description": "content",
        "prefix": "ai-location"
    },
    "ai-armchair": {
        "body": "content: '\\\\e861';$0",
        "description": "content",
        "prefix": "ai-armchair"
    },
    "ai-exit": {
        "body": "content: '\\\\e862';$0",
        "description": "content",
        "prefix": "ai-exit"
    },
    "ai-picker": {
        "body": "content: '\\\\e863';$0",
        "description": "content",
        "prefix": "ai-picker"
    },
    "ai-brush": {
        "body": "content: '\\\\e864';$0",
        "description": "content",
        "prefix": "ai-brush"
    },
    "ai-bug": {
        "body": "content: '\\\\e865';$0",
        "description": "content",
        "prefix": "ai-bug"
    },
    "ai-creditcard": {
        "body": "content: '\\\\e866';$0",
        "description": "content",
        "prefix": "ai-creditcard"
    },
    "ai-bargraph": {
        "body": "content: '\\\\e867';$0",
        "description": "content",
        "prefix": "ai-bargraph"
    },
    "ai-share": {
        "body": "content: '\\\\e8e6';$0",
        "description": "content",
        "prefix": "ai-share"
    },
    "ai-link": {
        "body": "content: '\\\\e869';$0",
        "description": "content",
        "prefix": "ai-link"
    },
    "ai-tag": {
        "body": "content: '\\\\e86a';$0",
        "description": "content",
        "prefix": "ai-tag"
    },
    "ai-tags": {
        "body": "content: '\\\\e86b';$0",
        "description": "content",
        "prefix": "ai-tags"
    },
    "ai-copy": {
        "body": "content: '\\\\e86c';$0",
        "description": "content",
        "prefix": "ai-copy"
    },
    "ai-cut": {
        "body": "content: '\\\\e86d';$0",
        "description": "content",
        "prefix": "ai-cut"
    },
    "ai-paste": {
        "body": "content: '\\\\e86e';$0",
        "description": "content",
        "prefix": "ai-paste"
    },
    "ai-filter": {
        "body": "content: '\\\\e86f';$0",
        "description": "content",
        "prefix": "ai-filter"
    },
    "ai-volume": {
        "body": "content: '\\\\e870';$0",
        "description": "content",
        "prefix": "ai-volume"
    },
    "ai-volume-mute": {
        "body": "content: '\\\\e871';$0",
        "description": "content",
        "prefix": "ai-volume-mute"
    },
    "ai-volume-up": {
        "body": "content: '\\\\e872';$0",
        "description": "content",
        "prefix": "ai-volume-up"
    },
    "ai-volume-down": {
        "body": "content: '\\\\e873';$0",
        "description": "content",
        "prefix": "ai-volume-down"
    },
    "ai-halt": {
        "body": "content: '\\\\e874';$0",
        "description": "content",
        "prefix": "ai-halt"
    },
    "ai-power": {
        "body": "content: '\\\\e875';$0",
        "description": "content",
        "prefix": "ai-power"
    },
    "ai-blob": {
        "body": "content: '\\\\e876';$0",
        "description": "content",
        "prefix": "ai-blob"
    },
    "ai-mic": {
        "body": "content: '\\\\e877';$0",
        "description": "content",
        "prefix": "ai-mic"
    },
    "ai-micoff": {
        "body": "content: '\\\\e878';$0",
        "description": "content",
        "prefix": "ai-micoff"
    },
    "ai-warning": {
        "body": "content: '\\\\e879';$0",
        "description": "content",
        "prefix": "ai-warning"
    },
    "ai-joypad": {
        "body": "content: '\\\\e87a';$0",
        "description": "content",
        "prefix": "ai-joypad"
    },
    "ai-import": {
        "body": "content: '\\\\e87b';$0",
        "description": "content",
        "prefix": "ai-import"
    },
    "ai-export": {
        "body": "content: '\\\\e87c';$0",
        "description": "content",
        "prefix": "ai-export"
    },
    "ai-present": {
        "body": "content: '\\\\e87d';$0",
        "description": "content",
        "prefix": "ai-present"
    },
    "ai-playback-play": {
        "body": "content: '\\\\e87e';$0",
        "description": "content",
        "prefix": "ai-playback-play"
    },
    "ai-playback-pause": {
        "body": "content: '\\\\e87f';$0",
        "description": "content",
        "prefix": "ai-playback-pause"
    },
    "ai-playback-stop": {
        "body": "content: '\\\\e880';$0",
        "description": "content",
        "prefix": "ai-playback-stop"
    },
    "ai-playback-rew": {
        "body": "content: '\\\\e881';$0",
        "description": "content",
        "prefix": "ai-playback-rew"
    },
    "ai-playback-prev": {
        "body": "content: '\\\\e882';$0",
        "description": "content",
        "prefix": "ai-playback-prev"
    },
    "ai-playback-forw": {
        "body": "content: '\\\\e883';$0",
        "description": "content",
        "prefix": "ai-playback-forw"
    },
    "ai-playback-next": {
        "body": "content: '\\\\e884';$0",
        "description": "content",
        "prefix": "ai-playback-next"
    },
    "ai-playback-shuffle": {
        "body": "content: '\\\\e885';$0",
        "description": "content",
        "prefix": "ai-playback-shuffle"
    },
    "ai-playback-repeat": {
        "body": "content: '\\\\e886';$0",
        "description": "content",
        "prefix": "ai-playback-repeat"
    },
    "ai-playback-repeat-1": {
        "body": "content: '\\\\e887';$0",
        "description": "content",
        "prefix": "ai-playback-repeat-1"
    },
    "ai-more": {
        "body": "content: '\\\\e888';$0",
        "description": "content",
        "prefix": "ai-more"
    },
    "ai-goright": {
        "body": "content: '\\\\e889';$0",
        "description": "content",
        "prefix": "ai-goright"
    },
    "ai-goleft": {
        "body": "content: '\\\\e88a';$0",
        "description": "content",
        "prefix": "ai-goleft"
    },
    "ai-like": {
        "body": "content: '\\\\e88b';$0",
        "description": "content",
        "prefix": "ai-like"
    },
    "ai-dontlike": {
        "body": "content: '\\\\e88c';$0",
        "description": "content",
        "prefix": "ai-dontlike"
    },
    "ai-planet": {
        "body": "content: '\\\\e88d';$0",
        "description": "content",
        "prefix": "ai-planet"
    },
    "ai-knight": {
        "body": "content: '\\\\e88e';$0",
        "description": "content",
        "prefix": "ai-knight"
    },
    "ai-flags": {
        "body": "content: '\\\\e88f';$0",
        "description": "content",
        "prefix": "ai-flags"
    },
    "ai-coffee": {
        "body": "content: '\\\\e890';$0",
        "description": "content",
        "prefix": "ai-coffee"
    },
    "ai-coffee2go": {
        "body": "content: '\\\\e891';$0",
        "description": "content",
        "prefix": "ai-coffee2go"
    },
    "ai-guitar": {
        "body": "content: '\\\\e892';$0",
        "description": "content",
        "prefix": "ai-guitar"
    },
    "ai-record": {
        "body": "content: '\\\\e893';$0",
        "description": "content",
        "prefix": "ai-record"
    },
    "ai-basket": {
        "body": "content: '\\\\e894';$0",
        "description": "content",
        "prefix": "ai-basket"
    },
    "ai-sms": {
        "body": "content: '\\\\e895';$0",
        "description": "content",
        "prefix": "ai-sms"
    },
    "ai-bluetooth": {
        "body": "content: '\\\\e896';$0",
        "description": "content",
        "prefix": "ai-bluetooth"
    },
    "ai-restaurant": {
        "body": "content: '\\\\e897';$0",
        "description": "content",
        "prefix": "ai-restaurant"
    },
    "ai-tshirt": {
        "body": "content: '\\\\e898';$0",
        "description": "content",
        "prefix": "ai-tshirt"
    },
    "ai-ticket": {
        "body": "content: '\\\\e899';$0",
        "description": "content",
        "prefix": "ai-ticket"
    },
    "ai-rocket": {
        "body": "content: '\\\\e89a';$0",
        "description": "content",
        "prefix": "ai-rocket"
    },
    "ai-book": {
        "body": "content: '\\\\e89b';$0",
        "description": "content",
        "prefix": "ai-book"
    },
    "ai-lock-closed": {
        "body": "content: '\\\\e89c';$0",
        "description": "content",
        "prefix": "ai-lock-closed"
    },
    "ai-lock-open": {
        "body": "content: '\\\\e89d';$0",
        "description": "content",
        "prefix": "ai-lock-open"
    },
    "ai-key": {
        "body": "content: '\\\\e89e';$0",
        "description": "content",
        "prefix": "ai-key"
    },
    "ai-wifi": {
        "body": "content: '\\\\e89f';$0",
        "description": "content",
        "prefix": "ai-wifi"
    },
    "ai-bars": {
        "body": "content: '\\\\e8a0';$0",
        "description": "content",
        "prefix": "ai-bars"
    },
    "ai-list": {
        "body": "content: '\\\\e8a1';$0",
        "description": "content",
        "prefix": "ai-list"
    },
    "ai-list-2": {
        "body": "content: '\\\\e8a2';$0",
        "description": "content",
        "prefix": "ai-list-2"
    },
    "ai-eye-open": {
        "body": "content: '\\\\e8a3';$0",
        "description": "content",
        "prefix": "ai-eye-open"
    },
    "ai-save": {
        "body": "content: '\\\\e8a4';$0",
        "description": "content",
        "prefix": "ai-save"
    },
    "ai-drag": {
        "body": "content: '\\\\e8a5';$0",
        "description": "content",
        "prefix": "ai-drag"
    },
    "ai-cart": {
        "body": "content: '\\\\e8a6';$0",
        "description": "content",
        "prefix": "ai-cart"
    },
    "ai-box": {
        "body": "content: '\\\\e8a7';$0",
        "description": "content",
        "prefix": "ai-box"
    },
    "ai-mouse": {
        "body": "content: '\\\\e8a8';$0",
        "description": "content",
        "prefix": "ai-mouse"
    },
    "ai-plug": {
        "body": "content: '\\\\e8a9';$0",
        "description": "content",
        "prefix": "ai-plug"
    },
    "ai-compass": {
        "body": "content: '\\\\e8aa';$0",
        "description": "content",
        "prefix": "ai-compass"
    },
    "ai-bike": {
        "body": "content: '\\\\e8ab';$0",
        "description": "content",
        "prefix": "ai-bike"
    },
    "ai-bus": {
        "body": "content: '\\\\e8ac';$0",
        "description": "content",
        "prefix": "ai-bus"
    },
    "ai-train": {
        "body": "content: '\\\\e8ad';$0",
        "description": "content",
        "prefix": "ai-train"
    },
    "ai-car": {
        "body": "content: '\\\\e8ae';$0",
        "description": "content",
        "prefix": "ai-car"
    },
    "ai-dice1": {
        "body": "content: '\\\\e8af';$0",
        "description": "content",
        "prefix": "ai-dice1"
    },
    "ai-dice2": {
        "body": "content: '\\\\e8b0';$0",
        "description": "content",
        "prefix": "ai-dice2"
    },
    "ai-dice3": {
        "body": "content: '\\\\e8b1';$0",
        "description": "content",
        "prefix": "ai-dice3"
    },
    "ai-dice4": {
        "body": "content: '\\\\e8b2';$0",
        "description": "content",
        "prefix": "ai-dice4"
    },
    "ai-dice5": {
        "body": "content: '\\\\e8b3';$0",
        "description": "content",
        "prefix": "ai-dice5"
    },
    "ai-dice6": {
        "body": "content: '\\\\e8b4';$0",
        "description": "content",
        "prefix": "ai-dice6"
    },
    "ai-pill": {
        "body": "content: '\\\\e8b5';$0",
        "description": "content",
        "prefix": "ai-pill"
    },
    "ai-mustache": {
        "body": "content: '\\\\e8b6';$0",
        "description": "content",
        "prefix": "ai-mustache"
    },
    "ai-font-bigger": {
        "body": "content: '\\\\e8b7';$0",
        "description": "content",
        "prefix": "ai-font-bigger"
    },
    "ai-font-smaller": {
        "body": "content: '\\\\e8b8';$0",
        "description": "content",
        "prefix": "ai-font-smaller"
    },
    "ai-font-bold": {
        "body": "content: '\\\\e8b9';$0",
        "description": "content",
        "prefix": "ai-font-bold"
    },
    "ai-font-underline": {
        "body": "content: '\\\\e8ba';$0",
        "description": "content",
        "prefix": "ai-font-underline"
    },
    "ai-font-faces": {
        "body": "content: '\\\\e8bb';$0",
        "description": "content",
        "prefix": "ai-font-faces"
    },
    "ai-balloon": {
        "body": "content: '\\\\e8bc';$0",
        "description": "content",
        "prefix": "ai-balloon"
    },
    "ai-process-end": {
        "body": "content: '\\\\e8bd';$0",
        "description": "content",
        "prefix": "ai-process-end"
    },
    "ai-process-save": {
        "body": "content: '\\\\e8be';$0",
        "description": "content",
        "prefix": "ai-process-save"
    },
    "ai-process-start": {
        "body": "content: '\\\\e8bf';$0",
        "description": "content",
        "prefix": "ai-process-start"
    },
    "ai-alarm": {
        "body": "content: '\\\\e8c0';$0",
        "description": "content",
        "prefix": "ai-alarm"
    },
    "ai-eye-closed": {
        "body": "content: '\\\\e8c1';$0",
        "description": "content",
        "prefix": "ai-eye-closed"
    },
    "ai-font-italic": {
        "body": "content: '\\\\e8c2';$0",
        "description": "content",
        "prefix": "ai-font-italic"
    },
    "ai-location-2": {
        "body": "content: '\\\\e8c3';$0",
        "description": "content",
        "prefix": "ai-location-2"
    },
    "ai-edit": {
        "body": "content: '\\\\e8c4';$0",
        "description": "content",
        "prefix": "ai-edit"
    },
    "ai-emo-basic": {
        "body": "content: '\\\\e8c6';$0",
        "description": "content",
        "prefix": "ai-emo-basic"
    },
    "ai-emo-cool": {
        "body": "content: '\\\\e8c7';$0",
        "description": "content",
        "prefix": "ai-emo-cool"
    },
    "ai-emo-wonder": {
        "body": "content: '\\\\e8c8';$0",
        "description": "content",
        "prefix": "ai-emo-wonder"
    },
    "ai-emo-shame": {
        "body": "content: '\\\\e8c9';$0",
        "description": "content",
        "prefix": "ai-emo-shame"
    },
    "ai-emo-laugh": {
        "body": "content: '\\\\e8ca';$0",
        "description": "content",
        "prefix": "ai-emo-laugh"
    },
    "ai-emo-angry": {
        "body": "content: '\\\\e8cb';$0",
        "description": "content",
        "prefix": "ai-emo-angry"
    },
    "ai-emo-tongue": {
        "body": "content: '\\\\e8cc';$0",
        "description": "content",
        "prefix": "ai-emo-tongue"
    },
    "ai-emo-err": {
        "body": "content: '\\\\e8cd';$0",
        "description": "content",
        "prefix": "ai-emo-err"
    },
    "ai-emo-kiss": {
        "body": "content: '\\\\e8ce';$0",
        "description": "content",
        "prefix": "ai-emo-kiss"
    },
    "ai-emo-cry": {
        "body": "content: '\\\\e8cf';$0",
        "description": "content",
        "prefix": "ai-emo-cry"
    },
    "ai-emo-wink": {
        "body": "content: '\\\\e8d0';$0",
        "description": "content",
        "prefix": "ai-emo-wink"
    },
    "ai-emo-evil": {
        "body": "content: '\\\\e8d1';$0",
        "description": "content",
        "prefix": "ai-emo-evil"
    },
    "ai-amazon": {
        "body": "content: '\\\\e8d2';$0",
        "description": "content",
        "prefix": "ai-amazon"
    },
    "ai-html5": {
        "body": "content: '\\\\e8d3';$0",
        "description": "content",
        "prefix": "ai-html5"
    },
    "ai-dropbox": {
        "body": "content: '\\\\e8d4';$0",
        "description": "content",
        "prefix": "ai-dropbox"
    },
    "ai-facebook": {
        "body": "content: '\\\\e8d5';$0",
        "description": "content",
        "prefix": "ai-facebook"
    },
    "ai-github": {
        "body": "content: '\\\\e8d6';$0",
        "description": "content",
        "prefix": "ai-github"
    },
    "ai-gmail": {
        "body": "content: '\\\\e8d7';$0",
        "description": "content",
        "prefix": "ai-gmail"
    },
    "ai-gplay": {
        "body": "content: '\\\\e8d8';$0",
        "description": "content",
        "prefix": "ai-gplay"
    },
    "ai-pinterest": {
        "body": "content: '\\\\e8d9';$0",
        "description": "content",
        "prefix": "ai-pinterest"
    },
    "ai-soundcloud": {
        "body": "content: '\\\\e8da';$0",
        "description": "content",
        "prefix": "ai-soundcloud"
    },
    "ai-gcircles": {
        "body": "content: '\\\\e8db';$0",
        "description": "content",
        "prefix": "ai-gcircles"
    },
    "ai-vimeo": {
        "body": "content: '\\\\e8dc';$0",
        "description": "content",
        "prefix": "ai-vimeo"
    },
    "ai-youtube": {
        "body": "content: '\\\\e8dd';$0",
        "description": "content",
        "prefix": "ai-youtube"
    },
    "ai-foursquare": {
        "body": "content: '\\\\e8de';$0",
        "description": "content",
        "prefix": "ai-foursquare"
    },
    "ai-gplus": {
        "body": "content: '\\\\e8df';$0",
        "description": "content",
        "prefix": "ai-gplus"
    },
    "ai-linkedin": {
        "body": "content: '\\\\e8e0';$0",
        "description": "content",
        "prefix": "ai-linkedin"
    },
    "ai-paypal": {
        "body": "content: '\\\\e8e1';$0",
        "description": "content",
        "prefix": "ai-paypal"
    },
    "ai-stumbleupon": {
        "body": "content: '\\\\e8e2';$0",
        "description": "content",
        "prefix": "ai-stumbleupon"
    },
    "ai-tumblr": {
        "body": "content: '\\\\e8e3';$0",
        "description": "content",
        "prefix": "ai-tumblr"
    },
    "ai-twitter": {
        "body": "content: '\\\\e8e4';$0",
        "description": "content",
        "prefix": "ai-twitter"
    },
    "ai-gear": {
        "body": "content: '\\\\e868';$0",
        "description": "content",
        "prefix": "ai-gear"
    }
}