{
    "el-address-book-alt": {
        "body": "content: '\\\\f101';$0",
        "description": "content",
        "prefix": "el-address-book-alt"
    },
    "el-address-book": {
        "body": "content: '\\\\f102';$0",
        "description": "content",
        "prefix": "el-address-book"
    },
    "el-adjust-alt": {
        "body": "content: '\\\\f103';$0",
        "description": "content",
        "prefix": "el-adjust-alt"
    },
    "el-adjust": {
        "body": "content: '\\\\f104';$0",
        "description": "content",
        "prefix": "el-adjust"
    },
    "el-adult": {
        "body": "content: '\\\\f105';$0",
        "description": "content",
        "prefix": "el-adult"
    },
    "el-align-center": {
        "body": "content: '\\\\f106';$0",
        "description": "content",
        "prefix": "el-align-center"
    },
    "el-align-justify": {
        "body": "content: '\\\\f107';$0",
        "description": "content",
        "prefix": "el-align-justify"
    },
    "el-align-left": {
        "body": "content: '\\\\f108';$0",
        "description": "content",
        "prefix": "el-align-left"
    },
    "el-align-right": {
        "body": "content: '\\\\f109';$0",
        "description": "content",
        "prefix": "el-align-right"
    },
    "el-arrow-down": {
        "body": "content: '\\\\f10a';$0",
        "description": "content",
        "prefix": "el-arrow-down"
    },
    "el-arrow-left": {
        "body": "content: '\\\\f10b';$0",
        "description": "content",
        "prefix": "el-arrow-left"
    },
    "el-arrow-right": {
        "body": "content: '\\\\f10c';$0",
        "description": "content",
        "prefix": "el-arrow-right"
    },
    "el-arrow-up": {
        "body": "content: '\\\\f10d';$0",
        "description": "content",
        "prefix": "el-arrow-up"
    },
    "el-asl": {
        "body": "content: '\\\\f10e';$0",
        "description": "content",
        "prefix": "el-asl"
    },
    "el-asterisk": {
        "body": "content: '\\\\f10f';$0",
        "description": "content",
        "prefix": "el-asterisk"
    },
    "el-backward": {
        "body": "content: '\\\\f110';$0",
        "description": "content",
        "prefix": "el-backward"
    },
    "el-ban-circle": {
        "body": "content: '\\\\f111';$0",
        "description": "content",
        "prefix": "el-ban-circle"
    },
    "el-barcode": {
        "body": "content: '\\\\f112';$0",
        "description": "content",
        "prefix": "el-barcode"
    },
    "el-behance": {
        "body": "content: '\\\\f113';$0",
        "description": "content",
        "prefix": "el-behance"
    },
    "el-bell": {
        "body": "content: '\\\\f114';$0",
        "description": "content",
        "prefix": "el-bell"
    },
    "el-blind": {
        "body": "content: '\\\\f115';$0",
        "description": "content",
        "prefix": "el-blind"
    },
    "el-blogger": {
        "body": "content: '\\\\f116';$0",
        "description": "content",
        "prefix": "el-blogger"
    },
    "el-bold": {
        "body": "content: '\\\\f117';$0",
        "description": "content",
        "prefix": "el-bold"
    },
    "el-book": {
        "body": "content: '\\\\f118';$0",
        "description": "content",
        "prefix": "el-book"
    },
    "el-bookmark-empty": {
        "body": "content: '\\\\f119';$0",
        "description": "content",
        "prefix": "el-bookmark-empty"
    },
    "el-bookmark": {
        "body": "content: '\\\\f11a';$0",
        "description": "content",
        "prefix": "el-bookmark"
    },
    "el-braille": {
        "body": "content: '\\\\f11b';$0",
        "description": "content",
        "prefix": "el-braille"
    },
    "el-briefcase": {
        "body": "content: '\\\\f11c';$0",
        "description": "content",
        "prefix": "el-briefcase"
    },
    "el-broom": {
        "body": "content: '\\\\f11d';$0",
        "description": "content",
        "prefix": "el-broom"
    },
    "el-brush": {
        "body": "content: '\\\\f11e';$0",
        "description": "content",
        "prefix": "el-brush"
    },
    "el-bulb": {
        "body": "content: '\\\\f11f';$0",
        "description": "content",
        "prefix": "el-bulb"
    },
    "el-bullhorn": {
        "body": "content: '\\\\f120';$0",
        "description": "content",
        "prefix": "el-bullhorn"
    },
    "el-calendar-sign": {
        "body": "content: '\\\\f121';$0",
        "description": "content",
        "prefix": "el-calendar-sign"
    },
    "el-calendar": {
        "body": "content: '\\\\f122';$0",
        "description": "content",
        "prefix": "el-calendar"
    },
    "el-camera": {
        "body": "content: '\\\\f123';$0",
        "description": "content",
        "prefix": "el-camera"
    },
    "el-car": {
        "body": "content: '\\\\f124';$0",
        "description": "content",
        "prefix": "el-car"
    },
    "el-caret-down": {
        "body": "content: '\\\\f125';$0",
        "description": "content",
        "prefix": "el-caret-down"
    },
    "el-caret-left": {
        "body": "content: '\\\\f126';$0",
        "description": "content",
        "prefix": "el-caret-left"
    },
    "el-caret-right": {
        "body": "content: '\\\\f127';$0",
        "description": "content",
        "prefix": "el-caret-right"
    },
    "el-caret-up": {
        "body": "content: '\\\\f128';$0",
        "description": "content",
        "prefix": "el-caret-up"
    },
    "el-cc": {
        "body": "content: '\\\\f129';$0",
        "description": "content",
        "prefix": "el-cc"
    },
    "el-certificate": {
        "body": "content: '\\\\f12a';$0",
        "description": "content",
        "prefix": "el-certificate"
    },
    "el-check-empty": {
        "body": "content: '\\\\f12b';$0",
        "description": "content",
        "prefix": "el-check-empty"
    },
    "el-check": {
        "body": "content: '\\\\f12c';$0",
        "description": "content",
        "prefix": "el-check"
    },
    "el-chevron-down": {
        "body": "content: '\\\\f12d';$0",
        "description": "content",
        "prefix": "el-chevron-down"
    },
    "el-chevron-left": {
        "body": "content: '\\\\f12e';$0",
        "description": "content",
        "prefix": "el-chevron-left"
    },
    "el-chevron-right": {
        "body": "content: '\\\\f12f';$0",
        "description": "content",
        "prefix": "el-chevron-right"
    },
    "el-chevron-up": {
        "body": "content: '\\\\f130';$0",
        "description": "content",
        "prefix": "el-chevron-up"
    },
    "el-child": {
        "body": "content: '\\\\f131';$0",
        "description": "content",
        "prefix": "el-child"
    },
    "el-circle-arrow-down": {
        "body": "content: '\\\\f132';$0",
        "description": "content",
        "prefix": "el-circle-arrow-down"
    },
    "el-circle-arrow-left": {
        "body": "content: '\\\\f133';$0",
        "description": "content",
        "prefix": "el-circle-arrow-left"
    },
    "el-circle-arrow-right": {
        "body": "content: '\\\\f134';$0",
        "description": "content",
        "prefix": "el-circle-arrow-right"
    },
    "el-circle-arrow-up": {
        "body": "content: '\\\\f135';$0",
        "description": "content",
        "prefix": "el-circle-arrow-up"
    },
    "el-cloud-alt": {
        "body": "content: '\\\\f136';$0",
        "description": "content",
        "prefix": "el-cloud-alt"
    },
    "el-cloud": {
        "body": "content: '\\\\f137';$0",
        "description": "content",
        "prefix": "el-cloud"
    },
    "el-cog-alt": {
        "body": "content: '\\\\f138';$0",
        "description": "content",
        "prefix": "el-cog-alt"
    },
    "el-cog": {
        "body": "content: '\\\\f139';$0",
        "description": "content",
        "prefix": "el-cog"
    },
    "el-cogs": {
        "body": "content: '\\\\f13a';$0",
        "description": "content",
        "prefix": "el-cogs"
    },
    "el-comment-alt": {
        "body": "content: '\\\\f13b';$0",
        "description": "content",
        "prefix": "el-comment-alt"
    },
    "el-comment": {
        "body": "content: '\\\\f13c';$0",
        "description": "content",
        "prefix": "el-comment"
    },
    "el-compass-alt": {
        "body": "content: '\\\\f13d';$0",
        "description": "content",
        "prefix": "el-compass-alt"
    },
    "el-compass": {
        "body": "content: '\\\\f13e';$0",
        "description": "content",
        "prefix": "el-compass"
    },
    "el-credit-card": {
        "body": "content: '\\\\f13f';$0",
        "description": "content",
        "prefix": "el-credit-card"
    },
    "el-css": {
        "body": "content: '\\\\f140';$0",
        "description": "content",
        "prefix": "el-css"
    },
    "el-dashboard": {
        "body": "content: '\\\\f141';$0",
        "description": "content",
        "prefix": "el-dashboard"
    },
    "el-delicious": {
        "body": "content: '\\\\f142';$0",
        "description": "content",
        "prefix": "el-delicious"
    },
    "el-deviantart": {
        "body": "content: '\\\\f143';$0",
        "description": "content",
        "prefix": "el-deviantart"
    },
    "el-digg": {
        "body": "content: '\\\\f144';$0",
        "description": "content",
        "prefix": "el-digg"
    },
    "el-download-alt": {
        "body": "content: '\\\\f145';$0",
        "description": "content",
        "prefix": "el-download-alt"
    },
    "el-download": {
        "body": "content: '\\\\f146';$0",
        "description": "content",
        "prefix": "el-download"
    },
    "el-dribbble": {
        "body": "content: '\\\\f147';$0",
        "description": "content",
        "prefix": "el-dribbble"
    },
    "el-edit": {
        "body": "content: '\\\\f148';$0",
        "description": "content",
        "prefix": "el-edit"
    },
    "el-eject": {
        "body": "content: '\\\\f149';$0",
        "description": "content",
        "prefix": "el-eject"
    },
    "el-envelope-alt": {
        "body": "content: '\\\\f14a';$0",
        "description": "content",
        "prefix": "el-envelope-alt"
    },
    "el-envelope": {
        "body": "content: '\\\\f14b';$0",
        "description": "content",
        "prefix": "el-envelope"
    },
    "el-error-alt": {
        "body": "content: '\\\\f14c';$0",
        "description": "content",
        "prefix": "el-error-alt"
    },
    "el-error": {
        "body": "content: '\\\\f14d';$0",
        "description": "content",
        "prefix": "el-error"
    },
    "el-eur": {
        "body": "content: '\\\\f14e';$0",
        "description": "content",
        "prefix": "el-eur"
    },
    "el-exclamation-sign": {
        "body": "content: '\\\\f14f';$0",
        "description": "content",
        "prefix": "el-exclamation-sign"
    },
    "el-eye-close": {
        "body": "content: '\\\\f150';$0",
        "description": "content",
        "prefix": "el-eye-close"
    },
    "el-eye-open": {
        "body": "content: '\\\\f151';$0",
        "description": "content",
        "prefix": "el-eye-open"
    },
    "el-facebook": {
        "body": "content: '\\\\f152';$0",
        "description": "content",
        "prefix": "el-facebook"
    },
    "el-facetime-video": {
        "body": "content: '\\\\f153';$0",
        "description": "content",
        "prefix": "el-facetime-video"
    },
    "el-fast-backward": {
        "body": "content: '\\\\f154';$0",
        "description": "content",
        "prefix": "el-fast-backward"
    },
    "el-fast-forward": {
        "body": "content: '\\\\f155';$0",
        "description": "content",
        "prefix": "el-fast-forward"
    },
    "el-female": {
        "body": "content: '\\\\f156';$0",
        "description": "content",
        "prefix": "el-female"
    },
    "el-file-alt": {
        "body": "content: '\\\\f157';$0",
        "description": "content",
        "prefix": "el-file-alt"
    },
    "el-file-edit-alt": {
        "body": "content: '\\\\f158';$0",
        "description": "content",
        "prefix": "el-file-edit-alt"
    },
    "el-file-edit": {
        "body": "content: '\\\\f159';$0",
        "description": "content",
        "prefix": "el-file-edit"
    },
    "el-file-new-alt": {
        "body": "content: '\\\\f15a';$0",
        "description": "content",
        "prefix": "el-file-new-alt"
    },
    "el-file-new": {
        "body": "content: '\\\\f15b';$0",
        "description": "content",
        "prefix": "el-file-new"
    },
    "el-file": {
        "body": "content: '\\\\f15c';$0",
        "description": "content",
        "prefix": "el-file"
    },
    "el-film": {
        "body": "content: '\\\\f15d';$0",
        "description": "content",
        "prefix": "el-film"
    },
    "el-filter": {
        "body": "content: '\\\\f15e';$0",
        "description": "content",
        "prefix": "el-filter"
    },
    "el-fire": {
        "body": "content: '\\\\f15f';$0",
        "description": "content",
        "prefix": "el-fire"
    },
    "el-flag-alt": {
        "body": "content: '\\\\f160';$0",
        "description": "content",
        "prefix": "el-flag-alt"
    },
    "el-flag": {
        "body": "content: '\\\\f161';$0",
        "description": "content",
        "prefix": "el-flag"
    },
    "el-flickr": {
        "body": "content: '\\\\f162';$0",
        "description": "content",
        "prefix": "el-flickr"
    },
    "el-folder-close": {
        "body": "content: '\\\\f163';$0",
        "description": "content",
        "prefix": "el-folder-close"
    },
    "el-folder-open": {
        "body": "content: '\\\\f164';$0",
        "description": "content",
        "prefix": "el-folder-open"
    },
    "el-folder-sign": {
        "body": "content: '\\\\f165';$0",
        "description": "content",
        "prefix": "el-folder-sign"
    },
    "el-folder": {
        "body": "content: '\\\\f166';$0",
        "description": "content",
        "prefix": "el-folder"
    },
    "el-font": {
        "body": "content: '\\\\f167';$0",
        "description": "content",
        "prefix": "el-font"
    },
    "el-fontsize": {
        "body": "content: '\\\\f168';$0",
        "description": "content",
        "prefix": "el-fontsize"
    },
    "el-fork": {
        "body": "content: '\\\\f169';$0",
        "description": "content",
        "prefix": "el-fork"
    },
    "el-forward-alt": {
        "body": "content: '\\\\f16a';$0",
        "description": "content",
        "prefix": "el-forward-alt"
    },
    "el-forward": {
        "body": "content: '\\\\f16b';$0",
        "description": "content",
        "prefix": "el-forward"
    },
    "el-foursquare": {
        "body": "content: '\\\\f16c';$0",
        "description": "content",
        "prefix": "el-foursquare"
    },
    "el-friendfeed-rect": {
        "body": "content: '\\\\f16d';$0",
        "description": "content",
        "prefix": "el-friendfeed-rect"
    },
    "el-friendfeed": {
        "body": "content: '\\\\f16e';$0",
        "description": "content",
        "prefix": "el-friendfeed"
    },
    "el-fullscreen": {
        "body": "content: '\\\\f16f';$0",
        "description": "content",
        "prefix": "el-fullscreen"
    },
    "el-gbp": {
        "body": "content: '\\\\f170';$0",
        "description": "content",
        "prefix": "el-gbp"
    },
    "el-gift": {
        "body": "content: '\\\\f171';$0",
        "description": "content",
        "prefix": "el-gift"
    },
    "el-github-text": {
        "body": "content: '\\\\f172';$0",
        "description": "content",
        "prefix": "el-github-text"
    },
    "el-github": {
        "body": "content: '\\\\f173';$0",
        "description": "content",
        "prefix": "el-github"
    },
    "el-glass": {
        "body": "content: '\\\\f174';$0",
        "description": "content",
        "prefix": "el-glass"
    },
    "el-glasses": {
        "body": "content: '\\\\f175';$0",
        "description": "content",
        "prefix": "el-glasses"
    },
    "el-globe-alt": {
        "body": "content: '\\\\f176';$0",
        "description": "content",
        "prefix": "el-globe-alt"
    },
    "el-globe": {
        "body": "content: '\\\\f177';$0",
        "description": "content",
        "prefix": "el-globe"
    },
    "el-googleplus": {
        "body": "content: '\\\\f178';$0",
        "description": "content",
        "prefix": "el-googleplus"
    },
    "el-graph-alt": {
        "body": "content: '\\\\f179';$0",
        "description": "content",
        "prefix": "el-graph-alt"
    },
    "el-graph": {
        "body": "content: '\\\\f17a';$0",
        "description": "content",
        "prefix": "el-graph"
    },
    "el-group-alt": {
        "body": "content: '\\\\f17b';$0",
        "description": "content",
        "prefix": "el-group-alt"
    },
    "el-group": {
        "body": "content: '\\\\f17c';$0",
        "description": "content",
        "prefix": "el-group"
    },
    "el-guidedog": {
        "body": "content: '\\\\f17d';$0",
        "description": "content",
        "prefix": "el-guidedog"
    },
    "el-hand-down": {
        "body": "content: '\\\\f17e';$0",
        "description": "content",
        "prefix": "el-hand-down"
    },
    "el-hand-left": {
        "body": "content: '\\\\f17f';$0",
        "description": "content",
        "prefix": "el-hand-left"
    },
    "el-hand-right": {
        "body": "content: '\\\\f180';$0",
        "description": "content",
        "prefix": "el-hand-right"
    },
    "el-hand-up": {
        "body": "content: '\\\\f181';$0",
        "description": "content",
        "prefix": "el-hand-up"
    },
    "el-hdd": {
        "body": "content: '\\\\f182';$0",
        "description": "content",
        "prefix": "el-hdd"
    },
    "el-headphones": {
        "body": "content: '\\\\f183';$0",
        "description": "content",
        "prefix": "el-headphones"
    },
    "el-hearing-impaired": {
        "body": "content: '\\\\f184';$0",
        "description": "content",
        "prefix": "el-hearing-impaired"
    },
    "el-heart-alt": {
        "body": "content: '\\\\f185';$0",
        "description": "content",
        "prefix": "el-heart-alt"
    },
    "el-heart-empty": {
        "body": "content: '\\\\f186';$0",
        "description": "content",
        "prefix": "el-heart-empty"
    },
    "el-heart": {
        "body": "content: '\\\\f187';$0",
        "description": "content",
        "prefix": "el-heart"
    },
    "el-home-alt": {
        "body": "content: '\\\\f188';$0",
        "description": "content",
        "prefix": "el-home-alt"
    },
    "el-home": {
        "body": "content: '\\\\f189';$0",
        "description": "content",
        "prefix": "el-home"
    },
    "el-hourglass": {
        "body": "content: '\\\\f18a';$0",
        "description": "content",
        "prefix": "el-hourglass"
    },
    "el-idea-alt": {
        "body": "content: '\\\\f18b';$0",
        "description": "content",
        "prefix": "el-idea-alt"
    },
    "el-idea": {
        "body": "content: '\\\\f18c';$0",
        "description": "content",
        "prefix": "el-idea"
    },
    "el-inbox-alt": {
        "body": "content: '\\\\f18d';$0",
        "description": "content",
        "prefix": "el-inbox-alt"
    },
    "el-inbox-box": {
        "body": "content: '\\\\f18e';$0",
        "description": "content",
        "prefix": "el-inbox-box"
    },
    "el-inbox": {
        "body": "content: '\\\\f18f';$0",
        "description": "content",
        "prefix": "el-inbox"
    },
    "el-indent-left": {
        "body": "content: '\\\\f190';$0",
        "description": "content",
        "prefix": "el-indent-left"
    },
    "el-indent-right": {
        "body": "content: '\\\\f191';$0",
        "description": "content",
        "prefix": "el-indent-right"
    },
    "el-info-circle": {
        "body": "content: '\\\\f192';$0",
        "description": "content",
        "prefix": "el-info-circle"
    },
    "el-instagram": {
        "body": "content: '\\\\f193';$0",
        "description": "content",
        "prefix": "el-instagram"
    },
    "el-iphone-home": {
        "body": "content: '\\\\f194';$0",
        "description": "content",
        "prefix": "el-iphone-home"
    },
    "el-italic": {
        "body": "content: '\\\\f195';$0",
        "description": "content",
        "prefix": "el-italic"
    },
    "el-key": {
        "body": "content: '\\\\f196';$0",
        "description": "content",
        "prefix": "el-key"
    },
    "el-laptop-alt": {
        "body": "content: '\\\\f197';$0",
        "description": "content",
        "prefix": "el-laptop-alt"
    },
    "el-laptop": {
        "body": "content: '\\\\f198';$0",
        "description": "content",
        "prefix": "el-laptop"
    },
    "el-lastfm": {
        "body": "content: '\\\\f199';$0",
        "description": "content",
        "prefix": "el-lastfm"
    },
    "el-leaf": {
        "body": "content: '\\\\f19a';$0",
        "description": "content",
        "prefix": "el-leaf"
    },
    "el-lines": {
        "body": "content: '\\\\f19b';$0",
        "description": "content",
        "prefix": "el-lines"
    },
    "el-link": {
        "body": "content: '\\\\f19c';$0",
        "description": "content",
        "prefix": "el-link"
    },
    "el-linkedin": {
        "body": "content: '\\\\f19d';$0",
        "description": "content",
        "prefix": "el-linkedin"
    },
    "el-list-alt": {
        "body": "content: '\\\\f19e';$0",
        "description": "content",
        "prefix": "el-list-alt"
    },
    "el-list": {
        "body": "content: '\\\\f19f';$0",
        "description": "content",
        "prefix": "el-list"
    },
    "el-livejournal": {
        "body": "content: '\\\\f1a0';$0",
        "description": "content",
        "prefix": "el-livejournal"
    },
    "el-lock-alt": {
        "body": "content: '\\\\f1a1';$0",
        "description": "content",
        "prefix": "el-lock-alt"
    },
    "el-lock": {
        "body": "content: '\\\\f1a2';$0",
        "description": "content",
        "prefix": "el-lock"
    },
    "el-magic": {
        "body": "content: '\\\\f1a3';$0",
        "description": "content",
        "prefix": "el-magic"
    },
    "el-magnet": {
        "body": "content: '\\\\f1a4';$0",
        "description": "content",
        "prefix": "el-magnet"
    },
    "el-male": {
        "body": "content: '\\\\f1a5';$0",
        "description": "content",
        "prefix": "el-male"
    },
    "el-map-marker-alt": {
        "body": "content: '\\\\f1a6';$0",
        "description": "content",
        "prefix": "el-map-marker-alt"
    },
    "el-map-marker": {
        "body": "content: '\\\\f1a7';$0",
        "description": "content",
        "prefix": "el-map-marker"
    },
    "el-mic-alt": {
        "body": "content: '\\\\f1a8';$0",
        "description": "content",
        "prefix": "el-mic-alt"
    },
    "el-mic": {
        "body": "content: '\\\\f1a9';$0",
        "description": "content",
        "prefix": "el-mic"
    },
    "el-minus-sign": {
        "body": "content: '\\\\f1aa';$0",
        "description": "content",
        "prefix": "el-minus-sign"
    },
    "el-minus": {
        "body": "content: '\\\\f1ab';$0",
        "description": "content",
        "prefix": "el-minus"
    },
    "el-move": {
        "body": "content: '\\\\f1ac';$0",
        "description": "content",
        "prefix": "el-move"
    },
    "el-music": {
        "body": "content: '\\\\f1ad';$0",
        "description": "content",
        "prefix": "el-music"
    },
    "el-myspace": {
        "body": "content: '\\\\f1ae';$0",
        "description": "content",
        "prefix": "el-myspace"
    },
    "el-network": {
        "body": "content: '\\\\f1af';$0",
        "description": "content",
        "prefix": "el-network"
    },
    "el-off": {
        "body": "content: '\\\\f1b0';$0",
        "description": "content",
        "prefix": "el-off"
    },
    "el-ok-circle": {
        "body": "content: '\\\\f1b1';$0",
        "description": "content",
        "prefix": "el-ok-circle"
    },
    "el-ok-sign": {
        "body": "content: '\\\\f1b2';$0",
        "description": "content",
        "prefix": "el-ok-sign"
    },
    "el-ok": {
        "body": "content: '\\\\f1b3';$0",
        "description": "content",
        "prefix": "el-ok"
    },
    "el-opensource": {
        "body": "content: '\\\\f1b4';$0",
        "description": "content",
        "prefix": "el-opensource"
    },
    "el-paper-clip-alt": {
        "body": "content: '\\\\f1b5';$0",
        "description": "content",
        "prefix": "el-paper-clip-alt"
    },
    "el-paper-clip": {
        "body": "content: '\\\\f1b6';$0",
        "description": "content",
        "prefix": "el-paper-clip"
    },
    "el-path": {
        "body": "content: '\\\\f1b7';$0",
        "description": "content",
        "prefix": "el-path"
    },
    "el-pause-alt": {
        "body": "content: '\\\\f1b8';$0",
        "description": "content",
        "prefix": "el-pause-alt"
    },
    "el-pause": {
        "body": "content: '\\\\f1b9';$0",
        "description": "content",
        "prefix": "el-pause"
    },
    "el-pencil-alt": {
        "body": "content: '\\\\f1ba';$0",
        "description": "content",
        "prefix": "el-pencil-alt"
    },
    "el-pencil": {
        "body": "content: '\\\\f1bb';$0",
        "description": "content",
        "prefix": "el-pencil"
    },
    "el-person": {
        "body": "content: '\\\\f1bc';$0",
        "description": "content",
        "prefix": "el-person"
    },
    "el-phone-alt": {
        "body": "content: '\\\\f1bd';$0",
        "description": "content",
        "prefix": "el-phone-alt"
    },
    "el-phone": {
        "body": "content: '\\\\f1be';$0",
        "description": "content",
        "prefix": "el-phone"
    },
    "el-photo-alt": {
        "body": "content: '\\\\f1bf';$0",
        "description": "content",
        "prefix": "el-photo-alt"
    },
    "el-photo": {
        "body": "content: '\\\\f1c0';$0",
        "description": "content",
        "prefix": "el-photo"
    },
    "el-picasa": {
        "body": "content: '\\\\f1c1';$0",
        "description": "content",
        "prefix": "el-picasa"
    },
    "el-picture": {
        "body": "content: '\\\\f1c2';$0",
        "description": "content",
        "prefix": "el-picture"
    },
    "el-pinterest": {
        "body": "content: '\\\\f1c3';$0",
        "description": "content",
        "prefix": "el-pinterest"
    },
    "el-plane": {
        "body": "content: '\\\\f1c4';$0",
        "description": "content",
        "prefix": "el-plane"
    },
    "el-play-alt": {
        "body": "content: '\\\\f1c5';$0",
        "description": "content",
        "prefix": "el-play-alt"
    },
    "el-play-circle": {
        "body": "content: '\\\\f1c6';$0",
        "description": "content",
        "prefix": "el-play-circle"
    },
    "el-play": {
        "body": "content: '\\\\f1c7';$0",
        "description": "content",
        "prefix": "el-play"
    },
    "el-plurk-alt": {
        "body": "content: '\\\\f1c8';$0",
        "description": "content",
        "prefix": "el-plurk-alt"
    },
    "el-plurk": {
        "body": "content: '\\\\f1c9';$0",
        "description": "content",
        "prefix": "el-plurk"
    },
    "el-plus-sign": {
        "body": "content: '\\\\f1ca';$0",
        "description": "content",
        "prefix": "el-plus-sign"
    },
    "el-plus": {
        "body": "content: '\\\\f1cb';$0",
        "description": "content",
        "prefix": "el-plus"
    },
    "el-podcast": {
        "body": "content: '\\\\f1cc';$0",
        "description": "content",
        "prefix": "el-podcast"
    },
    "el-print": {
        "body": "content: '\\\\f1cd';$0",
        "description": "content",
        "prefix": "el-print"
    },
    "el-puzzle": {
        "body": "content: '\\\\f1ce';$0",
        "description": "content",
        "prefix": "el-puzzle"
    },
    "el-qrcode": {
        "body": "content: '\\\\f1cf';$0",
        "description": "content",
        "prefix": "el-qrcode"
    },
    "el-question-sign": {
        "body": "content: '\\\\f1d0';$0",
        "description": "content",
        "prefix": "el-question-sign"
    },
    "el-question": {
        "body": "content: '\\\\f1d1';$0",
        "description": "content",
        "prefix": "el-question"
    },
    "el-quote-alt": {
        "body": "content: '\\\\f1d2';$0",
        "description": "content",
        "prefix": "el-quote-alt"
    },
    "el-quote-right-alt": {
        "body": "content: '\\\\f1d3';$0",
        "description": "content",
        "prefix": "el-quote-right-alt"
    },
    "el-quote-right": {
        "body": "content: '\\\\f1d4';$0",
        "description": "content",
        "prefix": "el-quote-right"
    },
    "el-quotes": {
        "body": "content: '\\\\f1d5';$0",
        "description": "content",
        "prefix": "el-quotes"
    },
    "el-random": {
        "body": "content: '\\\\f1d6';$0",
        "description": "content",
        "prefix": "el-random"
    },
    "el-record": {
        "body": "content: '\\\\f1d7';$0",
        "description": "content",
        "prefix": "el-record"
    },
    "el-reddit": {
        "body": "content: '\\\\f1d8';$0",
        "description": "content",
        "prefix": "el-reddit"
    },
    "el-redux": {
        "body": "content: '\\\\f1d9';$0",
        "description": "content",
        "prefix": "el-redux"
    },
    "el-refresh": {
        "body": "content: '\\\\f1da';$0",
        "description": "content",
        "prefix": "el-refresh"
    },
    "el-remove-circle": {
        "body": "content: '\\\\f1db';$0",
        "description": "content",
        "prefix": "el-remove-circle"
    },
    "el-remove-sign": {
        "body": "content: '\\\\f1dc';$0",
        "description": "content",
        "prefix": "el-remove-sign"
    },
    "el-remove": {
        "body": "content: '\\\\f1dd';$0",
        "description": "content",
        "prefix": "el-remove"
    },
    "el-repeat-alt": {
        "body": "content: '\\\\f1de';$0",
        "description": "content",
        "prefix": "el-repeat-alt"
    },
    "el-repeat": {
        "body": "content: '\\\\f1df';$0",
        "description": "content",
        "prefix": "el-repeat"
    },
    "el-resize-full": {
        "body": "content: '\\\\f1e0';$0",
        "description": "content",
        "prefix": "el-resize-full"
    },
    "el-resize-horizontal": {
        "body": "content: '\\\\f1e1';$0",
        "description": "content",
        "prefix": "el-resize-horizontal"
    },
    "el-resize-small": {
        "body": "content: '\\\\f1e2';$0",
        "description": "content",
        "prefix": "el-resize-small"
    },
    "el-resize-vertical": {
        "body": "content: '\\\\f1e3';$0",
        "description": "content",
        "prefix": "el-resize-vertical"
    },
    "el-return-key": {
        "body": "content: '\\\\f1e4';$0",
        "description": "content",
        "prefix": "el-return-key"
    },
    "el-retweet": {
        "body": "content: '\\\\f1e5';$0",
        "description": "content",
        "prefix": "el-retweet"
    },
    "el-reverse-alt": {
        "body": "content: '\\\\f1e6';$0",
        "description": "content",
        "prefix": "el-reverse-alt"
    },
    "el-road": {
        "body": "content: '\\\\f1e7';$0",
        "description": "content",
        "prefix": "el-road"
    },
    "el-rss": {
        "body": "content: '\\\\f1e8';$0",
        "description": "content",
        "prefix": "el-rss"
    },
    "el-scissors": {
        "body": "content: '\\\\f1e9';$0",
        "description": "content",
        "prefix": "el-scissors"
    },
    "el-screen-alt": {
        "body": "content: '\\\\f1ea';$0",
        "description": "content",
        "prefix": "el-screen-alt"
    },
    "el-screen": {
        "body": "content: '\\\\f1eb';$0",
        "description": "content",
        "prefix": "el-screen"
    },
    "el-screenshot": {
        "body": "content: '\\\\f1ec';$0",
        "description": "content",
        "prefix": "el-screenshot"
    },
    "el-search-alt": {
        "body": "content: '\\\\f1ed';$0",
        "description": "content",
        "prefix": "el-search-alt"
    },
    "el-search": {
        "body": "content: '\\\\f1ee';$0",
        "description": "content",
        "prefix": "el-search"
    },
    "el-share-alt": {
        "body": "content: '\\\\f1ef';$0",
        "description": "content",
        "prefix": "el-share-alt"
    },
    "el-share": {
        "body": "content: '\\\\f1f0';$0",
        "description": "content",
        "prefix": "el-share"
    },
    "el-shopping-cart-sign": {
        "body": "content: '\\\\f1f1';$0",
        "description": "content",
        "prefix": "el-shopping-cart-sign"
    },
    "el-shopping-cart": {
        "body": "content: '\\\\f1f2';$0",
        "description": "content",
        "prefix": "el-shopping-cart"
    },
    "el-signal": {
        "body": "content: '\\\\f1f3';$0",
        "description": "content",
        "prefix": "el-signal"
    },
    "el-skype": {
        "body": "content: '\\\\f1f4';$0",
        "description": "content",
        "prefix": "el-skype"
    },
    "el-slideshare": {
        "body": "content: '\\\\f1f5';$0",
        "description": "content",
        "prefix": "el-slideshare"
    },
    "el-smiley-alt": {
        "body": "content: '\\\\f1f6';$0",
        "description": "content",
        "prefix": "el-smiley-alt"
    },
    "el-smiley": {
        "body": "content: '\\\\f1f7';$0",
        "description": "content",
        "prefix": "el-smiley"
    },
    "el-soundcloud": {
        "body": "content: '\\\\f1f8';$0",
        "description": "content",
        "prefix": "el-soundcloud"
    },
    "el-speaker": {
        "body": "content: '\\\\f1f9';$0",
        "description": "content",
        "prefix": "el-speaker"
    },
    "el-spotify": {
        "body": "content: '\\\\f1fa';$0",
        "description": "content",
        "prefix": "el-spotify"
    },
    "el-stackoverflow": {
        "body": "content: '\\\\f1fb';$0",
        "description": "content",
        "prefix": "el-stackoverflow"
    },
    "el-star-alt": {
        "body": "content: '\\\\f1fc';$0",
        "description": "content",
        "prefix": "el-star-alt"
    },
    "el-star-empty": {
        "body": "content: '\\\\f1fd';$0",
        "description": "content",
        "prefix": "el-star-empty"
    },
    "el-star": {
        "body": "content: '\\\\f1fe';$0",
        "description": "content",
        "prefix": "el-star"
    },
    "el-step-backward": {
        "body": "content: '\\\\f1ff';$0",
        "description": "content",
        "prefix": "el-step-backward"
    },
    "el-step-forward": {
        "body": "content: '\\\\f200';$0",
        "description": "content",
        "prefix": "el-step-forward"
    },
    "el-stop-alt": {
        "body": "content: '\\\\f201';$0",
        "description": "content",
        "prefix": "el-stop-alt"
    },
    "el-stop": {
        "body": "content: '\\\\f202';$0",
        "description": "content",
        "prefix": "el-stop"
    },
    "el-stumbleupon": {
        "body": "content: '\\\\f203';$0",
        "description": "content",
        "prefix": "el-stumbleupon"
    },
    "el-tag": {
        "body": "content: '\\\\f204';$0",
        "description": "content",
        "prefix": "el-tag"
    },
    "el-tags": {
        "body": "content: '\\\\f205';$0",
        "description": "content",
        "prefix": "el-tags"
    },
    "el-tasks": {
        "body": "content: '\\\\f206';$0",
        "description": "content",
        "prefix": "el-tasks"
    },
    "el-text-height": {
        "body": "content: '\\\\f207';$0",
        "description": "content",
        "prefix": "el-text-height"
    },
    "el-text-width": {
        "body": "content: '\\\\f208';$0",
        "description": "content",
        "prefix": "el-text-width"
    },
    "el-th-large": {
        "body": "content: '\\\\f209';$0",
        "description": "content",
        "prefix": "el-th-large"
    },
    "el-th-list": {
        "body": "content: '\\\\f20a';$0",
        "description": "content",
        "prefix": "el-th-list"
    },
    "el-th": {
        "body": "content: '\\\\f20b';$0",
        "description": "content",
        "prefix": "el-th"
    },
    "el-thumbs-down": {
        "body": "content: '\\\\f20c';$0",
        "description": "content",
        "prefix": "el-thumbs-down"
    },
    "el-thumbs-up": {
        "body": "content: '\\\\f20d';$0",
        "description": "content",
        "prefix": "el-thumbs-up"
    },
    "el-time-alt": {
        "body": "content: '\\\\f20e';$0",
        "description": "content",
        "prefix": "el-time-alt"
    },
    "el-time": {
        "body": "content: '\\\\f20f';$0",
        "description": "content",
        "prefix": "el-time"
    },
    "el-tint": {
        "body": "content: '\\\\f210';$0",
        "description": "content",
        "prefix": "el-tint"
    },
    "el-torso": {
        "body": "content: '\\\\f211';$0",
        "description": "content",
        "prefix": "el-torso"
    },
    "el-trash-alt": {
        "body": "content: '\\\\f212';$0",
        "description": "content",
        "prefix": "el-trash-alt"
    },
    "el-trash": {
        "body": "content: '\\\\f213';$0",
        "description": "content",
        "prefix": "el-trash"
    },
    "el-tumblr": {
        "body": "content: '\\\\f214';$0",
        "description": "content",
        "prefix": "el-tumblr"
    },
    "el-twitter": {
        "body": "content: '\\\\f215';$0",
        "description": "content",
        "prefix": "el-twitter"
    },
    "el-universal-access": {
        "body": "content: '\\\\f216';$0",
        "description": "content",
        "prefix": "el-universal-access"
    },
    "el-unlock-alt": {
        "body": "content: '\\\\f217';$0",
        "description": "content",
        "prefix": "el-unlock-alt"
    },
    "el-unlock": {
        "body": "content: '\\\\f218';$0",
        "description": "content",
        "prefix": "el-unlock"
    },
    "el-upload": {
        "body": "content: '\\\\f219';$0",
        "description": "content",
        "prefix": "el-upload"
    },
    "el-usd": {
        "body": "content: '\\\\f21a';$0",
        "description": "content",
        "prefix": "el-usd"
    },
    "el-user": {
        "body": "content: '\\\\f21b';$0",
        "description": "content",
        "prefix": "el-user"
    },
    "el-viadeo": {
        "body": "content: '\\\\f21c';$0",
        "description": "content",
        "prefix": "el-viadeo"
    },
    "el-video-alt": {
        "body": "content: '\\\\f21d';$0",
        "description": "content",
        "prefix": "el-video-alt"
    },
    "el-video-chat": {
        "body": "content: '\\\\f21e';$0",
        "description": "content",
        "prefix": "el-video-chat"
    },
    "el-video": {
        "body": "content: '\\\\f21f';$0",
        "description": "content",
        "prefix": "el-video"
    },
    "el-view-mode": {
        "body": "content: '\\\\f220';$0",
        "description": "content",
        "prefix": "el-view-mode"
    },
    "el-vimeo": {
        "body": "content: '\\\\f221';$0",
        "description": "content",
        "prefix": "el-vimeo"
    },
    "el-vkontakte": {
        "body": "content: '\\\\f222';$0",
        "description": "content",
        "prefix": "el-vkontakte"
    },
    "el-volume-down": {
        "body": "content: '\\\\f223';$0",
        "description": "content",
        "prefix": "el-volume-down"
    },
    "el-volume-off": {
        "body": "content: '\\\\f224';$0",
        "description": "content",
        "prefix": "el-volume-off"
    },
    "el-volume-up": {
        "body": "content: '\\\\f225';$0",
        "description": "content",
        "prefix": "el-volume-up"
    },
    "el-w3c": {
        "body": "content: '\\\\f226';$0",
        "description": "content",
        "prefix": "el-w3c"
    },
    "el-warning-sign": {
        "body": "content: '\\\\f227';$0",
        "description": "content",
        "prefix": "el-warning-sign"
    },
    "el-website-alt": {
        "body": "content: '\\\\f228';$0",
        "description": "content",
        "prefix": "el-website-alt"
    },
    "el-website": {
        "body": "content: '\\\\f229';$0",
        "description": "content",
        "prefix": "el-website"
    },
    "el-wheelchair": {
        "body": "content: '\\\\f22a';$0",
        "description": "content",
        "prefix": "el-wheelchair"
    },
    "el-wordpress": {
        "body": "content: '\\\\f22b';$0",
        "description": "content",
        "prefix": "el-wordpress"
    },
    "el-wrench-alt": {
        "body": "content: '\\\\f22c';$0",
        "description": "content",
        "prefix": "el-wrench-alt"
    },
    "el-wrench": {
        "body": "content: '\\\\f22d';$0",
        "description": "content",
        "prefix": "el-wrench"
    },
    "el-youtube": {
        "body": "content: '\\\\f22e';$0",
        "description": "content",
        "prefix": "el-youtube"
    },
    "el-zoom-in": {
        "body": "content: '\\\\f22f';$0",
        "description": "content",
        "prefix": "el-zoom-in"
    },
    "el-zoom-out": {
        "body": "content: '\\\\f230';$0",
        "description": "content",
        "prefix": "el-zoom-out"
    }
}