{
    "foundicon-thumb-up": {
        "body": "content: '\\\\f000';$0",
        "description": "content",
        "prefix": "foundicon-thumb-up"
    },
    "foundicon-thumb-down": {
        "body": "content: '\\\\f001';$0",
        "description": "content",
        "prefix": "foundicon-thumb-down"
    },
    "foundicon-rss": {
        "body": "content: '\\\\f002';$0",
        "description": "content",
        "prefix": "foundicon-rss"
    },
    "foundicon-facebook": {
        "body": "content: '\\\\f003';$0",
        "description": "content",
        "prefix": "foundicon-facebook"
    },
    "foundicon-twitter": {
        "body": "content: '\\\\f004';$0",
        "description": "content",
        "prefix": "foundicon-twitter"
    },
    "foundicon-pinterest": {
        "body": "content: '\\\\f005';$0",
        "description": "content",
        "prefix": "foundicon-pinterest"
    },
    "foundicon-github": {
        "body": "content: '\\\\f006';$0",
        "description": "content",
        "prefix": "foundicon-github"
    },
    "foundicon-path": {
        "body": "content: '\\\\f007';$0",
        "description": "content",
        "prefix": "foundicon-path"
    },
    "foundicon-linkedin": {
        "body": "content: '\\\\f008';$0",
        "description": "content",
        "prefix": "foundicon-linkedin"
    },
    "foundicon-dribbble": {
        "body": "content: '\\\\f009';$0",
        "description": "content",
        "prefix": "foundicon-dribbble"
    },
    "foundicon-stumble-upon": {
        "body": "content: '\\\\f00a';$0",
        "description": "content",
        "prefix": "foundicon-stumble-upon"
    },
    "foundicon-behance": {
        "body": "content: '\\\\f00b';$0",
        "description": "content",
        "prefix": "foundicon-behance"
    },
    "foundicon-reddit": {
        "body": "content: '\\\\f00c';$0",
        "description": "content",
        "prefix": "foundicon-reddit"
    },
    "foundicon-google-plus": {
        "body": "content: '\\\\f00d';$0",
        "description": "content",
        "prefix": "foundicon-google-plus"
    },
    "foundicon-youtube": {
        "body": "content: '\\\\f00e';$0",
        "description": "content",
        "prefix": "foundicon-youtube"
    },
    "foundicon-vimeo": {
        "body": "content: '\\\\f00f';$0",
        "description": "content",
        "prefix": "foundicon-vimeo"
    },
    "foundicon-flickr": {
        "body": "content: '\\\\f010';$0",
        "description": "content",
        "prefix": "foundicon-flickr"
    },
    "foundicon-slideshare": {
        "body": "content: '\\\\f011';$0",
        "description": "content",
        "prefix": "foundicon-slideshare"
    },
    "foundicon-picassa": {
        "body": "content: '\\\\f012';$0",
        "description": "content",
        "prefix": "foundicon-picassa"
    },
    "foundicon-skype": {
        "body": "content: '\\\\f013';$0",
        "description": "content",
        "prefix": "foundicon-skype"
    },
    "foundicon-steam": {
        "body": "content: '\\\\f014';$0",
        "description": "content",
        "prefix": "foundicon-steam"
    },
    "foundicon-instagram": {
        "body": "content: '\\\\f015';$0",
        "description": "content",
        "prefix": "foundicon-instagram"
    },
    "foundicon-foursquare": {
        "body": "content: '\\\\f016';$0",
        "description": "content",
        "prefix": "foundicon-foursquare"
    },
    "foundicon-delicious": {
        "body": "content: '\\\\f017';$0",
        "description": "content",
        "prefix": "foundicon-delicious"
    },
    "foundicon-chat": {
        "body": "content: '\\\\f018';$0",
        "description": "content",
        "prefix": "foundicon-chat"
    },
    "foundicon-torso": {
        "body": "content: '\\\\f019';$0",
        "description": "content",
        "prefix": "foundicon-torso"
    },
    "foundicon-tumblr": {
        "body": "content: '\\\\f01a';$0",
        "description": "content",
        "prefix": "foundicon-tumblr"
    },
    "foundicon-video-chat": {
        "body": "content: '\\\\f01b';$0",
        "description": "content",
        "prefix": "foundicon-video-chat"
    },
    "foundicon-digg": {
        "body": "content: '\\\\f01c';$0",
        "description": "content",
        "prefix": "foundicon-digg"
    },
    "foundicon-wordpress": {
        "body": "content: '\\\\f01d';$0",
        "description": "content",
        "prefix": "foundicon-wordpress"
    },
    "foundicon-wheelchair": {
        "body": "content: '\\\\f000';$0",
        "description": "content",
        "prefix": "foundicon-wheelchair"
    },
    "foundicon-speaker": {
        "body": "content: '\\\\f001';$0",
        "description": "content",
        "prefix": "foundicon-speaker"
    },
    "foundicon-fontsize": {
        "body": "content: '\\\\f002';$0",
        "description": "content",
        "prefix": "foundicon-fontsize"
    },
    "foundicon-eject": {
        "body": "content: '\\\\f003';$0",
        "description": "content",
        "prefix": "foundicon-eject"
    },
    "foundicon-view-mode": {
        "body": "content: '\\\\f004';$0",
        "description": "content",
        "prefix": "foundicon-view-mode"
    },
    "foundicon-eyeball": {
        "body": "content: '\\\\f005';$0",
        "description": "content",
        "prefix": "foundicon-eyeball"
    },
    "foundicon-asl": {
        "body": "content: '\\\\f006';$0",
        "description": "content",
        "prefix": "foundicon-asl"
    },
    "foundicon-person": {
        "body": "content: '\\\\f007';$0",
        "description": "content",
        "prefix": "foundicon-person"
    },
    "foundicon-question": {
        "body": "content: '\\\\f008';$0",
        "description": "content",
        "prefix": "foundicon-question"
    },
    "foundicon-adult": {
        "body": "content: '\\\\f009';$0",
        "description": "content",
        "prefix": "foundicon-adult"
    },
    "foundicon-child": {
        "body": "content: '\\\\f00a';$0",
        "description": "content",
        "prefix": "foundicon-child"
    },
    "foundicon-glasses": {
        "body": "content: '\\\\f00b';$0",
        "description": "content",
        "prefix": "foundicon-glasses"
    },
    "foundicon-cc": {
        "body": "content: '\\\\f00c';$0",
        "description": "content",
        "prefix": "foundicon-cc"
    },
    "foundicon-blind": {
        "body": "content: '\\\\f00d';$0",
        "description": "content",
        "prefix": "foundicon-blind"
    },
    "foundicon-braille": {
        "body": "content: '\\\\f00e';$0",
        "description": "content",
        "prefix": "foundicon-braille"
    },
    "foundicon-iphone-home": {
        "body": "content: '\\\\f00f';$0",
        "description": "content",
        "prefix": "foundicon-iphone-home"
    },
    "foundicon-w3c": {
        "body": "content: '\\\\f010';$0",
        "description": "content",
        "prefix": "foundicon-w3c"
    },
    "foundicon-css": {
        "body": "content: '\\\\f011';$0",
        "description": "content",
        "prefix": "foundicon-css"
    },
    "foundicon-key": {
        "body": "content: '\\\\f012';$0",
        "description": "content",
        "prefix": "foundicon-key"
    },
    "foundicon-hearing-impaired": {
        "body": "content: '\\\\f013';$0",
        "description": "content",
        "prefix": "foundicon-hearing-impaired"
    },
    "foundicon-male": {
        "body": "content: '\\\\f014';$0",
        "description": "content",
        "prefix": "foundicon-male"
    },
    "foundicon-female": {
        "body": "content: '\\\\f015';$0",
        "description": "content",
        "prefix": "foundicon-female"
    },
    "foundicon-network": {
        "body": "content: '\\\\f016';$0",
        "description": "content",
        "prefix": "foundicon-network"
    },
    "foundicon-guidedog": {
        "body": "content: '\\\\f017';$0",
        "description": "content",
        "prefix": "foundicon-guidedog"
    },
    "foundicon-universal-access": {
        "body": "content: '\\\\f018';$0",
        "description": "content",
        "prefix": "foundicon-universal-access"
    },
    "foundicon-elevator": {
        "body": "content: '\\\\f019';$0",
        "description": "content",
        "prefix": "foundicon-elevator"
    },
    "foundicon-settings": {
        "body": "content: '\\\\f000';$0",
        "description": "content",
        "prefix": "foundicon-settings"
    },
    "foundicon-heart": {
        "body": "content: '\\\\f001';$0",
        "description": "content",
        "prefix": "foundicon-heart"
    },
    "foundicon-star": {
        "body": "content: '\\\\f002';$0",
        "description": "content",
        "prefix": "foundicon-star"
    },
    "foundicon-plus": {
        "body": "content: '\\\\f003';$0",
        "description": "content",
        "prefix": "foundicon-plus"
    },
    "foundicon-minus": {
        "body": "content: '\\\\f004';$0",
        "description": "content",
        "prefix": "foundicon-minus"
    },
    "foundicon-checkmark": {
        "body": "content: '\\\\f005';$0",
        "description": "content",
        "prefix": "foundicon-checkmark"
    },
    "foundicon-remove": {
        "body": "content: '\\\\f006';$0",
        "description": "content",
        "prefix": "foundicon-remove"
    },
    "foundicon-mail": {
        "body": "content: '\\\\f007';$0",
        "description": "content",
        "prefix": "foundicon-mail"
    },
    "foundicon-calendar": {
        "body": "content: '\\\\f008';$0",
        "description": "content",
        "prefix": "foundicon-calendar"
    },
    "foundicon-page": {
        "body": "content: '\\\\f009';$0",
        "description": "content",
        "prefix": "foundicon-page"
    },
    "foundicon-tools": {
        "body": "content: '\\\\f00a';$0",
        "description": "content",
        "prefix": "foundicon-tools"
    },
    "foundicon-globe": {
        "body": "content: '\\\\f00b';$0",
        "description": "content",
        "prefix": "foundicon-globe"
    },
    "foundicon-home": {
        "body": "content: '\\\\f00c';$0",
        "description": "content",
        "prefix": "foundicon-home"
    },
    "foundicon-quote": {
        "body": "content: '\\\\f00d';$0",
        "description": "content",
        "prefix": "foundicon-quote"
    },
    "foundicon-people": {
        "body": "content: '\\\\f00e';$0",
        "description": "content",
        "prefix": "foundicon-people"
    },
    "foundicon-monitor": {
        "body": "content: '\\\\f00f';$0",
        "description": "content",
        "prefix": "foundicon-monitor"
    },
    "foundicon-laptop": {
        "body": "content: '\\\\f010';$0",
        "description": "content",
        "prefix": "foundicon-laptop"
    },
    "foundicon-phone": {
        "body": "content: '\\\\f011';$0",
        "description": "content",
        "prefix": "foundicon-phone"
    },
    "foundicon-cloud": {
        "body": "content: '\\\\f012';$0",
        "description": "content",
        "prefix": "foundicon-cloud"
    },
    "foundicon-error": {
        "body": "content: '\\\\f013';$0",
        "description": "content",
        "prefix": "foundicon-error"
    },
    "foundicon-right-arrow": {
        "body": "content: '\\\\f014';$0",
        "description": "content",
        "prefix": "foundicon-right-arrow"
    },
    "foundicon-left-arrow": {
        "body": "content: '\\\\f015';$0",
        "description": "content",
        "prefix": "foundicon-left-arrow"
    },
    "foundicon-up-arrow": {
        "body": "content: '\\\\f016';$0",
        "description": "content",
        "prefix": "foundicon-up-arrow"
    },
    "foundicon-down-arrow": {
        "body": "content: '\\\\f017';$0",
        "description": "content",
        "prefix": "foundicon-down-arrow"
    },
    "foundicon-trash": {
        "body": "content: '\\\\f018';$0",
        "description": "content",
        "prefix": "foundicon-trash"
    },
    "foundicon-add-doc": {
        "body": "content: '\\\\f019';$0",
        "description": "content",
        "prefix": "foundicon-add-doc"
    },
    "foundicon-edit": {
        "body": "content: '\\\\f01a';$0",
        "description": "content",
        "prefix": "foundicon-edit"
    },
    "foundicon-lock": {
        "body": "content: '\\\\f01b';$0",
        "description": "content",
        "prefix": "foundicon-lock"
    },
    "foundicon-unlock": {
        "body": "content: '\\\\f01c';$0",
        "description": "content",
        "prefix": "foundicon-unlock"
    },
    "foundicon-refresh": {
        "body": "content: '\\\\f01d';$0",
        "description": "content",
        "prefix": "foundicon-refresh"
    },
    "foundicon-paper-clip": {
        "body": "content: '\\\\f01e';$0",
        "description": "content",
        "prefix": "foundicon-paper-clip"
    },
    "foundicon-video": {
        "body": "content: '\\\\f01f';$0",
        "description": "content",
        "prefix": "foundicon-video"
    },
    "foundicon-photo": {
        "body": "content: '\\\\f020';$0",
        "description": "content",
        "prefix": "foundicon-photo"
    },
    "foundicon-graph": {
        "body": "content: '\\\\f021';$0",
        "description": "content",
        "prefix": "foundicon-graph"
    },
    "foundicon-idea": {
        "body": "content: '\\\\f022';$0",
        "description": "content",
        "prefix": "foundicon-idea"
    },
    "foundicon-mic": {
        "body": "content: '\\\\f023';$0",
        "description": "content",
        "prefix": "foundicon-mic"
    },
    "foundicon-cart": {
        "body": "content: '\\\\f024';$0",
        "description": "content",
        "prefix": "foundicon-cart"
    },
    "foundicon-address-book": {
        "body": "content: '\\\\f025';$0",
        "description": "content",
        "prefix": "foundicon-address-book"
    },
    "foundicon-compass": {
        "body": "content: '\\\\f026';$0",
        "description": "content",
        "prefix": "foundicon-compass"
    },
    "foundicon-flag": {
        "body": "content: '\\\\f027';$0",
        "description": "content",
        "prefix": "foundicon-flag"
    },
    "foundicon-location": {
        "body": "content: '\\\\f028';$0",
        "description": "content",
        "prefix": "foundicon-location"
    },
    "foundicon-clock": {
        "body": "content: '\\\\f029';$0",
        "description": "content",
        "prefix": "foundicon-clock"
    },
    "foundicon-folder": {
        "body": "content: '\\\\f02a';$0",
        "description": "content",
        "prefix": "foundicon-folder"
    },
    "foundicon-inbox": {
        "body": "content: '\\\\f02b';$0",
        "description": "content",
        "prefix": "foundicon-inbox"
    },
    "foundicon-website": {
        "body": "content: '\\\\f02c';$0",
        "description": "content",
        "prefix": "foundicon-website"
    },
    "foundicon-smiley": {
        "body": "content: '\\\\f02d';$0",
        "description": "content",
        "prefix": "foundicon-smiley"
    },
    "foundicon-search": {
        "body": "content: '\\\\f02e';$0",
        "description": "content",
        "prefix": "foundicon-search"
    }
}