{
    "geomicon-bookmark:": {
        "body": "content: '\\\\undefined';$0",
        "description": "content",
        "prefix": "geomicon-bookmark:"
    },
    "geomicon-calendar:": {
        "body": "content: '\\\\undefined';$0",
        "description": "content",
        "prefix": "geomicon-calendar:"
    },
    "geomicon-camera:": {
        "body": "content: '\\\\undefined';$0",
        "description": "content",
        "prefix": "geomicon-camera:"
    },
    "geomicon-chat:": {
        "body": "content: '\\\\undefined';$0",
        "description": "content",
        "prefix": "geomicon-chat:"
    },
    "geomicon-check:": {
        "body": "content: '\\\\undefined';$0",
        "description": "content",
        "prefix": "geomicon-check:"
    },
    "geomicon-chevronDown:": {
        "body": "content: '\\\\undefined';$0",
        "description": "content",
        "prefix": "geomicon-chevronDown:"
    },
    "geomicon-chevronLeft:": {
        "body": "content: '\\\\undefined';$0",
        "description": "content",
        "prefix": "geomicon-chevronLeft:"
    },
    "geomicon-chevronRight:": {
        "body": "content: '\\\\undefined';$0",
        "description": "content",
        "prefix": "geomicon-chevronRight:"
    },
    "geomicon-chevronUp:": {
        "body": "content: '\\\\undefined';$0",
        "description": "content",
        "prefix": "geomicon-chevronUp:"
    },
    "geomicon-clock:": {
        "body": "content: '\\\\undefined';$0",
        "description": "content",
        "prefix": "geomicon-clock:"
    },
    "geomicon-close:": {
        "body": "content: '\\\\undefined';$0",
        "description": "content",
        "prefix": "geomicon-close:"
    },
    "geomicon-cloud:": {
        "body": "content: '\\\\undefined';$0",
        "description": "content",
        "prefix": "geomicon-cloud:"
    },
    "geomicon-cog:": {
        "body": "content: '\\\\undefined';$0",
        "description": "content",
        "prefix": "geomicon-cog:"
    },
    "geomicon-compose:": {
        "body": "content: '\\\\undefined';$0",
        "description": "content",
        "prefix": "geomicon-compose:"
    },
    "geomicon-dribbble:": {
        "body": "content: '\\\\undefined';$0",
        "description": "content",
        "prefix": "geomicon-dribbble:"
    },
    "geomicon-expand:": {
        "body": "content: '\\\\undefined';$0",
        "description": "content",
        "prefix": "geomicon-expand:"
    },
    "geomicon-external:": {
        "body": "content: '\\\\undefined';$0",
        "description": "content",
        "prefix": "geomicon-external:"
    },
    "geomicon-facebook:": {
        "body": "content: '\\\\undefined';$0",
        "description": "content",
        "prefix": "geomicon-facebook:"
    },
    "geomicon-file:": {
        "body": "content: '\\\\undefined';$0",
        "description": "content",
        "prefix": "geomicon-file:"
    },
    "geomicon-folder:": {
        "body": "content: '\\\\undefined';$0",
        "description": "content",
        "prefix": "geomicon-folder:"
    },
    "geomicon-geolocation:": {
        "body": "content: '\\\\undefined';$0",
        "description": "content",
        "prefix": "geomicon-geolocation:"
    },
    "geomicon-github:": {
        "body": "content: '\\\\undefined';$0",
        "description": "content",
        "prefix": "geomicon-github:"
    },
    "geomicon-grid:": {
        "body": "content: '\\\\undefined';$0",
        "description": "content",
        "prefix": "geomicon-grid:"
    },
    "geomicon-heart:": {
        "body": "content: '\\\\undefined';$0",
        "description": "content",
        "prefix": "geomicon-heart:"
    },
    "geomicon-home:": {
        "body": "content: '\\\\undefined';$0",
        "description": "content",
        "prefix": "geomicon-home:"
    },
    "geomicon-info:": {
        "body": "content: '\\\\undefined';$0",
        "description": "content",
        "prefix": "geomicon-info:"
    },
    "geomicon-link:": {
        "body": "content: '\\\\undefined';$0",
        "description": "content",
        "prefix": "geomicon-link:"
    },
    "geomicon-list:": {
        "body": "content: '\\\\undefined';$0",
        "description": "content",
        "prefix": "geomicon-list:"
    },
    "geomicon-lock:": {
        "body": "content: '\\\\undefined';$0",
        "description": "content",
        "prefix": "geomicon-lock:"
    },
    "geomicon-mail:": {
        "body": "content: '\\\\undefined';$0",
        "description": "content",
        "prefix": "geomicon-mail:"
    },
    "geomicon-musicNote:": {
        "body": "content: '\\\\undefined';$0",
        "description": "content",
        "prefix": "geomicon-musicNote:"
    },
    "geomicon-next:": {
        "body": "content: '\\\\undefined';$0",
        "description": "content",
        "prefix": "geomicon-next:"
    },
    "geomicon-no:": {
        "body": "content: '\\\\undefined';$0",
        "description": "content",
        "prefix": "geomicon-no:"
    },
    "geomicon-pause:": {
        "body": "content: '\\\\undefined';$0",
        "description": "content",
        "prefix": "geomicon-pause:"
    },
    "geomicon-picture:": {
        "body": "content: '\\\\undefined';$0",
        "description": "content",
        "prefix": "geomicon-picture:"
    },
    "geomicon-pin:": {
        "body": "content: '\\\\undefined';$0",
        "description": "content",
        "prefix": "geomicon-pin:"
    },
    "geomicon-play:": {
        "body": "content: '\\\\undefined';$0",
        "description": "content",
        "prefix": "geomicon-play:"
    },
    "geomicon-previous:": {
        "body": "content: '\\\\undefined';$0",
        "description": "content",
        "prefix": "geomicon-previous:"
    },
    "geomicon-refresh:": {
        "body": "content: '\\\\undefined';$0",
        "description": "content",
        "prefix": "geomicon-refresh:"
    },
    "geomicon-repost:": {
        "body": "content: '\\\\undefined';$0",
        "description": "content",
        "prefix": "geomicon-repost:"
    },
    "geomicon-search:": {
        "body": "content: '\\\\undefined';$0",
        "description": "content",
        "prefix": "geomicon-search:"
    },
    "geomicon-shoppingCart:": {
        "body": "content: '\\\\undefined';$0",
        "description": "content",
        "prefix": "geomicon-shoppingCart:"
    },
    "geomicon-skull:": {
        "body": "content: '\\\\undefined';$0",
        "description": "content",
        "prefix": "geomicon-skull:"
    },
    "geomicon-speakerVolume:": {
        "body": "content: '\\\\undefined';$0",
        "description": "content",
        "prefix": "geomicon-speakerVolume:"
    },
    "geomicon-speaker:": {
        "body": "content: '\\\\undefined';$0",
        "description": "content",
        "prefix": "geomicon-speaker:"
    },
    "geomicon-star:": {
        "body": "content: '\\\\undefined';$0",
        "description": "content",
        "prefix": "geomicon-star:"
    },
    "geomicon-tag:": {
        "body": "content: '\\\\undefined';$0",
        "description": "content",
        "prefix": "geomicon-tag:"
    },
    "geomicon-trash:": {
        "body": "content: '\\\\undefined';$0",
        "description": "content",
        "prefix": "geomicon-trash:"
    },
    "geomicon-triangleDown:": {
        "body": "content: '\\\\undefined';$0",
        "description": "content",
        "prefix": "geomicon-triangleDown:"
    },
    "geomicon-triangleLeft:": {
        "body": "content: '\\\\undefined';$0",
        "description": "content",
        "prefix": "geomicon-triangleLeft:"
    },
    "geomicon-triangleRight:": {
        "body": "content: '\\\\undefined';$0",
        "description": "content",
        "prefix": "geomicon-triangleRight:"
    },
    "geomicon-triangleUp:": {
        "body": "content: '\\\\undefined';$0",
        "description": "content",
        "prefix": "geomicon-triangleUp:"
    },
    "geomicon-twitter:": {
        "body": "content: '\\\\undefined';$0",
        "description": "content",
        "prefix": "geomicon-twitter:"
    },
    "geomicon-user:": {
        "body": "content: '\\\\undefined';$0",
        "description": "content",
        "prefix": "geomicon-user:"
    },
    "geomicon-video:": {
        "body": "content: '\\\\undefined';$0",
        "description": "content",
        "prefix": "geomicon-video:"
    },
    "geomicon-warning:": {
        "body": "content: '\\\\undefined';$0",
        "description": "content",
        "prefix": "geomicon-warning:"
    }
}