{
    "icon-3dprint": {
        "body": "content: '\\\\f100';$0",
        "description": "content",
        "prefix": "icon-3dprint"
    },
    "icon-alpinelinux": {
        "body": "content: '\\\\f101';$0",
        "description": "content",
        "prefix": "icon-alpinelinux"
    },
    "icon-angular": {
        "body": "content: '\\\\f102';$0",
        "description": "content",
        "prefix": "icon-angular"
    },
    "icon-angular-alt": {
        "body": "content: '\\\\f103';$0",
        "description": "content",
        "prefix": "icon-angular-alt"
    },
    "icon-antenna": {
        "body": "content: '\\\\f104';$0",
        "description": "content",
        "prefix": "icon-antenna"
    },
    "icon-apache": {
        "body": "content: '\\\\f105';$0",
        "description": "content",
        "prefix": "icon-apache"
    },
    "icon-archlinux": {
        "body": "content: '\\\\f106';$0",
        "description": "content",
        "prefix": "icon-archlinux"
    },
    "icon-aws": {
        "body": "content: '\\\\f107';$0",
        "description": "content",
        "prefix": "icon-aws"
    },
    "icon-azure": {
        "body": "content: '\\\\f108';$0",
        "description": "content",
        "prefix": "icon-azure"
    },
    "icon-backbone": {
        "body": "content: '\\\\f109';$0",
        "description": "content",
        "prefix": "icon-backbone"
    },
    "icon-blackberry": {
        "body": "content: '\\\\f10a';$0",
        "description": "content",
        "prefix": "icon-blackberry"
    },
    "icon-bomb": {
        "body": "content: '\\\\f10b';$0",
        "description": "content",
        "prefix": "icon-bomb"
    },
    "icon-bootstrap": {
        "body": "content: '\\\\f10c';$0",
        "description": "content",
        "prefix": "icon-bootstrap"
    },
    "icon-c": {
        "body": "content: '\\\\f10d';$0",
        "description": "content",
        "prefix": "icon-c"
    },
    "icon-cassandra": {
        "body": "content: '\\\\f10e';$0",
        "description": "content",
        "prefix": "icon-cassandra"
    },
    "icon-centos": {
        "body": "content: '\\\\f10f';$0",
        "description": "content",
        "prefix": "icon-centos"
    },
    "icon-clojure": {
        "body": "content: '\\\\f110';$0",
        "description": "content",
        "prefix": "icon-clojure"
    },
    "icon-codeigniter": {
        "body": "content: '\\\\f111';$0",
        "description": "content",
        "prefix": "icon-codeigniter"
    },
    "icon-codepen": {
        "body": "content: '\\\\f112';$0",
        "description": "content",
        "prefix": "icon-codepen"
    },
    "icon-coffee-bean": {
        "body": "content: '\\\\f113';$0",
        "description": "content",
        "prefix": "icon-coffee-bean"
    },
    "icon-cplusplus": {
        "body": "content: '\\\\f114';$0",
        "description": "content",
        "prefix": "icon-cplusplus"
    },
    "icon-csharp": {
        "body": "content: '\\\\f115';$0",
        "description": "content",
        "prefix": "icon-csharp"
    },
    "icon-css": {
        "body": "content: '\\\\f116';$0",
        "description": "content",
        "prefix": "icon-css"
    },
    "icon-css3": {
        "body": "content: '\\\\f117';$0",
        "description": "content",
        "prefix": "icon-css3"
    },
    "icon-css3-alt": {
        "body": "content: '\\\\f118';$0",
        "description": "content",
        "prefix": "icon-css3-alt"
    },
    "icon-d3": {
        "body": "content: '\\\\f119';$0",
        "description": "content",
        "prefix": "icon-d3"
    },
    "icon-database": {
        "body": "content: '\\\\f11a';$0",
        "description": "content",
        "prefix": "icon-database"
    },
    "icon-database-alt": {
        "body": "content: '\\\\f11b';$0",
        "description": "content",
        "prefix": "icon-database-alt"
    },
    "icon-database-alt2": {
        "body": "content: '\\\\f11c';$0",
        "description": "content",
        "prefix": "icon-database-alt2"
    },
    "icon-debian": {
        "body": "content: '\\\\f11d';$0",
        "description": "content",
        "prefix": "icon-debian"
    },
    "icon-docker": {
        "body": "content: '\\\\f11e';$0",
        "description": "content",
        "prefix": "icon-docker"
    },
    "icon-dreamhost": {
        "body": "content: '\\\\f11f';$0",
        "description": "content",
        "prefix": "icon-dreamhost"
    },
    "icon-elixir": {
        "body": "content: '\\\\f120';$0",
        "description": "content",
        "prefix": "icon-elixir"
    },
    "icon-elm": {
        "body": "content: '\\\\f121';$0",
        "description": "content",
        "prefix": "icon-elm"
    },
    "icon-erlang": {
        "body": "content: '\\\\f122';$0",
        "description": "content",
        "prefix": "icon-erlang"
    },
    "icon-exherbo": {
        "body": "content: '\\\\f123';$0",
        "description": "content",
        "prefix": "icon-exherbo"
    },
    "icon-fedora": {
        "body": "content: '\\\\f124';$0",
        "description": "content",
        "prefix": "icon-fedora"
    },
    "icon-fire-alt": {
        "body": "content: '\\\\f125';$0",
        "description": "content",
        "prefix": "icon-fire-alt"
    },
    "icon-freebsd": {
        "body": "content: '\\\\f126';$0",
        "description": "content",
        "prefix": "icon-freebsd"
    },
    "icon-freecodecamp": {
        "body": "content: '\\\\f127';$0",
        "description": "content",
        "prefix": "icon-freecodecamp"
    },
    "icon-gentoo": {
        "body": "content: '\\\\f128';$0",
        "description": "content",
        "prefix": "icon-gentoo"
    },
    "icon-ghost": {
        "body": "content: '\\\\f129';$0",
        "description": "content",
        "prefix": "icon-ghost"
    },
    "icon-git": {
        "body": "content: '\\\\f12a';$0",
        "description": "content",
        "prefix": "icon-git"
    },
    "icon-gnome": {
        "body": "content: '\\\\f12b';$0",
        "description": "content",
        "prefix": "icon-gnome"
    },
    "icon-go": {
        "body": "content: '\\\\f12c';$0",
        "description": "content",
        "prefix": "icon-go"
    },
    "icon-go-alt": {
        "body": "content: '\\\\f12d';$0",
        "description": "content",
        "prefix": "icon-go-alt"
    },
    "icon-google": {
        "body": "content: '\\\\f12e';$0",
        "description": "content",
        "prefix": "icon-google"
    },
    "icon-google-alt": {
        "body": "content: '\\\\f12f';$0",
        "description": "content",
        "prefix": "icon-google-alt"
    },
    "icon-google-code": {
        "body": "content: '\\\\f130';$0",
        "description": "content",
        "prefix": "icon-google-code"
    },
    "icon-google-developers": {
        "body": "content: '\\\\f131';$0",
        "description": "content",
        "prefix": "icon-google-developers"
    },
    "icon-gradle": {
        "body": "content: '\\\\f132';$0",
        "description": "content",
        "prefix": "icon-gradle"
    },
    "icon-grails": {
        "body": "content: '\\\\f133';$0",
        "description": "content",
        "prefix": "icon-grails"
    },
    "icon-grails-alt": {
        "body": "content: '\\\\f134';$0",
        "description": "content",
        "prefix": "icon-grails-alt"
    },
    "icon-grunt": {
        "body": "content: '\\\\f135';$0",
        "description": "content",
        "prefix": "icon-grunt"
    },
    "icon-gulp": {
        "body": "content: '\\\\f136';$0",
        "description": "content",
        "prefix": "icon-gulp"
    },
    "icon-gulp-alt": {
        "body": "content: '\\\\f137';$0",
        "description": "content",
        "prefix": "icon-gulp-alt"
    },
    "icon-hadoop": {
        "body": "content: '\\\\f138';$0",
        "description": "content",
        "prefix": "icon-hadoop"
    },
    "icon-haskell": {
        "body": "content: '\\\\f139';$0",
        "description": "content",
        "prefix": "icon-haskell"
    },
    "icon-heroku": {
        "body": "content: '\\\\f13a';$0",
        "description": "content",
        "prefix": "icon-heroku"
    },
    "icon-html": {
        "body": "content: '\\\\f13b';$0",
        "description": "content",
        "prefix": "icon-html"
    },
    "icon-html5": {
        "body": "content: '\\\\f13c';$0",
        "description": "content",
        "prefix": "icon-html5"
    },
    "icon-html5-alt": {
        "body": "content: '\\\\f13d';$0",
        "description": "content",
        "prefix": "icon-html5-alt"
    },
    "icon-iphone": {
        "body": "content: '\\\\f13e';$0",
        "description": "content",
        "prefix": "icon-iphone"
    },
    "icon-java": {
        "body": "content: '\\\\f13f';$0",
        "description": "content",
        "prefix": "icon-java"
    },
    "icon-java-bold": {
        "body": "content: '\\\\f140';$0",
        "description": "content",
        "prefix": "icon-java-bold"
    },
    "icon-java-duke": {
        "body": "content: '\\\\f141';$0",
        "description": "content",
        "prefix": "icon-java-duke"
    },
    "icon-javascript": {
        "body": "content: '\\\\f142';$0",
        "description": "content",
        "prefix": "icon-javascript"
    },
    "icon-javascript-alt": {
        "body": "content: '\\\\f143';$0",
        "description": "content",
        "prefix": "icon-javascript-alt"
    },
    "icon-jetty": {
        "body": "content: '\\\\f144';$0",
        "description": "content",
        "prefix": "icon-jetty"
    },
    "icon-jquery": {
        "body": "content: '\\\\f145';$0",
        "description": "content",
        "prefix": "icon-jquery"
    },
    "icon-kde": {
        "body": "content: '\\\\f146';$0",
        "description": "content",
        "prefix": "icon-kde"
    },
    "icon-laravel": {
        "body": "content: '\\\\f147';$0",
        "description": "content",
        "prefix": "icon-laravel"
    },
    "icon-line-graph": {
        "body": "content: '\\\\f148';$0",
        "description": "content",
        "prefix": "icon-line-graph"
    },
    "icon-linux-mint": {
        "body": "content: '\\\\f149';$0",
        "description": "content",
        "prefix": "icon-linux-mint"
    },
    "icon-looking": {
        "body": "content: '\\\\f14a';$0",
        "description": "content",
        "prefix": "icon-looking"
    },
    "icon-magento": {
        "body": "content: '\\\\f14b';$0",
        "description": "content",
        "prefix": "icon-magento"
    },
    "icon-mariadb": {
        "body": "content: '\\\\f14c';$0",
        "description": "content",
        "prefix": "icon-mariadb"
    },
    "icon-maven": {
        "body": "content: '\\\\f14d';$0",
        "description": "content",
        "prefix": "icon-maven"
    },
    "icon-microscope": {
        "body": "content: '\\\\f14e';$0",
        "description": "content",
        "prefix": "icon-microscope"
    },
    "icon-mobile-device": {
        "body": "content: '\\\\f14f';$0",
        "description": "content",
        "prefix": "icon-mobile-device"
    },
    "icon-mobile-phone-alt": {
        "body": "content: '\\\\f150';$0",
        "description": "content",
        "prefix": "icon-mobile-phone-alt"
    },
    "icon-mobile-phone-broadcast": {
        "body": "content: '\\\\f151';$0",
        "description": "content",
        "prefix": "icon-mobile-phone-broadcast"
    },
    "icon-mongodb": {
        "body": "content: '\\\\f152';$0",
        "description": "content",
        "prefix": "icon-mongodb"
    },
    "icon-mssql": {
        "body": "content: '\\\\f153';$0",
        "description": "content",
        "prefix": "icon-mssql"
    },
    "icon-mysql": {
        "body": "content: '\\\\f154';$0",
        "description": "content",
        "prefix": "icon-mysql"
    },
    "icon-mysql-alt": {
        "body": "content: '\\\\f155';$0",
        "description": "content",
        "prefix": "icon-mysql-alt"
    },
    "icon-netbsd": {
        "body": "content: '\\\\f156';$0",
        "description": "content",
        "prefix": "icon-netbsd"
    },
    "icon-nginx": {
        "body": "content: '\\\\f157';$0",
        "description": "content",
        "prefix": "icon-nginx"
    },
    "icon-nginx-alt": {
        "body": "content: '\\\\f158';$0",
        "description": "content",
        "prefix": "icon-nginx-alt"
    },
    "icon-nginx-alt2": {
        "body": "content: '\\\\f159';$0",
        "description": "content",
        "prefix": "icon-nginx-alt2"
    },
    "icon-nodejs": {
        "body": "content: '\\\\f15a';$0",
        "description": "content",
        "prefix": "icon-nodejs"
    },
    "icon-npm": {
        "body": "content: '\\\\f15b';$0",
        "description": "content",
        "prefix": "icon-npm"
    },
    "icon-objc": {
        "body": "content: '\\\\f15c';$0",
        "description": "content",
        "prefix": "icon-objc"
    },
    "icon-openshift": {
        "body": "content: '\\\\f15d';$0",
        "description": "content",
        "prefix": "icon-openshift"
    },
    "icon-oracle": {
        "body": "content: '\\\\f15e';$0",
        "description": "content",
        "prefix": "icon-oracle"
    },
    "icon-oracle-alt": {
        "body": "content: '\\\\f15f';$0",
        "description": "content",
        "prefix": "icon-oracle-alt"
    },
    "icon-osx": {
        "body": "content: '\\\\f160';$0",
        "description": "content",
        "prefix": "icon-osx"
    },
    "icon-perl": {
        "body": "content: '\\\\f161';$0",
        "description": "content",
        "prefix": "icon-perl"
    },
    "icon-phone-alt": {
        "body": "content: '\\\\f162';$0",
        "description": "content",
        "prefix": "icon-phone-alt"
    },
    "icon-phone-gap": {
        "body": "content: '\\\\f163';$0",
        "description": "content",
        "prefix": "icon-phone-gap"
    },
    "icon-phone-retro": {
        "body": "content: '\\\\f164';$0",
        "description": "content",
        "prefix": "icon-phone-retro"
    },
    "icon-php": {
        "body": "content: '\\\\f165';$0",
        "description": "content",
        "prefix": "icon-php"
    },
    "icon-php-alt": {
        "body": "content: '\\\\f166';$0",
        "description": "content",
        "prefix": "icon-php-alt"
    },
    "icon-playframework": {
        "body": "content: '\\\\f167';$0",
        "description": "content",
        "prefix": "icon-playframework"
    },
    "icon-playframework-alt": {
        "body": "content: '\\\\f168';$0",
        "description": "content",
        "prefix": "icon-playframework-alt"
    },
    "icon-plone": {
        "body": "content: '\\\\f169';$0",
        "description": "content",
        "prefix": "icon-plone"
    },
    "icon-postgres": {
        "body": "content: '\\\\f16a';$0",
        "description": "content",
        "prefix": "icon-postgres"
    },
    "icon-postgres-alt": {
        "body": "content: '\\\\f16b';$0",
        "description": "content",
        "prefix": "icon-postgres-alt"
    },
    "icon-python": {
        "body": "content: '\\\\f16c';$0",
        "description": "content",
        "prefix": "icon-python"
    },
    "icon-raspberrypi": {
        "body": "content: '\\\\f16d';$0",
        "description": "content",
        "prefix": "icon-raspberrypi"
    },
    "icon-reactjs": {
        "body": "content: '\\\\f16e';$0",
        "description": "content",
        "prefix": "icon-reactjs"
    },
    "icon-redhat": {
        "body": "content: '\\\\f16f';$0",
        "description": "content",
        "prefix": "icon-redhat"
    },
    "icon-redis": {
        "body": "content: '\\\\f170';$0",
        "description": "content",
        "prefix": "icon-redis"
    },
    "icon-ruby": {
        "body": "content: '\\\\f171';$0",
        "description": "content",
        "prefix": "icon-ruby"
    },
    "icon-ruby-on-rails": {
        "body": "content: '\\\\f172';$0",
        "description": "content",
        "prefix": "icon-ruby-on-rails"
    },
    "icon-ruby-on-rails-alt": {
        "body": "content: '\\\\f173';$0",
        "description": "content",
        "prefix": "icon-ruby-on-rails-alt"
    },
    "icon-rust": {
        "body": "content: '\\\\f174';$0",
        "description": "content",
        "prefix": "icon-rust"
    },
    "icon-sass": {
        "body": "content: '\\\\f175';$0",
        "description": "content",
        "prefix": "icon-sass"
    },
    "icon-satellite": {
        "body": "content: '\\\\f176';$0",
        "description": "content",
        "prefix": "icon-satellite"
    },
    "icon-scala": {
        "body": "content: '\\\\f177';$0",
        "description": "content",
        "prefix": "icon-scala"
    },
    "icon-scala-alt": {
        "body": "content: '\\\\f178';$0",
        "description": "content",
        "prefix": "icon-scala-alt"
    },
    "icon-script": {
        "body": "content: '\\\\f179';$0",
        "description": "content",
        "prefix": "icon-script"
    },
    "icon-script-alt": {
        "body": "content: '\\\\f17a';$0",
        "description": "content",
        "prefix": "icon-script-alt"
    },
    "icon-shell": {
        "body": "content: '\\\\f17b';$0",
        "description": "content",
        "prefix": "icon-shell"
    },
    "icon-sitefinity": {
        "body": "content: '\\\\f17c';$0",
        "description": "content",
        "prefix": "icon-sitefinity"
    },
    "icon-solaris": {
        "body": "content: '\\\\f17d';$0",
        "description": "content",
        "prefix": "icon-solaris"
    },
    "icon-splatter": {
        "body": "content: '\\\\f17e';$0",
        "description": "content",
        "prefix": "icon-splatter"
    },
    "icon-spring": {
        "body": "content: '\\\\f17f';$0",
        "description": "content",
        "prefix": "icon-spring"
    },
    "icon-suse": {
        "body": "content: '\\\\f180';$0",
        "description": "content",
        "prefix": "icon-suse"
    },
    "icon-svg": {
        "body": "content: '\\\\f181';$0",
        "description": "content",
        "prefix": "icon-svg"
    },
    "icon-symfony": {
        "body": "content: '\\\\f182';$0",
        "description": "content",
        "prefix": "icon-symfony"
    },
    "icon-tomcat": {
        "body": "content: '\\\\f183';$0",
        "description": "content",
        "prefix": "icon-tomcat"
    },
    "icon-ubuntu": {
        "body": "content: '\\\\f184';$0",
        "description": "content",
        "prefix": "icon-ubuntu"
    },
    "icon-unity": {
        "body": "content: '\\\\f185';$0",
        "description": "content",
        "prefix": "icon-unity"
    },
    "icon-wireless": {
        "body": "content: '\\\\f186';$0",
        "description": "content",
        "prefix": "icon-wireless"
    },
    "icon-wordpress": {
        "body": "content: '\\\\f187';$0",
        "description": "content",
        "prefix": "icon-wordpress"
    },
    "icon-x11": {
        "body": "content: '\\\\f188';$0",
        "description": "content",
        "prefix": "icon-x11"
    }
}