{
    "octicon-alert": {
        "body": "content: '\\\\f02d';$0",
        "description": "content",
        "prefix": "octicon-alert"
    },
    "octicon-arrow-down": {
        "body": "content: '\\\\f03f';$0",
        "description": "content",
        "prefix": "octicon-arrow-down"
    },
    "octicon-arrow-left": {
        "body": "content: '\\\\f040';$0",
        "description": "content",
        "prefix": "octicon-arrow-left"
    },
    "octicon-arrow-right": {
        "body": "content: '\\\\f03e';$0",
        "description": "content",
        "prefix": "octicon-arrow-right"
    },
    "octicon-arrow-small-down": {
        "body": "content: '\\\\f0a0';$0",
        "description": "content",
        "prefix": "octicon-arrow-small-down"
    },
    "octicon-arrow-small-left": {
        "body": "content: '\\\\f0a1';$0",
        "description": "content",
        "prefix": "octicon-arrow-small-left"
    },
    "octicon-arrow-small-right": {
        "body": "content: '\\\\f071';$0",
        "description": "content",
        "prefix": "octicon-arrow-small-right"
    },
    "octicon-arrow-small-up": {
        "body": "content: '\\\\f09f';$0",
        "description": "content",
        "prefix": "octicon-arrow-small-up"
    },
    "octicon-arrow-up": {
        "body": "content: '\\\\f03d';$0",
        "description": "content",
        "prefix": "octicon-arrow-up"
    },
    "octicon-beaker": {
        "body": "content: '\\\\f0dd';$0",
        "description": "content",
        "prefix": "octicon-beaker"
    },
    "octicon-bell": {
        "body": "content: '\\\\f0de';$0",
        "description": "content",
        "prefix": "octicon-bell"
    },
    "octicon-bold": {
        "body": "content: '\\\\f0e2';$0",
        "description": "content",
        "prefix": "octicon-bold"
    },
    "octicon-book": {
        "body": "content: '\\\\f007';$0",
        "description": "content",
        "prefix": "octicon-book"
    },
    "octicon-bookmark": {
        "body": "content: '\\\\f07b';$0",
        "description": "content",
        "prefix": "octicon-bookmark"
    },
    "octicon-briefcase": {
        "body": "content: '\\\\f0d3';$0",
        "description": "content",
        "prefix": "octicon-briefcase"
    },
    "octicon-broadcast": {
        "body": "content: '\\\\f048';$0",
        "description": "content",
        "prefix": "octicon-broadcast"
    },
    "octicon-browser": {
        "body": "content: '\\\\f0c5';$0",
        "description": "content",
        "prefix": "octicon-browser"
    },
    "octicon-bug": {
        "body": "content: '\\\\f091';$0",
        "description": "content",
        "prefix": "octicon-bug"
    },
    "octicon-calendar": {
        "body": "content: '\\\\f068';$0",
        "description": "content",
        "prefix": "octicon-calendar"
    },
    "octicon-check": {
        "body": "content: '\\\\f03a';$0",
        "description": "content",
        "prefix": "octicon-check"
    },
    "octicon-checklist": {
        "body": "content: '\\\\f076';$0",
        "description": "content",
        "prefix": "octicon-checklist"
    },
    "octicon-chevron-down": {
        "body": "content: '\\\\f0a3';$0",
        "description": "content",
        "prefix": "octicon-chevron-down"
    },
    "octicon-chevron-left": {
        "body": "content: '\\\\f0a4';$0",
        "description": "content",
        "prefix": "octicon-chevron-left"
    },
    "octicon-chevron-right": {
        "body": "content: '\\\\f078';$0",
        "description": "content",
        "prefix": "octicon-chevron-right"
    },
    "octicon-chevron-up": {
        "body": "content: '\\\\f0a2';$0",
        "description": "content",
        "prefix": "octicon-chevron-up"
    },
    "octicon-circle-slash": {
        "body": "content: '\\\\f084';$0",
        "description": "content",
        "prefix": "octicon-circle-slash"
    },
    "octicon-circuit-board": {
        "body": "content: '\\\\f0d6';$0",
        "description": "content",
        "prefix": "octicon-circuit-board"
    },
    "octicon-clippy": {
        "body": "content: '\\\\f035';$0",
        "description": "content",
        "prefix": "octicon-clippy"
    },
    "octicon-clock": {
        "body": "content: '\\\\f046';$0",
        "description": "content",
        "prefix": "octicon-clock"
    },
    "octicon-cloud-download": {
        "body": "content: '\\\\f00b';$0",
        "description": "content",
        "prefix": "octicon-cloud-download"
    },
    "octicon-cloud-upload": {
        "body": "content: '\\\\f00c';$0",
        "description": "content",
        "prefix": "octicon-cloud-upload"
    },
    "octicon-code": {
        "body": "content: '\\\\f05f';$0",
        "description": "content",
        "prefix": "octicon-code"
    },
    "octicon-comment-discussion": {
        "body": "content: '\\\\f04f';$0",
        "description": "content",
        "prefix": "octicon-comment-discussion"
    },
    "octicon-comment": {
        "body": "content: '\\\\f02b';$0",
        "description": "content",
        "prefix": "octicon-comment"
    },
    "octicon-credit-card": {
        "body": "content: '\\\\f045';$0",
        "description": "content",
        "prefix": "octicon-credit-card"
    },
    "octicon-dash": {
        "body": "content: '\\\\f0ca';$0",
        "description": "content",
        "prefix": "octicon-dash"
    },
    "octicon-dashboard": {
        "body": "content: '\\\\f07d';$0",
        "description": "content",
        "prefix": "octicon-dashboard"
    },
    "octicon-database": {
        "body": "content: '\\\\f096';$0",
        "description": "content",
        "prefix": "octicon-database"
    },
    "octicon-desktop-download": {
        "body": "content: '\\\\f0dc';$0",
        "description": "content",
        "prefix": "octicon-desktop-download"
    },
    "octicon-device-camera-video": {
        "body": "content: '\\\\f057';$0",
        "description": "content",
        "prefix": "octicon-device-camera-video"
    },
    "octicon-device-camera": {
        "body": "content: '\\\\f056';$0",
        "description": "content",
        "prefix": "octicon-device-camera"
    },
    "octicon-device-desktop": {
        "body": "content: '\\\\f27c';$0",
        "description": "content",
        "prefix": "octicon-device-desktop"
    },
    "octicon-device-mobile": {
        "body": "content: '\\\\f038';$0",
        "description": "content",
        "prefix": "octicon-device-mobile"
    },
    "octicon-diff-added": {
        "body": "content: '\\\\f06b';$0",
        "description": "content",
        "prefix": "octicon-diff-added"
    },
    "octicon-diff-ignored": {
        "body": "content: '\\\\f099';$0",
        "description": "content",
        "prefix": "octicon-diff-ignored"
    },
    "octicon-diff-modified": {
        "body": "content: '\\\\f06d';$0",
        "description": "content",
        "prefix": "octicon-diff-modified"
    },
    "octicon-diff-removed": {
        "body": "content: '\\\\f06c';$0",
        "description": "content",
        "prefix": "octicon-diff-removed"
    },
    "octicon-diff-renamed": {
        "body": "content: '\\\\f06e';$0",
        "description": "content",
        "prefix": "octicon-diff-renamed"
    },
    "octicon-diff": {
        "body": "content: '\\\\f04d';$0",
        "description": "content",
        "prefix": "octicon-diff"
    },
    "octicon-ellipses": {
        "body": "content: '\\\\f101';$0",
        "description": "content",
        "prefix": "octicon-ellipses"
    },
    "octicon-ellipsis": {
        "body": "content: '\\\\f09a';$0",
        "description": "content",
        "prefix": "octicon-ellipsis"
    },
    "octicon-eye": {
        "body": "content: '\\\\f04e';$0",
        "description": "content",
        "prefix": "octicon-eye"
    },
    "octicon-file-binary": {
        "body": "content: '\\\\f094';$0",
        "description": "content",
        "prefix": "octicon-file-binary"
    },
    "octicon-file-code": {
        "body": "content: '\\\\f010';$0",
        "description": "content",
        "prefix": "octicon-file-code"
    },
    "octicon-file-directory": {
        "body": "content: '\\\\f016';$0",
        "description": "content",
        "prefix": "octicon-file-directory"
    },
    "octicon-file-media": {
        "body": "content: '\\\\f012';$0",
        "description": "content",
        "prefix": "octicon-file-media"
    },
    "octicon-file-pdf": {
        "body": "content: '\\\\f014';$0",
        "description": "content",
        "prefix": "octicon-file-pdf"
    },
    "octicon-file-submodule": {
        "body": "content: '\\\\f017';$0",
        "description": "content",
        "prefix": "octicon-file-submodule"
    },
    "octicon-file-symlink-directory": {
        "body": "content: '\\\\f0b1';$0",
        "description": "content",
        "prefix": "octicon-file-symlink-directory"
    },
    "octicon-file-symlink-file": {
        "body": "content: '\\\\f0b0';$0",
        "description": "content",
        "prefix": "octicon-file-symlink-file"
    },
    "octicon-file-text": {
        "body": "content: '\\\\f011';$0",
        "description": "content",
        "prefix": "octicon-file-text"
    },
    "octicon-file-zip": {
        "body": "content: '\\\\f013';$0",
        "description": "content",
        "prefix": "octicon-file-zip"
    },
    "octicon-file": {
        "body": "content: '\\\\f102';$0",
        "description": "content",
        "prefix": "octicon-file"
    },
    "octicon-flame": {
        "body": "content: '\\\\f0d2';$0",
        "description": "content",
        "prefix": "octicon-flame"
    },
    "octicon-fold": {
        "body": "content: '\\\\f0cc';$0",
        "description": "content",
        "prefix": "octicon-fold"
    },
    "octicon-gear": {
        "body": "content: '\\\\f02f';$0",
        "description": "content",
        "prefix": "octicon-gear"
    },
    "octicon-gift": {
        "body": "content: '\\\\f042';$0",
        "description": "content",
        "prefix": "octicon-gift"
    },
    "octicon-gist-secret": {
        "body": "content: '\\\\f08c';$0",
        "description": "content",
        "prefix": "octicon-gist-secret"
    },
    "octicon-gist": {
        "body": "content: '\\\\f00e';$0",
        "description": "content",
        "prefix": "octicon-gist"
    },
    "octicon-git-branch": {
        "body": "content: '\\\\f020';$0",
        "description": "content",
        "prefix": "octicon-git-branch"
    },
    "octicon-git-commit": {
        "body": "content: '\\\\f01f';$0",
        "description": "content",
        "prefix": "octicon-git-commit"
    },
    "octicon-git-compare": {
        "body": "content: '\\\\f0ac';$0",
        "description": "content",
        "prefix": "octicon-git-compare"
    },
    "octicon-git-merge": {
        "body": "content: '\\\\f023';$0",
        "description": "content",
        "prefix": "octicon-git-merge"
    },
    "octicon-git-pull-request": {
        "body": "content: '\\\\f009';$0",
        "description": "content",
        "prefix": "octicon-git-pull-request"
    },
    "octicon-globe": {
        "body": "content: '\\\\f0b6';$0",
        "description": "content",
        "prefix": "octicon-globe"
    },
    "octicon-grabber": {
        "body": "content: '\\\\f103';$0",
        "description": "content",
        "prefix": "octicon-grabber"
    },
    "octicon-graph": {
        "body": "content: '\\\\f043';$0",
        "description": "content",
        "prefix": "octicon-graph"
    },
    "octicon-heart": {
        "body": "content: '\\\\2665';$0",
        "description": "content",
        "prefix": "octicon-heart"
    },
    "octicon-history": {
        "body": "content: '\\\\f07e';$0",
        "description": "content",
        "prefix": "octicon-history"
    },
    "octicon-home": {
        "body": "content: '\\\\f08d';$0",
        "description": "content",
        "prefix": "octicon-home"
    },
    "octicon-horizontal-rule": {
        "body": "content: '\\\\f070';$0",
        "description": "content",
        "prefix": "octicon-horizontal-rule"
    },
    "octicon-hubot": {
        "body": "content: '\\\\f09d';$0",
        "description": "content",
        "prefix": "octicon-hubot"
    },
    "octicon-inbox": {
        "body": "content: '\\\\f0cf';$0",
        "description": "content",
        "prefix": "octicon-inbox"
    },
    "octicon-info": {
        "body": "content: '\\\\f059';$0",
        "description": "content",
        "prefix": "octicon-info"
    },
    "octicon-issue-closed": {
        "body": "content: '\\\\f028';$0",
        "description": "content",
        "prefix": "octicon-issue-closed"
    },
    "octicon-issue-opened": {
        "body": "content: '\\\\f026';$0",
        "description": "content",
        "prefix": "octicon-issue-opened"
    },
    "octicon-issue-reopened": {
        "body": "content: '\\\\f027';$0",
        "description": "content",
        "prefix": "octicon-issue-reopened"
    },
    "octicon-italic": {
        "body": "content: '\\\\f0e4';$0",
        "description": "content",
        "prefix": "octicon-italic"
    },
    "octicon-jersey": {
        "body": "content: '\\\\f019';$0",
        "description": "content",
        "prefix": "octicon-jersey"
    },
    "octicon-key": {
        "body": "content: '\\\\f049';$0",
        "description": "content",
        "prefix": "octicon-key"
    },
    "octicon-keyboard": {
        "body": "content: '\\\\f00d';$0",
        "description": "content",
        "prefix": "octicon-keyboard"
    },
    "octicon-law": {
        "body": "content: '\\\\f0d8';$0",
        "description": "content",
        "prefix": "octicon-law"
    },
    "octicon-light-bulb": {
        "body": "content: '\\\\f000';$0",
        "description": "content",
        "prefix": "octicon-light-bulb"
    },
    "octicon-link-external": {
        "body": "content: '\\\\f07f';$0",
        "description": "content",
        "prefix": "octicon-link-external"
    },
    "octicon-link": {
        "body": "content: '\\\\f05c';$0",
        "description": "content",
        "prefix": "octicon-link"
    },
    "octicon-list-ordered": {
        "body": "content: '\\\\f062';$0",
        "description": "content",
        "prefix": "octicon-list-ordered"
    },
    "octicon-list-unordered": {
        "body": "content: '\\\\f061';$0",
        "description": "content",
        "prefix": "octicon-list-unordered"
    },
    "octicon-location": {
        "body": "content: '\\\\f060';$0",
        "description": "content",
        "prefix": "octicon-location"
    },
    "octicon-lock": {
        "body": "content: '\\\\f06a';$0",
        "description": "content",
        "prefix": "octicon-lock"
    },
    "octicon-logo-gist": {
        "body": "content: '\\\\f0ad';$0",
        "description": "content",
        "prefix": "octicon-logo-gist"
    },
    "octicon-logo-github": {
        "body": "content: '\\\\f092';$0",
        "description": "content",
        "prefix": "octicon-logo-github"
    },
    "octicon-mail-read": {
        "body": "content: '\\\\f03c';$0",
        "description": "content",
        "prefix": "octicon-mail-read"
    },
    "octicon-mail-reply": {
        "body": "content: '\\\\f051';$0",
        "description": "content",
        "prefix": "octicon-mail-reply"
    },
    "octicon-mail": {
        "body": "content: '\\\\f03b';$0",
        "description": "content",
        "prefix": "octicon-mail"
    },
    "octicon-mark-github": {
        "body": "content: '\\\\f00a';$0",
        "description": "content",
        "prefix": "octicon-mark-github"
    },
    "octicon-markdown": {
        "body": "content: '\\\\f0c9';$0",
        "description": "content",
        "prefix": "octicon-markdown"
    },
    "octicon-megaphone": {
        "body": "content: '\\\\f077';$0",
        "description": "content",
        "prefix": "octicon-megaphone"
    },
    "octicon-mention": {
        "body": "content: '\\\\f0be';$0",
        "description": "content",
        "prefix": "octicon-mention"
    },
    "octicon-milestone": {
        "body": "content: '\\\\f075';$0",
        "description": "content",
        "prefix": "octicon-milestone"
    },
    "octicon-mirror": {
        "body": "content: '\\\\f024';$0",
        "description": "content",
        "prefix": "octicon-mirror"
    },
    "octicon-mortar-board": {
        "body": "content: '\\\\f0d7';$0",
        "description": "content",
        "prefix": "octicon-mortar-board"
    },
    "octicon-mute": {
        "body": "content: '\\\\f080';$0",
        "description": "content",
        "prefix": "octicon-mute"
    },
    "octicon-no-newline": {
        "body": "content: '\\\\f09c';$0",
        "description": "content",
        "prefix": "octicon-no-newline"
    },
    "octicon-octoface": {
        "body": "content: '\\\\f008';$0",
        "description": "content",
        "prefix": "octicon-octoface"
    },
    "octicon-organization": {
        "body": "content: '\\\\f037';$0",
        "description": "content",
        "prefix": "octicon-organization"
    },
    "octicon-package": {
        "body": "content: '\\\\f0c4';$0",
        "description": "content",
        "prefix": "octicon-package"
    },
    "octicon-paintcan": {
        "body": "content: '\\\\f0d1';$0",
        "description": "content",
        "prefix": "octicon-paintcan"
    },
    "octicon-pencil": {
        "body": "content: '\\\\f058';$0",
        "description": "content",
        "prefix": "octicon-pencil"
    },
    "octicon-person": {
        "body": "content: '\\\\f018';$0",
        "description": "content",
        "prefix": "octicon-person"
    },
    "octicon-pin": {
        "body": "content: '\\\\f041';$0",
        "description": "content",
        "prefix": "octicon-pin"
    },
    "octicon-plug": {
        "body": "content: '\\\\f0d4';$0",
        "description": "content",
        "prefix": "octicon-plug"
    },
    "octicon-plus-small": {
        "body": "content: '\\\\f104';$0",
        "description": "content",
        "prefix": "octicon-plus-small"
    },
    "octicon-plus": {
        "body": "content: '\\\\f05d';$0",
        "description": "content",
        "prefix": "octicon-plus"
    },
    "octicon-primitive-dot": {
        "body": "content: '\\\\f052';$0",
        "description": "content",
        "prefix": "octicon-primitive-dot"
    },
    "octicon-primitive-square": {
        "body": "content: '\\\\f053';$0",
        "description": "content",
        "prefix": "octicon-primitive-square"
    },
    "octicon-pulse": {
        "body": "content: '\\\\f085';$0",
        "description": "content",
        "prefix": "octicon-pulse"
    },
    "octicon-question": {
        "body": "content: '\\\\f02c';$0",
        "description": "content",
        "prefix": "octicon-question"
    },
    "octicon-quote": {
        "body": "content: '\\\\f063';$0",
        "description": "content",
        "prefix": "octicon-quote"
    },
    "octicon-radio-tower": {
        "body": "content: '\\\\f030';$0",
        "description": "content",
        "prefix": "octicon-radio-tower"
    },
    "octicon-reply": {
        "body": "content: '\\\\f105';$0",
        "description": "content",
        "prefix": "octicon-reply"
    },
    "octicon-repo-clone": {
        "body": "content: '\\\\f04c';$0",
        "description": "content",
        "prefix": "octicon-repo-clone"
    },
    "octicon-repo-force-push": {
        "body": "content: '\\\\f04a';$0",
        "description": "content",
        "prefix": "octicon-repo-force-push"
    },
    "octicon-repo-forked": {
        "body": "content: '\\\\f002';$0",
        "description": "content",
        "prefix": "octicon-repo-forked"
    },
    "octicon-repo-pull": {
        "body": "content: '\\\\f006';$0",
        "description": "content",
        "prefix": "octicon-repo-pull"
    },
    "octicon-repo-push": {
        "body": "content: '\\\\f005';$0",
        "description": "content",
        "prefix": "octicon-repo-push"
    },
    "octicon-repo": {
        "body": "content: '\\\\f001';$0",
        "description": "content",
        "prefix": "octicon-repo"
    },
    "octicon-rocket": {
        "body": "content: '\\\\f033';$0",
        "description": "content",
        "prefix": "octicon-rocket"
    },
    "octicon-rss": {
        "body": "content: '\\\\f034';$0",
        "description": "content",
        "prefix": "octicon-rss"
    },
    "octicon-ruby": {
        "body": "content: '\\\\f047';$0",
        "description": "content",
        "prefix": "octicon-ruby"
    },
    "octicon-search": {
        "body": "content: '\\\\f02e';$0",
        "description": "content",
        "prefix": "octicon-search"
    },
    "octicon-server": {
        "body": "content: '\\\\f097';$0",
        "description": "content",
        "prefix": "octicon-server"
    },
    "octicon-settings": {
        "body": "content: '\\\\f07c';$0",
        "description": "content",
        "prefix": "octicon-settings"
    },
    "octicon-shield": {
        "body": "content: '\\\\f0e1';$0",
        "description": "content",
        "prefix": "octicon-shield"
    },
    "octicon-sign-in": {
        "body": "content: '\\\\f036';$0",
        "description": "content",
        "prefix": "octicon-sign-in"
    },
    "octicon-sign-out": {
        "body": "content: '\\\\f032';$0",
        "description": "content",
        "prefix": "octicon-sign-out"
    },
    "octicon-smiley": {
        "body": "content: '\\\\f0e7';$0",
        "description": "content",
        "prefix": "octicon-smiley"
    },
    "octicon-squirrel": {
        "body": "content: '\\\\f0b2';$0",
        "description": "content",
        "prefix": "octicon-squirrel"
    },
    "octicon-star": {
        "body": "content: '\\\\f02a';$0",
        "description": "content",
        "prefix": "octicon-star"
    },
    "octicon-stop": {
        "body": "content: '\\\\f08f';$0",
        "description": "content",
        "prefix": "octicon-stop"
    },
    "octicon-sync": {
        "body": "content: '\\\\f087';$0",
        "description": "content",
        "prefix": "octicon-sync"
    },
    "octicon-tag": {
        "body": "content: '\\\\f015';$0",
        "description": "content",
        "prefix": "octicon-tag"
    },
    "octicon-tasklist": {
        "body": "content: '\\\\f0e5';$0",
        "description": "content",
        "prefix": "octicon-tasklist"
    },
    "octicon-telescope": {
        "body": "content: '\\\\f088';$0",
        "description": "content",
        "prefix": "octicon-telescope"
    },
    "octicon-terminal": {
        "body": "content: '\\\\f0c8';$0",
        "description": "content",
        "prefix": "octicon-terminal"
    },
    "octicon-text-size": {
        "body": "content: '\\\\f0e3';$0",
        "description": "content",
        "prefix": "octicon-text-size"
    },
    "octicon-three-bars": {
        "body": "content: '\\\\f05e';$0",
        "description": "content",
        "prefix": "octicon-three-bars"
    },
    "octicon-thumbsdown": {
        "body": "content: '\\\\f0db';$0",
        "description": "content",
        "prefix": "octicon-thumbsdown"
    },
    "octicon-thumbsup": {
        "body": "content: '\\\\f0da';$0",
        "description": "content",
        "prefix": "octicon-thumbsup"
    },
    "octicon-tools": {
        "body": "content: '\\\\f031';$0",
        "description": "content",
        "prefix": "octicon-tools"
    },
    "octicon-trashcan": {
        "body": "content: '\\\\f0d0';$0",
        "description": "content",
        "prefix": "octicon-trashcan"
    },
    "octicon-triangle-down": {
        "body": "content: '\\\\f05b';$0",
        "description": "content",
        "prefix": "octicon-triangle-down"
    },
    "octicon-triangle-left": {
        "body": "content: '\\\\f044';$0",
        "description": "content",
        "prefix": "octicon-triangle-left"
    },
    "octicon-triangle-right": {
        "body": "content: '\\\\f05a';$0",
        "description": "content",
        "prefix": "octicon-triangle-right"
    },
    "octicon-triangle-up": {
        "body": "content: '\\\\f0aa';$0",
        "description": "content",
        "prefix": "octicon-triangle-up"
    },
    "octicon-unfold": {
        "body": "content: '\\\\f039';$0",
        "description": "content",
        "prefix": "octicon-unfold"
    },
    "octicon-unmute": {
        "body": "content: '\\\\f0ba';$0",
        "description": "content",
        "prefix": "octicon-unmute"
    },
    "octicon-unverified": {
        "body": "content: '\\\\f0e8';$0",
        "description": "content",
        "prefix": "octicon-unverified"
    },
    "octicon-verified": {
        "body": "content: '\\\\f0e6';$0",
        "description": "content",
        "prefix": "octicon-verified"
    },
    "octicon-versions": {
        "body": "content: '\\\\f064';$0",
        "description": "content",
        "prefix": "octicon-versions"
    },
    "octicon-watch": {
        "body": "content: '\\\\f0e0';$0",
        "description": "content",
        "prefix": "octicon-watch"
    },
    "octicon-x": {
        "body": "content: '\\\\f081';$0",
        "description": "content",
        "prefix": "octicon-x"
    },
    "octicon-zap": {
        "body": "content: '\\\\26a1';$0",
        "description": "content",
        "prefix": "octicon-zap"
    }
}