{
    "oi[data-glyph=account-login]": {
        "body": "content: '\\\\e000';$0",
        "description": "content",
        "prefix": "oi[data-glyph=account-login]"
    },
    "oi[data-glyph=account-logout]": {
        "body": "content: '\\\\e001';$0",
        "description": "content",
        "prefix": "oi[data-glyph=account-logout]"
    },
    "oi[data-glyph=action-redo]": {
        "body": "content: '\\\\e002';$0",
        "description": "content",
        "prefix": "oi[data-glyph=action-redo]"
    },
    "oi[data-glyph=action-undo]": {
        "body": "content: '\\\\e003';$0",
        "description": "content",
        "prefix": "oi[data-glyph=action-undo]"
    },
    "oi[data-glyph=align-center]": {
        "body": "content: '\\\\e004';$0",
        "description": "content",
        "prefix": "oi[data-glyph=align-center]"
    },
    "oi[data-glyph=align-left]": {
        "body": "content: '\\\\e005';$0",
        "description": "content",
        "prefix": "oi[data-glyph=align-left]"
    },
    "oi[data-glyph=align-right]": {
        "body": "content: '\\\\e006';$0",
        "description": "content",
        "prefix": "oi[data-glyph=align-right]"
    },
    "oi[data-glyph=aperture]": {
        "body": "content: '\\\\e007';$0",
        "description": "content",
        "prefix": "oi[data-glyph=aperture]"
    },
    "oi[data-glyph=arrow-bottom]": {
        "body": "content: '\\\\e008';$0",
        "description": "content",
        "prefix": "oi[data-glyph=arrow-bottom]"
    },
    "oi[data-glyph=arrow-circle-bottom]": {
        "body": "content: '\\\\e009';$0",
        "description": "content",
        "prefix": "oi[data-glyph=arrow-circle-bottom]"
    },
    "oi[data-glyph=arrow-circle-left]": {
        "body": "content: '\\\\e00a';$0",
        "description": "content",
        "prefix": "oi[data-glyph=arrow-circle-left]"
    },
    "oi[data-glyph=arrow-circle-right]": {
        "body": "content: '\\\\e00b';$0",
        "description": "content",
        "prefix": "oi[data-glyph=arrow-circle-right]"
    },
    "oi[data-glyph=arrow-circle-top]": {
        "body": "content: '\\\\e00c';$0",
        "description": "content",
        "prefix": "oi[data-glyph=arrow-circle-top]"
    },
    "oi[data-glyph=arrow-left]": {
        "body": "content: '\\\\e00d';$0",
        "description": "content",
        "prefix": "oi[data-glyph=arrow-left]"
    },
    "oi[data-glyph=arrow-right]": {
        "body": "content: '\\\\e00e';$0",
        "description": "content",
        "prefix": "oi[data-glyph=arrow-right]"
    },
    "oi[data-glyph=arrow-thick-bottom]": {
        "body": "content: '\\\\e00f';$0",
        "description": "content",
        "prefix": "oi[data-glyph=arrow-thick-bottom]"
    },
    "oi[data-glyph=arrow-thick-left]": {
        "body": "content: '\\\\e010';$0",
        "description": "content",
        "prefix": "oi[data-glyph=arrow-thick-left]"
    },
    "oi[data-glyph=arrow-thick-right]": {
        "body": "content: '\\\\e011';$0",
        "description": "content",
        "prefix": "oi[data-glyph=arrow-thick-right]"
    },
    "oi[data-glyph=arrow-thick-top]": {
        "body": "content: '\\\\e012';$0",
        "description": "content",
        "prefix": "oi[data-glyph=arrow-thick-top]"
    },
    "oi[data-glyph=arrow-top]": {
        "body": "content: '\\\\e013';$0",
        "description": "content",
        "prefix": "oi[data-glyph=arrow-top]"
    },
    "oi[data-glyph=audio-spectrum]": {
        "body": "content: '\\\\e014';$0",
        "description": "content",
        "prefix": "oi[data-glyph=audio-spectrum]"
    },
    "oi[data-glyph=audio]": {
        "body": "content: '\\\\e015';$0",
        "description": "content",
        "prefix": "oi[data-glyph=audio]"
    },
    "oi[data-glyph=badge]": {
        "body": "content: '\\\\e016';$0",
        "description": "content",
        "prefix": "oi[data-glyph=badge]"
    },
    "oi[data-glyph=ban]": {
        "body": "content: '\\\\e017';$0",
        "description": "content",
        "prefix": "oi[data-glyph=ban]"
    },
    "oi[data-glyph=bar-chart]": {
        "body": "content: '\\\\e018';$0",
        "description": "content",
        "prefix": "oi[data-glyph=bar-chart]"
    },
    "oi[data-glyph=basket]": {
        "body": "content: '\\\\e019';$0",
        "description": "content",
        "prefix": "oi[data-glyph=basket]"
    },
    "oi[data-glyph=battery-empty]": {
        "body": "content: '\\\\e01a';$0",
        "description": "content",
        "prefix": "oi[data-glyph=battery-empty]"
    },
    "oi[data-glyph=battery-full]": {
        "body": "content: '\\\\e01b';$0",
        "description": "content",
        "prefix": "oi[data-glyph=battery-full]"
    },
    "oi[data-glyph=beaker]": {
        "body": "content: '\\\\e01c';$0",
        "description": "content",
        "prefix": "oi[data-glyph=beaker]"
    },
    "oi[data-glyph=bell]": {
        "body": "content: '\\\\e01d';$0",
        "description": "content",
        "prefix": "oi[data-glyph=bell]"
    },
    "oi[data-glyph=bluetooth]": {
        "body": "content: '\\\\e01e';$0",
        "description": "content",
        "prefix": "oi[data-glyph=bluetooth]"
    },
    "oi[data-glyph=bold]": {
        "body": "content: '\\\\e01f';$0",
        "description": "content",
        "prefix": "oi[data-glyph=bold]"
    },
    "oi[data-glyph=bolt]": {
        "body": "content: '\\\\e020';$0",
        "description": "content",
        "prefix": "oi[data-glyph=bolt]"
    },
    "oi[data-glyph=book]": {
        "body": "content: '\\\\e021';$0",
        "description": "content",
        "prefix": "oi[data-glyph=book]"
    },
    "oi[data-glyph=bookmark]": {
        "body": "content: '\\\\e022';$0",
        "description": "content",
        "prefix": "oi[data-glyph=bookmark]"
    },
    "oi[data-glyph=box]": {
        "body": "content: '\\\\e023';$0",
        "description": "content",
        "prefix": "oi[data-glyph=box]"
    },
    "oi[data-glyph=briefcase]": {
        "body": "content: '\\\\e024';$0",
        "description": "content",
        "prefix": "oi[data-glyph=briefcase]"
    },
    "oi[data-glyph=british-pound]": {
        "body": "content: '\\\\e025';$0",
        "description": "content",
        "prefix": "oi[data-glyph=british-pound]"
    },
    "oi[data-glyph=browser]": {
        "body": "content: '\\\\e026';$0",
        "description": "content",
        "prefix": "oi[data-glyph=browser]"
    },
    "oi[data-glyph=brush]": {
        "body": "content: '\\\\e027';$0",
        "description": "content",
        "prefix": "oi[data-glyph=brush]"
    },
    "oi[data-glyph=bug]": {
        "body": "content: '\\\\e028';$0",
        "description": "content",
        "prefix": "oi[data-glyph=bug]"
    },
    "oi[data-glyph=bullhorn]": {
        "body": "content: '\\\\e029';$0",
        "description": "content",
        "prefix": "oi[data-glyph=bullhorn]"
    },
    "oi[data-glyph=calculator]": {
        "body": "content: '\\\\e02a';$0",
        "description": "content",
        "prefix": "oi[data-glyph=calculator]"
    },
    "oi[data-glyph=calendar]": {
        "body": "content: '\\\\e02b';$0",
        "description": "content",
        "prefix": "oi[data-glyph=calendar]"
    },
    "oi[data-glyph=camera-slr]": {
        "body": "content: '\\\\e02c';$0",
        "description": "content",
        "prefix": "oi[data-glyph=camera-slr]"
    },
    "oi[data-glyph=caret-bottom]": {
        "body": "content: '\\\\e02d';$0",
        "description": "content",
        "prefix": "oi[data-glyph=caret-bottom]"
    },
    "oi[data-glyph=caret-left]": {
        "body": "content: '\\\\e02e';$0",
        "description": "content",
        "prefix": "oi[data-glyph=caret-left]"
    },
    "oi[data-glyph=caret-right]": {
        "body": "content: '\\\\e02f';$0",
        "description": "content",
        "prefix": "oi[data-glyph=caret-right]"
    },
    "oi[data-glyph=caret-top]": {
        "body": "content: '\\\\e030';$0",
        "description": "content",
        "prefix": "oi[data-glyph=caret-top]"
    },
    "oi[data-glyph=cart]": {
        "body": "content: '\\\\e031';$0",
        "description": "content",
        "prefix": "oi[data-glyph=cart]"
    },
    "oi[data-glyph=chat]": {
        "body": "content: '\\\\e032';$0",
        "description": "content",
        "prefix": "oi[data-glyph=chat]"
    },
    "oi[data-glyph=check]": {
        "body": "content: '\\\\e033';$0",
        "description": "content",
        "prefix": "oi[data-glyph=check]"
    },
    "oi[data-glyph=chevron-bottom]": {
        "body": "content: '\\\\e034';$0",
        "description": "content",
        "prefix": "oi[data-glyph=chevron-bottom]"
    },
    "oi[data-glyph=chevron-left]": {
        "body": "content: '\\\\e035';$0",
        "description": "content",
        "prefix": "oi[data-glyph=chevron-left]"
    },
    "oi[data-glyph=chevron-right]": {
        "body": "content: '\\\\e036';$0",
        "description": "content",
        "prefix": "oi[data-glyph=chevron-right]"
    },
    "oi[data-glyph=chevron-top]": {
        "body": "content: '\\\\e037';$0",
        "description": "content",
        "prefix": "oi[data-glyph=chevron-top]"
    },
    "oi[data-glyph=circle-check]": {
        "body": "content: '\\\\e038';$0",
        "description": "content",
        "prefix": "oi[data-glyph=circle-check]"
    },
    "oi[data-glyph=circle-x]": {
        "body": "content: '\\\\e039';$0",
        "description": "content",
        "prefix": "oi[data-glyph=circle-x]"
    },
    "oi[data-glyph=clipboard]": {
        "body": "content: '\\\\e03a';$0",
        "description": "content",
        "prefix": "oi[data-glyph=clipboard]"
    },
    "oi[data-glyph=clock]": {
        "body": "content: '\\\\e03b';$0",
        "description": "content",
        "prefix": "oi[data-glyph=clock]"
    },
    "oi[data-glyph=cloud-download]": {
        "body": "content: '\\\\e03c';$0",
        "description": "content",
        "prefix": "oi[data-glyph=cloud-download]"
    },
    "oi[data-glyph=cloud-upload]": {
        "body": "content: '\\\\e03d';$0",
        "description": "content",
        "prefix": "oi[data-glyph=cloud-upload]"
    },
    "oi[data-glyph=cloud]": {
        "body": "content: '\\\\e03e';$0",
        "description": "content",
        "prefix": "oi[data-glyph=cloud]"
    },
    "oi[data-glyph=cloudy]": {
        "body": "content: '\\\\e03f';$0",
        "description": "content",
        "prefix": "oi[data-glyph=cloudy]"
    },
    "oi[data-glyph=code]": {
        "body": "content: '\\\\e040';$0",
        "description": "content",
        "prefix": "oi[data-glyph=code]"
    },
    "oi[data-glyph=cog]": {
        "body": "content: '\\\\e041';$0",
        "description": "content",
        "prefix": "oi[data-glyph=cog]"
    },
    "oi[data-glyph=collapse-down]": {
        "body": "content: '\\\\e042';$0",
        "description": "content",
        "prefix": "oi[data-glyph=collapse-down]"
    },
    "oi[data-glyph=collapse-left]": {
        "body": "content: '\\\\e043';$0",
        "description": "content",
        "prefix": "oi[data-glyph=collapse-left]"
    },
    "oi[data-glyph=collapse-right]": {
        "body": "content: '\\\\e044';$0",
        "description": "content",
        "prefix": "oi[data-glyph=collapse-right]"
    },
    "oi[data-glyph=collapse-up]": {
        "body": "content: '\\\\e045';$0",
        "description": "content",
        "prefix": "oi[data-glyph=collapse-up]"
    },
    "oi[data-glyph=command]": {
        "body": "content: '\\\\e046';$0",
        "description": "content",
        "prefix": "oi[data-glyph=command]"
    },
    "oi[data-glyph=comment-square]": {
        "body": "content: '\\\\e047';$0",
        "description": "content",
        "prefix": "oi[data-glyph=comment-square]"
    },
    "oi[data-glyph=compass]": {
        "body": "content: '\\\\e048';$0",
        "description": "content",
        "prefix": "oi[data-glyph=compass]"
    },
    "oi[data-glyph=contrast]": {
        "body": "content: '\\\\e049';$0",
        "description": "content",
        "prefix": "oi[data-glyph=contrast]"
    },
    "oi[data-glyph=copywriting]": {
        "body": "content: '\\\\e04a';$0",
        "description": "content",
        "prefix": "oi[data-glyph=copywriting]"
    },
    "oi[data-glyph=credit-card]": {
        "body": "content: '\\\\e04b';$0",
        "description": "content",
        "prefix": "oi[data-glyph=credit-card]"
    },
    "oi[data-glyph=crop]": {
        "body": "content: '\\\\e04c';$0",
        "description": "content",
        "prefix": "oi[data-glyph=crop]"
    },
    "oi[data-glyph=dashboard]": {
        "body": "content: '\\\\e04d';$0",
        "description": "content",
        "prefix": "oi[data-glyph=dashboard]"
    },
    "oi[data-glyph=data-transfer-download]": {
        "body": "content: '\\\\e04e';$0",
        "description": "content",
        "prefix": "oi[data-glyph=data-transfer-download]"
    },
    "oi[data-glyph=data-transfer-upload]": {
        "body": "content: '\\\\e04f';$0",
        "description": "content",
        "prefix": "oi[data-glyph=data-transfer-upload]"
    },
    "oi[data-glyph=delete]": {
        "body": "content: '\\\\e050';$0",
        "description": "content",
        "prefix": "oi[data-glyph=delete]"
    },
    "oi[data-glyph=dial]": {
        "body": "content: '\\\\e051';$0",
        "description": "content",
        "prefix": "oi[data-glyph=dial]"
    },
    "oi[data-glyph=document]": {
        "body": "content: '\\\\e052';$0",
        "description": "content",
        "prefix": "oi[data-glyph=document]"
    },
    "oi[data-glyph=dollar]": {
        "body": "content: '\\\\e053';$0",
        "description": "content",
        "prefix": "oi[data-glyph=dollar]"
    },
    "oi[data-glyph=double-quote-sans-left]": {
        "body": "content: '\\\\e054';$0",
        "description": "content",
        "prefix": "oi[data-glyph=double-quote-sans-left]"
    },
    "oi[data-glyph=double-quote-sans-right]": {
        "body": "content: '\\\\e055';$0",
        "description": "content",
        "prefix": "oi[data-glyph=double-quote-sans-right]"
    },
    "oi[data-glyph=double-quote-serif-left]": {
        "body": "content: '\\\\e056';$0",
        "description": "content",
        "prefix": "oi[data-glyph=double-quote-serif-left]"
    },
    "oi[data-glyph=double-quote-serif-right]": {
        "body": "content: '\\\\e057';$0",
        "description": "content",
        "prefix": "oi[data-glyph=double-quote-serif-right]"
    },
    "oi[data-glyph=droplet]": {
        "body": "content: '\\\\e058';$0",
        "description": "content",
        "prefix": "oi[data-glyph=droplet]"
    },
    "oi[data-glyph=eject]": {
        "body": "content: '\\\\e059';$0",
        "description": "content",
        "prefix": "oi[data-glyph=eject]"
    },
    "oi[data-glyph=elevator]": {
        "body": "content: '\\\\e05a';$0",
        "description": "content",
        "prefix": "oi[data-glyph=elevator]"
    },
    "oi[data-glyph=ellipses]": {
        "body": "content: '\\\\e05b';$0",
        "description": "content",
        "prefix": "oi[data-glyph=ellipses]"
    },
    "oi[data-glyph=envelope-closed]": {
        "body": "content: '\\\\e05c';$0",
        "description": "content",
        "prefix": "oi[data-glyph=envelope-closed]"
    },
    "oi[data-glyph=envelope-open]": {
        "body": "content: '\\\\e05d';$0",
        "description": "content",
        "prefix": "oi[data-glyph=envelope-open]"
    },
    "oi[data-glyph=euro]": {
        "body": "content: '\\\\e05e';$0",
        "description": "content",
        "prefix": "oi[data-glyph=euro]"
    },
    "oi[data-glyph=excerpt]": {
        "body": "content: '\\\\e05f';$0",
        "description": "content",
        "prefix": "oi[data-glyph=excerpt]"
    },
    "oi[data-glyph=expand-down]": {
        "body": "content: '\\\\e060';$0",
        "description": "content",
        "prefix": "oi[data-glyph=expand-down]"
    },
    "oi[data-glyph=expand-left]": {
        "body": "content: '\\\\e061';$0",
        "description": "content",
        "prefix": "oi[data-glyph=expand-left]"
    },
    "oi[data-glyph=expand-right]": {
        "body": "content: '\\\\e062';$0",
        "description": "content",
        "prefix": "oi[data-glyph=expand-right]"
    },
    "oi[data-glyph=expand-up]": {
        "body": "content: '\\\\e063';$0",
        "description": "content",
        "prefix": "oi[data-glyph=expand-up]"
    },
    "oi[data-glyph=external-link]": {
        "body": "content: '\\\\e064';$0",
        "description": "content",
        "prefix": "oi[data-glyph=external-link]"
    },
    "oi[data-glyph=eye]": {
        "body": "content: '\\\\e065';$0",
        "description": "content",
        "prefix": "oi[data-glyph=eye]"
    },
    "oi[data-glyph=eyedropper]": {
        "body": "content: '\\\\e066';$0",
        "description": "content",
        "prefix": "oi[data-glyph=eyedropper]"
    },
    "oi[data-glyph=file]": {
        "body": "content: '\\\\e067';$0",
        "description": "content",
        "prefix": "oi[data-glyph=file]"
    },
    "oi[data-glyph=fire]": {
        "body": "content: '\\\\e068';$0",
        "description": "content",
        "prefix": "oi[data-glyph=fire]"
    },
    "oi[data-glyph=flag]": {
        "body": "content: '\\\\e069';$0",
        "description": "content",
        "prefix": "oi[data-glyph=flag]"
    },
    "oi[data-glyph=flash]": {
        "body": "content: '\\\\e06a';$0",
        "description": "content",
        "prefix": "oi[data-glyph=flash]"
    },
    "oi[data-glyph=folder]": {
        "body": "content: '\\\\e06b';$0",
        "description": "content",
        "prefix": "oi[data-glyph=folder]"
    },
    "oi[data-glyph=fork]": {
        "body": "content: '\\\\e06c';$0",
        "description": "content",
        "prefix": "oi[data-glyph=fork]"
    },
    "oi[data-glyph=fullscreen-enter]": {
        "body": "content: '\\\\e06d';$0",
        "description": "content",
        "prefix": "oi[data-glyph=fullscreen-enter]"
    },
    "oi[data-glyph=fullscreen-exit]": {
        "body": "content: '\\\\e06e';$0",
        "description": "content",
        "prefix": "oi[data-glyph=fullscreen-exit]"
    },
    "oi[data-glyph=globe]": {
        "body": "content: '\\\\e06f';$0",
        "description": "content",
        "prefix": "oi[data-glyph=globe]"
    },
    "oi[data-glyph=graph]": {
        "body": "content: '\\\\e070';$0",
        "description": "content",
        "prefix": "oi[data-glyph=graph]"
    },
    "oi[data-glyph=grid-four-up]": {
        "body": "content: '\\\\e071';$0",
        "description": "content",
        "prefix": "oi[data-glyph=grid-four-up]"
    },
    "oi[data-glyph=grid-three-up]": {
        "body": "content: '\\\\e072';$0",
        "description": "content",
        "prefix": "oi[data-glyph=grid-three-up]"
    },
    "oi[data-glyph=grid-two-up]": {
        "body": "content: '\\\\e073';$0",
        "description": "content",
        "prefix": "oi[data-glyph=grid-two-up]"
    },
    "oi[data-glyph=hard-drive]": {
        "body": "content: '\\\\e074';$0",
        "description": "content",
        "prefix": "oi[data-glyph=hard-drive]"
    },
    "oi[data-glyph=header]": {
        "body": "content: '\\\\e075';$0",
        "description": "content",
        "prefix": "oi[data-glyph=header]"
    },
    "oi[data-glyph=headphones]": {
        "body": "content: '\\\\e076';$0",
        "description": "content",
        "prefix": "oi[data-glyph=headphones]"
    },
    "oi[data-glyph=heart]": {
        "body": "content: '\\\\e077';$0",
        "description": "content",
        "prefix": "oi[data-glyph=heart]"
    },
    "oi[data-glyph=home]": {
        "body": "content: '\\\\e078';$0",
        "description": "content",
        "prefix": "oi[data-glyph=home]"
    },
    "oi[data-glyph=image]": {
        "body": "content: '\\\\e079';$0",
        "description": "content",
        "prefix": "oi[data-glyph=image]"
    },
    "oi[data-glyph=inbox]": {
        "body": "content: '\\\\e07a';$0",
        "description": "content",
        "prefix": "oi[data-glyph=inbox]"
    },
    "oi[data-glyph=infinity]": {
        "body": "content: '\\\\e07b';$0",
        "description": "content",
        "prefix": "oi[data-glyph=infinity]"
    },
    "oi[data-glyph=info]": {
        "body": "content: '\\\\e07c';$0",
        "description": "content",
        "prefix": "oi[data-glyph=info]"
    },
    "oi[data-glyph=italic]": {
        "body": "content: '\\\\e07d';$0",
        "description": "content",
        "prefix": "oi[data-glyph=italic]"
    },
    "oi[data-glyph=justify-center]": {
        "body": "content: '\\\\e07e';$0",
        "description": "content",
        "prefix": "oi[data-glyph=justify-center]"
    },
    "oi[data-glyph=justify-left]": {
        "body": "content: '\\\\e07f';$0",
        "description": "content",
        "prefix": "oi[data-glyph=justify-left]"
    },
    "oi[data-glyph=justify-right]": {
        "body": "content: '\\\\e080';$0",
        "description": "content",
        "prefix": "oi[data-glyph=justify-right]"
    },
    "oi[data-glyph=key]": {
        "body": "content: '\\\\e081';$0",
        "description": "content",
        "prefix": "oi[data-glyph=key]"
    },
    "oi[data-glyph=laptop]": {
        "body": "content: '\\\\e082';$0",
        "description": "content",
        "prefix": "oi[data-glyph=laptop]"
    },
    "oi[data-glyph=layers]": {
        "body": "content: '\\\\e083';$0",
        "description": "content",
        "prefix": "oi[data-glyph=layers]"
    },
    "oi[data-glyph=lightbulb]": {
        "body": "content: '\\\\e084';$0",
        "description": "content",
        "prefix": "oi[data-glyph=lightbulb]"
    },
    "oi[data-glyph=link-broken]": {
        "body": "content: '\\\\e085';$0",
        "description": "content",
        "prefix": "oi[data-glyph=link-broken]"
    },
    "oi[data-glyph=link-intact]": {
        "body": "content: '\\\\e086';$0",
        "description": "content",
        "prefix": "oi[data-glyph=link-intact]"
    },
    "oi[data-glyph=list-rich]": {
        "body": "content: '\\\\e087';$0",
        "description": "content",
        "prefix": "oi[data-glyph=list-rich]"
    },
    "oi[data-glyph=list]": {
        "body": "content: '\\\\e088';$0",
        "description": "content",
        "prefix": "oi[data-glyph=list]"
    },
    "oi[data-glyph=location]": {
        "body": "content: '\\\\e089';$0",
        "description": "content",
        "prefix": "oi[data-glyph=location]"
    },
    "oi[data-glyph=lock-locked]": {
        "body": "content: '\\\\e08a';$0",
        "description": "content",
        "prefix": "oi[data-glyph=lock-locked]"
    },
    "oi[data-glyph=lock-unlocked]": {
        "body": "content: '\\\\e08b';$0",
        "description": "content",
        "prefix": "oi[data-glyph=lock-unlocked]"
    },
    "oi[data-glyph=loop-circular]": {
        "body": "content: '\\\\e08c';$0",
        "description": "content",
        "prefix": "oi[data-glyph=loop-circular]"
    },
    "oi[data-glyph=loop-square]": {
        "body": "content: '\\\\e08d';$0",
        "description": "content",
        "prefix": "oi[data-glyph=loop-square]"
    },
    "oi[data-glyph=loop]": {
        "body": "content: '\\\\e08e';$0",
        "description": "content",
        "prefix": "oi[data-glyph=loop]"
    },
    "oi[data-glyph=magnifying-glass]": {
        "body": "content: '\\\\e08f';$0",
        "description": "content",
        "prefix": "oi[data-glyph=magnifying-glass]"
    },
    "oi[data-glyph=map-marker]": {
        "body": "content: '\\\\e090';$0",
        "description": "content",
        "prefix": "oi[data-glyph=map-marker]"
    },
    "oi[data-glyph=map]": {
        "body": "content: '\\\\e091';$0",
        "description": "content",
        "prefix": "oi[data-glyph=map]"
    },
    "oi[data-glyph=media-pause]": {
        "body": "content: '\\\\e092';$0",
        "description": "content",
        "prefix": "oi[data-glyph=media-pause]"
    },
    "oi[data-glyph=media-play]": {
        "body": "content: '\\\\e093';$0",
        "description": "content",
        "prefix": "oi[data-glyph=media-play]"
    },
    "oi[data-glyph=media-record]": {
        "body": "content: '\\\\e094';$0",
        "description": "content",
        "prefix": "oi[data-glyph=media-record]"
    },
    "oi[data-glyph=media-skip-backward]": {
        "body": "content: '\\\\e095';$0",
        "description": "content",
        "prefix": "oi[data-glyph=media-skip-backward]"
    },
    "oi[data-glyph=media-skip-forward]": {
        "body": "content: '\\\\e096';$0",
        "description": "content",
        "prefix": "oi[data-glyph=media-skip-forward]"
    },
    "oi[data-glyph=media-step-backward]": {
        "body": "content: '\\\\e097';$0",
        "description": "content",
        "prefix": "oi[data-glyph=media-step-backward]"
    },
    "oi[data-glyph=media-step-forward]": {
        "body": "content: '\\\\e098';$0",
        "description": "content",
        "prefix": "oi[data-glyph=media-step-forward]"
    },
    "oi[data-glyph=media-stop]": {
        "body": "content: '\\\\e099';$0",
        "description": "content",
        "prefix": "oi[data-glyph=media-stop]"
    },
    "oi[data-glyph=medical-cross]": {
        "body": "content: '\\\\e09a';$0",
        "description": "content",
        "prefix": "oi[data-glyph=medical-cross]"
    },
    "oi[data-glyph=menu]": {
        "body": "content: '\\\\e09b';$0",
        "description": "content",
        "prefix": "oi[data-glyph=menu]"
    },
    "oi[data-glyph=microphone]": {
        "body": "content: '\\\\e09c';$0",
        "description": "content",
        "prefix": "oi[data-glyph=microphone]"
    },
    "oi[data-glyph=minus]": {
        "body": "content: '\\\\e09d';$0",
        "description": "content",
        "prefix": "oi[data-glyph=minus]"
    },
    "oi[data-glyph=monitor]": {
        "body": "content: '\\\\e09e';$0",
        "description": "content",
        "prefix": "oi[data-glyph=monitor]"
    },
    "oi[data-glyph=moon]": {
        "body": "content: '\\\\e09f';$0",
        "description": "content",
        "prefix": "oi[data-glyph=moon]"
    },
    "oi[data-glyph=move]": {
        "body": "content: '\\\\e0a0';$0",
        "description": "content",
        "prefix": "oi[data-glyph=move]"
    },
    "oi[data-glyph=musical-note]": {
        "body": "content: '\\\\e0a1';$0",
        "description": "content",
        "prefix": "oi[data-glyph=musical-note]"
    },
    "oi[data-glyph=paperclip]": {
        "body": "content: '\\\\e0a2';$0",
        "description": "content",
        "prefix": "oi[data-glyph=paperclip]"
    },
    "oi[data-glyph=pencil]": {
        "body": "content: '\\\\e0a3';$0",
        "description": "content",
        "prefix": "oi[data-glyph=pencil]"
    },
    "oi[data-glyph=people]": {
        "body": "content: '\\\\e0a4';$0",
        "description": "content",
        "prefix": "oi[data-glyph=people]"
    },
    "oi[data-glyph=person]": {
        "body": "content: '\\\\e0a5';$0",
        "description": "content",
        "prefix": "oi[data-glyph=person]"
    },
    "oi[data-glyph=phone]": {
        "body": "content: '\\\\e0a6';$0",
        "description": "content",
        "prefix": "oi[data-glyph=phone]"
    },
    "oi[data-glyph=pie-chart]": {
        "body": "content: '\\\\e0a7';$0",
        "description": "content",
        "prefix": "oi[data-glyph=pie-chart]"
    },
    "oi[data-glyph=pin]": {
        "body": "content: '\\\\e0a8';$0",
        "description": "content",
        "prefix": "oi[data-glyph=pin]"
    },
    "oi[data-glyph=play-circle]": {
        "body": "content: '\\\\e0a9';$0",
        "description": "content",
        "prefix": "oi[data-glyph=play-circle]"
    },
    "oi[data-glyph=plus]": {
        "body": "content: '\\\\e0aa';$0",
        "description": "content",
        "prefix": "oi[data-glyph=plus]"
    },
    "oi[data-glyph=power-standby]": {
        "body": "content: '\\\\e0ab';$0",
        "description": "content",
        "prefix": "oi[data-glyph=power-standby]"
    },
    "oi[data-glyph=print]": {
        "body": "content: '\\\\e0ac';$0",
        "description": "content",
        "prefix": "oi[data-glyph=print]"
    },
    "oi[data-glyph=project]": {
        "body": "content: '\\\\e0ad';$0",
        "description": "content",
        "prefix": "oi[data-glyph=project]"
    },
    "oi[data-glyph=pulse]": {
        "body": "content: '\\\\e0ae';$0",
        "description": "content",
        "prefix": "oi[data-glyph=pulse]"
    },
    "oi[data-glyph=puzzle-piece]": {
        "body": "content: '\\\\e0af';$0",
        "description": "content",
        "prefix": "oi[data-glyph=puzzle-piece]"
    },
    "oi[data-glyph=question-mark]": {
        "body": "content: '\\\\e0b0';$0",
        "description": "content",
        "prefix": "oi[data-glyph=question-mark]"
    },
    "oi[data-glyph=rain]": {
        "body": "content: '\\\\e0b1';$0",
        "description": "content",
        "prefix": "oi[data-glyph=rain]"
    },
    "oi[data-glyph=random]": {
        "body": "content: '\\\\e0b2';$0",
        "description": "content",
        "prefix": "oi[data-glyph=random]"
    },
    "oi[data-glyph=reload]": {
        "body": "content: '\\\\e0b3';$0",
        "description": "content",
        "prefix": "oi[data-glyph=reload]"
    },
    "oi[data-glyph=resize-both]": {
        "body": "content: '\\\\e0b4';$0",
        "description": "content",
        "prefix": "oi[data-glyph=resize-both]"
    },
    "oi[data-glyph=resize-height]": {
        "body": "content: '\\\\e0b5';$0",
        "description": "content",
        "prefix": "oi[data-glyph=resize-height]"
    },
    "oi[data-glyph=resize-width]": {
        "body": "content: '\\\\e0b6';$0",
        "description": "content",
        "prefix": "oi[data-glyph=resize-width]"
    },
    "oi[data-glyph=rss-alt]": {
        "body": "content: '\\\\e0b7';$0",
        "description": "content",
        "prefix": "oi[data-glyph=rss-alt]"
    },
    "oi[data-glyph=rss]": {
        "body": "content: '\\\\e0b8';$0",
        "description": "content",
        "prefix": "oi[data-glyph=rss]"
    },
    "oi[data-glyph=script]": {
        "body": "content: '\\\\e0b9';$0",
        "description": "content",
        "prefix": "oi[data-glyph=script]"
    },
    "oi[data-glyph=share-boxed]": {
        "body": "content: '\\\\e0ba';$0",
        "description": "content",
        "prefix": "oi[data-glyph=share-boxed]"
    },
    "oi[data-glyph=share]": {
        "body": "content: '\\\\e0bb';$0",
        "description": "content",
        "prefix": "oi[data-glyph=share]"
    },
    "oi[data-glyph=shield]": {
        "body": "content: '\\\\e0bc';$0",
        "description": "content",
        "prefix": "oi[data-glyph=shield]"
    },
    "oi[data-glyph=signal]": {
        "body": "content: '\\\\e0bd';$0",
        "description": "content",
        "prefix": "oi[data-glyph=signal]"
    },
    "oi[data-glyph=signpost]": {
        "body": "content: '\\\\e0be';$0",
        "description": "content",
        "prefix": "oi[data-glyph=signpost]"
    },
    "oi[data-glyph=sort-ascending]": {
        "body": "content: '\\\\e0bf';$0",
        "description": "content",
        "prefix": "oi[data-glyph=sort-ascending]"
    },
    "oi[data-glyph=sort-descending]": {
        "body": "content: '\\\\e0c0';$0",
        "description": "content",
        "prefix": "oi[data-glyph=sort-descending]"
    },
    "oi[data-glyph=spreadsheet]": {
        "body": "content: '\\\\e0c1';$0",
        "description": "content",
        "prefix": "oi[data-glyph=spreadsheet]"
    },
    "oi[data-glyph=star]": {
        "body": "content: '\\\\e0c2';$0",
        "description": "content",
        "prefix": "oi[data-glyph=star]"
    },
    "oi[data-glyph=sun]": {
        "body": "content: '\\\\e0c3';$0",
        "description": "content",
        "prefix": "oi[data-glyph=sun]"
    },
    "oi[data-glyph=tablet]": {
        "body": "content: '\\\\e0c4';$0",
        "description": "content",
        "prefix": "oi[data-glyph=tablet]"
    },
    "oi[data-glyph=tag]": {
        "body": "content: '\\\\e0c5';$0",
        "description": "content",
        "prefix": "oi[data-glyph=tag]"
    },
    "oi[data-glyph=tags]": {
        "body": "content: '\\\\e0c6';$0",
        "description": "content",
        "prefix": "oi[data-glyph=tags]"
    },
    "oi[data-glyph=target]": {
        "body": "content: '\\\\e0c7';$0",
        "description": "content",
        "prefix": "oi[data-glyph=target]"
    },
    "oi[data-glyph=task]": {
        "body": "content: '\\\\e0c8';$0",
        "description": "content",
        "prefix": "oi[data-glyph=task]"
    },
    "oi[data-glyph=terminal]": {
        "body": "content: '\\\\e0c9';$0",
        "description": "content",
        "prefix": "oi[data-glyph=terminal]"
    },
    "oi[data-glyph=text]": {
        "body": "content: '\\\\e0ca';$0",
        "description": "content",
        "prefix": "oi[data-glyph=text]"
    },
    "oi[data-glyph=thumb-down]": {
        "body": "content: '\\\\e0cb';$0",
        "description": "content",
        "prefix": "oi[data-glyph=thumb-down]"
    },
    "oi[data-glyph=thumb-up]": {
        "body": "content: '\\\\e0cc';$0",
        "description": "content",
        "prefix": "oi[data-glyph=thumb-up]"
    },
    "oi[data-glyph=timer]": {
        "body": "content: '\\\\e0cd';$0",
        "description": "content",
        "prefix": "oi[data-glyph=timer]"
    },
    "oi[data-glyph=transfer]": {
        "body": "content: '\\\\e0ce';$0",
        "description": "content",
        "prefix": "oi[data-glyph=transfer]"
    },
    "oi[data-glyph=trash]": {
        "body": "content: '\\\\e0cf';$0",
        "description": "content",
        "prefix": "oi[data-glyph=trash]"
    },
    "oi[data-glyph=underline]": {
        "body": "content: '\\\\e0d0';$0",
        "description": "content",
        "prefix": "oi[data-glyph=underline]"
    },
    "oi[data-glyph=vertical-align-bottom]": {
        "body": "content: '\\\\e0d1';$0",
        "description": "content",
        "prefix": "oi[data-glyph=vertical-align-bottom]"
    },
    "oi[data-glyph=vertical-align-center]": {
        "body": "content: '\\\\e0d2';$0",
        "description": "content",
        "prefix": "oi[data-glyph=vertical-align-center]"
    },
    "oi[data-glyph=vertical-align-top]": {
        "body": "content: '\\\\e0d3';$0",
        "description": "content",
        "prefix": "oi[data-glyph=vertical-align-top]"
    },
    "oi[data-glyph=video]": {
        "body": "content: '\\\\e0d4';$0",
        "description": "content",
        "prefix": "oi[data-glyph=video]"
    },
    "oi[data-glyph=volume-high]": {
        "body": "content: '\\\\e0d5';$0",
        "description": "content",
        "prefix": "oi[data-glyph=volume-high]"
    },
    "oi[data-glyph=volume-low]": {
        "body": "content: '\\\\e0d6';$0",
        "description": "content",
        "prefix": "oi[data-glyph=volume-low]"
    },
    "oi[data-glyph=volume-off]": {
        "body": "content: '\\\\e0d7';$0",
        "description": "content",
        "prefix": "oi[data-glyph=volume-off]"
    },
    "oi[data-glyph=warning]": {
        "body": "content: '\\\\e0d8';$0",
        "description": "content",
        "prefix": "oi[data-glyph=warning]"
    },
    "oi[data-glyph=wifi]": {
        "body": "content: '\\\\e0d9';$0",
        "description": "content",
        "prefix": "oi[data-glyph=wifi]"
    },
    "oi[data-glyph=wrench]": {
        "body": "content: '\\\\e0da';$0",
        "description": "content",
        "prefix": "oi[data-glyph=wrench]"
    },
    "oi[data-glyph=x]": {
        "body": "content: '\\\\e0db';$0",
        "description": "content",
        "prefix": "oi[data-glyph=x]"
    },
    "oi[data-glyph=yen]": {
        "body": "content: '\\\\e0dc';$0",
        "description": "content",
        "prefix": "oi[data-glyph=yen]"
    },
    "oi[data-glyph=zoom-in]": {
        "body": "content: '\\\\e0dd';$0",
        "description": "content",
        "prefix": "oi[data-glyph=zoom-in]"
    },
    "oi[data-glyph=zoom-out]": {
        "body": "content: '\\\\e0de';$0",
        "description": "content",
        "prefix": "oi[data-glyph=zoom-out]"
    }
}