{
    "pf-amazon": {
        "body": "content: '\\\\f000';$0",
        "description": "content",
        "prefix": "pf-amazon"
    },
    "pf-american-express": {
        "body": "content: '\\\\f001';$0",
        "description": "content",
        "prefix": "pf-american-express"
    },
    "pf-american-express-alt": {
        "body": "content: '\\\\f002';$0",
        "description": "content",
        "prefix": "pf-american-express-alt"
    },
    "pf-atm": {
        "body": "content: '\\\\f003';$0",
        "description": "content",
        "prefix": "pf-atm"
    },
    "pf-bankomat": {
        "body": "content: '\\\\f004';$0",
        "description": "content",
        "prefix": "pf-bankomat"
    },
    "pf-bank-transfer": {
        "body": "content: '\\\\f005';$0",
        "description": "content",
        "prefix": "pf-bank-transfer"
    },
    "pf-bitcoin": {
        "body": "content: '\\\\f006';$0",
        "description": "content",
        "prefix": "pf-bitcoin"
    },
    "pf-bitcoin-sign": {
        "body": "content: '\\\\f007';$0",
        "description": "content",
        "prefix": "pf-bitcoin-sign"
    },
    "pf-braintree": {
        "body": "content: '\\\\f008';$0",
        "description": "content",
        "prefix": "pf-braintree"
    },
    "pf-btc": {
        "body": "content: '\\\\f009';$0",
        "description": "content",
        "prefix": "pf-btc"
    },
    "pf-card": {
        "body": "content: '\\\\f00a';$0",
        "description": "content",
        "prefix": "pf-card"
    },
    "pf-carta-si": {
        "body": "content: '\\\\f00b';$0",
        "description": "content",
        "prefix": "pf-carta-si"
    },
    "pf-cash": {
        "body": "content: '\\\\f00c';$0",
        "description": "content",
        "prefix": "pf-cash"
    },
    "pf-cash-on-delivery": {
        "body": "content: '\\\\f00d';$0",
        "description": "content",
        "prefix": "pf-cash-on-delivery"
    },
    "pf-cb": {
        "body": "content: '\\\\f00e';$0",
        "description": "content",
        "prefix": "pf-cb"
    },
    "pf-cirrus": {
        "body": "content: '\\\\f00f';$0",
        "description": "content",
        "prefix": "pf-cirrus"
    },
    "pf-cirrus-alt": {
        "body": "content: '\\\\f010';$0",
        "description": "content",
        "prefix": "pf-cirrus-alt"
    },
    "pf-clickandbuy": {
        "body": "content: '\\\\f011';$0",
        "description": "content",
        "prefix": "pf-clickandbuy"
    },
    "pf-credit-card": {
        "body": "content: '\\\\f012';$0",
        "description": "content",
        "prefix": "pf-credit-card"
    },
    "pf-diners": {
        "body": "content: '\\\\f013';$0",
        "description": "content",
        "prefix": "pf-diners"
    },
    "pf-discover": {
        "body": "content: '\\\\f014';$0",
        "description": "content",
        "prefix": "pf-discover"
    },
    "pf-ec": {
        "body": "content: '\\\\f015';$0",
        "description": "content",
        "prefix": "pf-ec"
    },
    "pf-eps": {
        "body": "content: '\\\\f016';$0",
        "description": "content",
        "prefix": "pf-eps"
    },
    "pf-eur": {
        "body": "content: '\\\\f017';$0",
        "description": "content",
        "prefix": "pf-eur"
    },
    "pf-facture": {
        "body": "content: '\\\\f018';$0",
        "description": "content",
        "prefix": "pf-facture"
    },
    "pf-fattura": {
        "body": "content: '\\\\f019';$0",
        "description": "content",
        "prefix": "pf-fattura"
    },
    "pf-flattr": {
        "body": "content: '\\\\f01a';$0",
        "description": "content",
        "prefix": "pf-flattr"
    },
    "pf-giropay": {
        "body": "content: '\\\\f01b';$0",
        "description": "content",
        "prefix": "pf-giropay"
    },
    "pf-google-wallet": {
        "body": "content: '\\\\f01c';$0",
        "description": "content",
        "prefix": "pf-google-wallet"
    },
    "pf-google-wallet-alt": {
        "body": "content: '\\\\f01d';$0",
        "description": "content",
        "prefix": "pf-google-wallet-alt"
    },
    "pf-gpb": {
        "body": "content: '\\\\f01e';$0",
        "description": "content",
        "prefix": "pf-gpb"
    },
    "pf-gratipay": {
        "body": "content: '\\\\f01f';$0",
        "description": "content",
        "prefix": "pf-gratipay"
    },
    "pf-ideal": {
        "body": "content: '\\\\f020';$0",
        "description": "content",
        "prefix": "pf-ideal"
    },
    "pf-ils": {
        "body": "content: '\\\\f021';$0",
        "description": "content",
        "prefix": "pf-ils"
    },
    "pf-inr": {
        "body": "content: '\\\\f022';$0",
        "description": "content",
        "prefix": "pf-inr"
    },
    "pf-invoice": {
        "body": "content: '\\\\f023';$0",
        "description": "content",
        "prefix": "pf-invoice"
    },
    "pf-invoice-sign": {
        "body": "content: '\\\\f024';$0",
        "description": "content",
        "prefix": "pf-invoice-sign"
    },
    "pf-invoice-sign-alt": {
        "body": "content: '\\\\f025';$0",
        "description": "content",
        "prefix": "pf-invoice-sign-alt"
    },
    "pf-invoice-sign-alt-o": {
        "body": "content: '\\\\f026';$0",
        "description": "content",
        "prefix": "pf-invoice-sign-alt-o"
    },
    "pf-invoice-sign-o": {
        "body": "content: '\\\\f027';$0",
        "description": "content",
        "prefix": "pf-invoice-sign-o"
    },
    "pf-jcb": {
        "body": "content: '\\\\f028';$0",
        "description": "content",
        "prefix": "pf-jcb"
    },
    "pf-jpy": {
        "body": "content: '\\\\f029';$0",
        "description": "content",
        "prefix": "pf-jpy"
    },
    "pf-krw": {
        "body": "content: '\\\\f02a';$0",
        "description": "content",
        "prefix": "pf-krw"
    },
    "pf-maestro": {
        "body": "content: '\\\\f02b';$0",
        "description": "content",
        "prefix": "pf-maestro"
    },
    "pf-maestro-alt": {
        "body": "content: '\\\\f02c';$0",
        "description": "content",
        "prefix": "pf-maestro-alt"
    },
    "pf-mastercard": {
        "body": "content: '\\\\f02d';$0",
        "description": "content",
        "prefix": "pf-mastercard"
    },
    "pf-mastercard-alt": {
        "body": "content: '\\\\f02e';$0",
        "description": "content",
        "prefix": "pf-mastercard-alt"
    },
    "pf-mastercard-securecode": {
        "body": "content: '\\\\f02f';$0",
        "description": "content",
        "prefix": "pf-mastercard-securecode"
    },
    "pf-ogone": {
        "body": "content: '\\\\f030';$0",
        "description": "content",
        "prefix": "pf-ogone"
    },
    "pf-paybox": {
        "body": "content: '\\\\f031';$0",
        "description": "content",
        "prefix": "pf-paybox"
    },
    "pf-paylife": {
        "body": "content: '\\\\f032';$0",
        "description": "content",
        "prefix": "pf-paylife"
    },
    "pf-paypal": {
        "body": "content: '\\\\f033';$0",
        "description": "content",
        "prefix": "pf-paypal"
    },
    "pf-paypal-alt": {
        "body": "content: '\\\\f034';$0",
        "description": "content",
        "prefix": "pf-paypal-alt"
    },
    "pf-paysafecard": {
        "body": "content: '\\\\f035';$0",
        "description": "content",
        "prefix": "pf-paysafecard"
    },
    "pf-postepay": {
        "body": "content: '\\\\f036';$0",
        "description": "content",
        "prefix": "pf-postepay"
    },
    "pf-quick": {
        "body": "content: '\\\\f037';$0",
        "description": "content",
        "prefix": "pf-quick"
    },
    "pf-rechnung": {
        "body": "content: '\\\\f038';$0",
        "description": "content",
        "prefix": "pf-rechnung"
    },
    "pf-ripple": {
        "body": "content: '\\\\f039';$0",
        "description": "content",
        "prefix": "pf-ripple"
    },
    "pf-rub": {
        "body": "content: '\\\\f03a';$0",
        "description": "content",
        "prefix": "pf-rub"
    },
    "pf-skrill": {
        "body": "content: '\\\\f03b';$0",
        "description": "content",
        "prefix": "pf-skrill"
    },
    "pf-sofort": {
        "body": "content: '\\\\f03c';$0",
        "description": "content",
        "prefix": "pf-sofort"
    },
    "pf-square": {
        "body": "content: '\\\\f03d';$0",
        "description": "content",
        "prefix": "pf-square"
    },
    "pf-stripe": {
        "body": "content: '\\\\f03e';$0",
        "description": "content",
        "prefix": "pf-stripe"
    },
    "pf-truste": {
        "body": "content: '\\\\f03f';$0",
        "description": "content",
        "prefix": "pf-truste"
    },
    "pf-try": {
        "body": "content: '\\\\f040';$0",
        "description": "content",
        "prefix": "pf-try"
    },
    "pf-unionpay": {
        "body": "content: '\\\\f041';$0",
        "description": "content",
        "prefix": "pf-unionpay"
    },
    "pf-usd": {
        "body": "content: '\\\\f042';$0",
        "description": "content",
        "prefix": "pf-usd"
    },
    "pf-verified-by-visa": {
        "body": "content: '\\\\f043';$0",
        "description": "content",
        "prefix": "pf-verified-by-visa"
    },
    "pf-verisign": {
        "body": "content: '\\\\f044';$0",
        "description": "content",
        "prefix": "pf-verisign"
    },
    "pf-visa": {
        "body": "content: '\\\\f045';$0",
        "description": "content",
        "prefix": "pf-visa"
    },
    "pf-visa-electron": {
        "body": "content: '\\\\f046';$0",
        "description": "content",
        "prefix": "pf-visa-electron"
    },
    "pf-western-union": {
        "body": "content: '\\\\f047';$0",
        "description": "content",
        "prefix": "pf-western-union"
    },
    "pf-western-union-alt": {
        "body": "content: '\\\\f048';$0",
        "description": "content",
        "prefix": "pf-western-union-alt"
    },
    "pf-wirecard": {
        "body": "content: '\\\\f049';$0",
        "description": "content",
        "prefix": "pf-wirecard"
    },
    "pf-sepa": {
        "body": "content: '\\\\f04a';$0",
        "description": "content",
        "prefix": "pf-sepa"
    },
    "pf-sepa-alt": {
        "body": "content: '\\\\f04b';$0",
        "description": "content",
        "prefix": "pf-sepa-alt"
    },
    "pf-apple-pay": {
        "body": "content: '\\\\f04c';$0",
        "description": "content",
        "prefix": "pf-apple-pay"
    },
    "pf-interac": {
        "body": "content: '\\\\f04d';$0",
        "description": "content",
        "prefix": "pf-interac"
    },
    "pf-paymill": {
        "body": "content: '\\\\f04e';$0",
        "description": "content",
        "prefix": "pf-paymill"
    },
    "pf-dankort": {
        "body": "content: '\\\\f04f';$0",
        "description": "content",
        "prefix": "pf-dankort"
    },
    "pf-bancontact-mister-cash": {
        "body": "content: '\\\\f050';$0",
        "description": "content",
        "prefix": "pf-bancontact-mister-cash"
    },
    "pf-moip": {
        "body": "content: '\\\\f051';$0",
        "description": "content",
        "prefix": "pf-moip"
    },
    "pf-pagseguro": {
        "body": "content: '\\\\f052';$0",
        "description": "content",
        "prefix": "pf-pagseguro"
    },
    "pf-cash-on-pickup": {
        "body": "content: '\\\\f053';$0",
        "description": "content",
        "prefix": "pf-cash-on-pickup"
    },
    "pf-sage": {
        "body": "content: '\\\\f054';$0",
        "description": "content",
        "prefix": "pf-sage"
    },
    "pf-elo": {
        "body": "content: '\\\\f055';$0",
        "description": "content",
        "prefix": "pf-elo"
    },
    "pf-elo-alt": {
        "body": "content: '\\\\f056';$0",
        "description": "content",
        "prefix": "pf-elo-alt"
    },
    "pf-payu": {
        "body": "content: '\\\\f057';$0",
        "description": "content",
        "prefix": "pf-payu"
    },
    "pf-mercado-pago": {
        "body": "content: '\\\\f058';$0",
        "description": "content",
        "prefix": "pf-mercado-pago"
    },
    "pf-mercado-pago-sign": {
        "body": "content: '\\\\f059';$0",
        "description": "content",
        "prefix": "pf-mercado-pago-sign"
    },
    "pf-payshop": {
        "body": "content: '\\\\f05a';$0",
        "description": "content",
        "prefix": "pf-payshop"
    },
    "pf-multibanco": {
        "body": "content: '\\\\f05b';$0",
        "description": "content",
        "prefix": "pf-multibanco"
    },
    "pf-gratipay-sign": {
        "body": "content: '\\\\f05c';$0",
        "description": "content",
        "prefix": "pf-gratipay-sign"
    },
    "pf-six": {
        "body": "content: '\\\\f05d';$0",
        "description": "content",
        "prefix": "pf-six"
    },
    "pf-cashcloud": {
        "body": "content: '\\\\f05e';$0",
        "description": "content",
        "prefix": "pf-cashcloud"
    },
    "pf-interac-alt": {
        "body": "content: '\\\\f05f';$0",
        "description": "content",
        "prefix": "pf-interac-alt"
    },
    "pf-klarna": {
        "body": "content: '\\\\f060';$0",
        "description": "content",
        "prefix": "pf-klarna"
    },
    "pf-bitpay": {
        "body": "content: '\\\\f061';$0",
        "description": "content",
        "prefix": "pf-bitpay"
    },
    "pf-venmo": {
        "body": "content: '\\\\f062';$0",
        "description": "content",
        "prefix": "pf-venmo"
    },
    "pf-visa-debit": {
        "body": "content: '\\\\f063';$0",
        "description": "content",
        "prefix": "pf-visa-debit"
    },
    "pf-alipay": {
        "body": "content: '\\\\f064';$0",
        "description": "content",
        "prefix": "pf-alipay"
    },
    "pf-diners-alt": {
        "body": "content: '\\\\f065';$0",
        "description": "content",
        "prefix": "pf-diners-alt"
    },
    "pf-hipercard": {
        "body": "content: '\\\\f066';$0",
        "description": "content",
        "prefix": "pf-hipercard"
    },
    "pf-skrill-alt": {
        "body": "content: '\\\\f067';$0",
        "description": "content",
        "prefix": "pf-skrill-alt"
    },
    "pf-shopify": {
        "body": "content: '\\\\f068';$0",
        "description": "content",
        "prefix": "pf-shopify"
    },
    "pf-direct-debit": {
        "body": "content: '\\\\f069';$0",
        "description": "content",
        "prefix": "pf-direct-debit"
    },
    "pf-sodexo": {
        "body": "content: '\\\\f06a';$0",
        "description": "content",
        "prefix": "pf-sodexo"
    },
    "pf-bpay": {
        "body": "content: '\\\\f06b';$0",
        "description": "content",
        "prefix": "pf-bpay"
    },
    "pf-contactless": {
        "body": "content: '\\\\f06c';$0",
        "description": "content",
        "prefix": "pf-contactless"
    },
    "pf-contactless-alt": {
        "body": "content: '\\\\f06d';$0",
        "description": "content",
        "prefix": "pf-contactless-alt"
    },
    "pf-eth": {
        "body": "content: '\\\\f06e';$0",
        "description": "content",
        "prefix": "pf-eth"
    },
    "pf-ltc": {
        "body": "content: '\\\\f06f';$0",
        "description": "content",
        "prefix": "pf-ltc"
    },
    "pf-visa-pay": {
        "body": "content: '\\\\f070';$0",
        "description": "content",
        "prefix": "pf-visa-pay"
    },
    "pf-wechat-pay": {
        "body": "content: '\\\\f071';$0",
        "description": "content",
        "prefix": "pf-wechat-pay"
    },
    "pf-amazon-pay": {
        "body": "content: '\\\\f072';$0",
        "description": "content",
        "prefix": "pf-amazon-pay"
    },
    "pf-amazon-pay-alt": {
        "body": "content: '\\\\f073';$0",
        "description": "content",
        "prefix": "pf-amazon-pay-alt"
    }
}