{
    "icon-back": {
        "body": "content: '\\\\e80a';$0",
        "description": "content",
        "prefix": "icon-back"
    },
    "icon-bars": {
        "body": "content: '\\\\e80e';$0",
        "description": "content",
        "prefix": "icon-bars"
    },
    "icon-caret": {
        "body": "content: '\\\\e80f';$0",
        "description": "content",
        "prefix": "icon-caret"
    },
    "icon-check": {
        "body": "content: '\\\\e810';$0",
        "description": "content",
        "prefix": "icon-check"
    },
    "icon-close": {
        "body": "content: '\\\\e811';$0",
        "description": "content",
        "prefix": "icon-close"
    },
    "icon-code": {
        "body": "content: '\\\\e812';$0",
        "description": "content",
        "prefix": "icon-code"
    },
    "icon-compose": {
        "body": "content: '\\\\e813';$0",
        "description": "content",
        "prefix": "icon-compose"
    },
    "icon-download": {
        "body": "content: '\\\\e815';$0",
        "description": "content",
        "prefix": "icon-download"
    },
    "icon-edit": {
        "body": "content: '\\\\e829';$0",
        "description": "content",
        "prefix": "icon-edit"
    },
    "icon-forward": {
        "body": "content: '\\\\e82a';$0",
        "description": "content",
        "prefix": "icon-forward"
    },
    "icon-gear": {
        "body": "content: '\\\\e821';$0",
        "description": "content",
        "prefix": "icon-gear"
    },
    "icon-home": {
        "body": "content: '\\\\e82b';$0",
        "description": "content",
        "prefix": "icon-home"
    },
    "icon-info": {
        "body": "content: '\\\\e82c';$0",
        "description": "content",
        "prefix": "icon-info"
    },
    "icon-list": {
        "body": "content: '\\\\e823';$0",
        "description": "content",
        "prefix": "icon-list"
    },
    "icon-more-vertical": {
        "body": "content: '\\\\e82e';$0",
        "description": "content",
        "prefix": "icon-more-vertical"
    },
    "icon-more": {
        "body": "content: '\\\\e82f';$0",
        "description": "content",
        "prefix": "icon-more"
    },
    "icon-pages": {
        "body": "content: '\\\\e824';$0",
        "description": "content",
        "prefix": "icon-pages"
    },
    "icon-pause": {
        "body": "content: '\\\\e830';$0",
        "description": "content",
        "prefix": "icon-pause"
    },
    "icon-person": {
        "body": "content: '\\\\e832';$0",
        "description": "content",
        "prefix": "icon-person"
    },
    "icon-play": {
        "body": "content: '\\\\e816';$0",
        "description": "content",
        "prefix": "icon-play"
    },
    "icon-plus": {
        "body": "content: '\\\\e817';$0",
        "description": "content",
        "prefix": "icon-plus"
    },
    "icon-refresh": {
        "body": "content: '\\\\e825';$0",
        "description": "content",
        "prefix": "icon-refresh"
    },
    "icon-search": {
        "body": "content: '\\\\e819';$0",
        "description": "content",
        "prefix": "icon-search"
    },
    "icon-share": {
        "body": "content: '\\\\e81a';$0",
        "description": "content",
        "prefix": "icon-share"
    },
    "icon-sound": {
        "body": "content: '\\\\e827';$0",
        "description": "content",
        "prefix": "icon-sound"
    },
    "icon-sound2": {
        "body": "content: '\\\\e828';$0",
        "description": "content",
        "prefix": "icon-sound2"
    },
    "icon-sound3": {
        "body": "content: '\\\\e80b';$0",
        "description": "content",
        "prefix": "icon-sound3"
    },
    "icon-sound4": {
        "body": "content: '\\\\e80c';$0",
        "description": "content",
        "prefix": "icon-sound4"
    },
    "icon-star-filled": {
        "body": "content: '\\\\e81b';$0",
        "description": "content",
        "prefix": "icon-star-filled"
    },
    "icon-star": {
        "body": "content: '\\\\e81c';$0",
        "description": "content",
        "prefix": "icon-star"
    },
    "icon-stop": {
        "body": "content: '\\\\e81d';$0",
        "description": "content",
        "prefix": "icon-stop"
    },
    "icon-trash": {
        "body": "content: '\\\\e81e';$0",
        "description": "content",
        "prefix": "icon-trash"
    },
    "icon-up-nav": {
        "body": "content: '\\\\e81f';$0",
        "description": "content",
        "prefix": "icon-up-nav"
    },
    "icon-up": {
        "body": "content: '\\\\e80d';$0",
        "description": "content",
        "prefix": "icon-up"
    },
    "icon-right-nav": {
        "body": "content: '\\\\e818';$0",
        "description": "content",
        "prefix": "icon-right-nav"
    },
    "icon-right": {
        "body": "content: '\\\\e826';$0",
        "description": "content",
        "prefix": "icon-right"
    },
    "icon-down-nav": {
        "body": "content: '\\\\e814';$0",
        "description": "content",
        "prefix": "icon-down-nav"
    },
    "icon-down": {
        "body": "content: '\\\\e820';$0",
        "description": "content",
        "prefix": "icon-down"
    },
    "icon-left-nav": {
        "body": "content: '\\\\e82d';$0",
        "description": "content",
        "prefix": "icon-left-nav"
    },
    "icon-left": {
        "body": "content: '\\\\e822';$0",
        "description": "content",
        "prefix": "icon-left"
    }
}