{
    "st-icon-addthis": {
        "body": "content: '\\\\e06b';$0",
        "description": "content",
        "prefix": "st-icon-addthis"
    },
    "st-icon-addthis:hover": {
        "body": "content: '\\\\undefined';$0",
        "description": "content",
        "prefix": "st-icon-addthis:hover"
    },
    "st-icon-adn": {
        "body": "content: '\\\\e072';$0",
        "description": "content",
        "prefix": "st-icon-adn"
    },
    "st-icon-adn:hover": {
        "body": "content: '\\\\undefined';$0",
        "description": "content",
        "prefix": "st-icon-adn:hover"
    },
    "st-icon-amazon": {
        "body": "content: '\\\\e07b';$0",
        "description": "content",
        "prefix": "st-icon-amazon"
    },
    "st-icon-amazon:hover": {
        "body": "content: '\\\\undefined';$0",
        "description": "content",
        "prefix": "st-icon-amazon:hover"
    },
    "st-icon-amazon2": {
        "body": "content: '\\\\e07b';$0",
        "description": "content",
        "prefix": "st-icon-amazon2"
    },
    "st-icon-amazon2:hover": {
        "body": "content: '\\\\undefined';$0",
        "description": "content",
        "prefix": "st-icon-amazon2:hover"
    },
    "st-icon-android": {
        "body": "content: '\\\\e082';$0",
        "description": "content",
        "prefix": "st-icon-android"
    },
    "st-icon-android:hover": {
        "body": "content: '\\\\undefined';$0",
        "description": "content",
        "prefix": "st-icon-android:hover"
    },
    "st-icon-apple": {
        "body": "content: '\\\\e08b';$0",
        "description": "content",
        "prefix": "st-icon-apple"
    },
    "st-icon-apple:hover": {
        "body": "content: '\\\\undefined';$0",
        "description": "content",
        "prefix": "st-icon-apple:hover"
    },
    "st-icon-behance": {
        "body": "content: '\\\\e092';$0",
        "description": "content",
        "prefix": "st-icon-behance"
    },
    "st-icon-behance:hover": {
        "body": "content: '\\\\undefined';$0",
        "description": "content",
        "prefix": "st-icon-behance:hover"
    },
    "st-icon-blogger": {
        "body": "content: '\\\\e09b';$0",
        "description": "content",
        "prefix": "st-icon-blogger"
    },
    "st-icon-blogger:hover": {
        "body": "content: '\\\\undefined';$0",
        "description": "content",
        "prefix": "st-icon-blogger:hover"
    },
    "st-icon-codepen": {
        "body": "content: '\\\\e102';$0",
        "description": "content",
        "prefix": "st-icon-codepen"
    },
    "st-icon-codepen:hover": {
        "body": "content: '\\\\undefined';$0",
        "description": "content",
        "prefix": "st-icon-codepen:hover"
    },
    "st-icon-delicious": {
        "body": "content: '\\\\e10b';$0",
        "description": "content",
        "prefix": "st-icon-delicious"
    },
    "st-icon-delicious:hover": {
        "body": "content: '\\\\undefined';$0",
        "description": "content",
        "prefix": "st-icon-delicious:hover"
    },
    "st-icon-deviantart": {
        "body": "content: '\\\\e112';$0",
        "description": "content",
        "prefix": "st-icon-deviantart"
    },
    "st-icon-deviantart:hover": {
        "body": "content: '\\\\undefined';$0",
        "description": "content",
        "prefix": "st-icon-deviantart:hover"
    },
    "st-icon-digg": {
        "body": "content: '\\\\e11b';$0",
        "description": "content",
        "prefix": "st-icon-digg"
    },
    "st-icon-digg:hover": {
        "body": "content: '\\\\undefined';$0",
        "description": "content",
        "prefix": "st-icon-digg:hover"
    },
    "st-icon-dribbble": {
        "body": "content: '\\\\e122';$0",
        "description": "content",
        "prefix": "st-icon-dribbble"
    },
    "st-icon-dribbble:hover": {
        "body": "content: '\\\\undefined';$0",
        "description": "content",
        "prefix": "st-icon-dribbble:hover"
    },
    "st-icon-dribbble-alt": {
        "body": "content: '\\\\e122';$0",
        "description": "content",
        "prefix": "st-icon-dribbble-alt"
    },
    "st-icon-dribbble-alt:hover": {
        "body": "content: '\\\\undefined';$0",
        "description": "content",
        "prefix": "st-icon-dribbble-alt:hover"
    },
    "st-icon-dropbox": {
        "body": "content: '\\\\e12b';$0",
        "description": "content",
        "prefix": "st-icon-dropbox"
    },
    "st-icon-dropbox:hover": {
        "body": "content: '\\\\undefined';$0",
        "description": "content",
        "prefix": "st-icon-dropbox:hover"
    },
    "st-icon-ebay": {
        "body": "content: '\\\\e132';$0",
        "description": "content",
        "prefix": "st-icon-ebay"
    },
    "st-icon-ebay:hover": {
        "body": "content: '\\\\undefined';$0",
        "description": "content",
        "prefix": "st-icon-ebay:hover"
    },
    "st-icon-email": {
        "body": "content: '\\\\e04b';$0",
        "description": "content",
        "prefix": "st-icon-email"
    },
    "st-icon-email:hover": {
        "body": "content: '\\\\undefined';$0",
        "description": "content",
        "prefix": "st-icon-email:hover"
    },
    "st-icon-email2": {
        "body": "content: '\\\\e04b';$0",
        "description": "content",
        "prefix": "st-icon-email2"
    },
    "st-icon-email2:hover": {
        "body": "content: '\\\\undefined';$0",
        "description": "content",
        "prefix": "st-icon-email2:hover"
    },
    "st-icon-evernote": {
        "body": "content: '\\\\e142';$0",
        "description": "content",
        "prefix": "st-icon-evernote"
    },
    "st-icon-evernote:hover": {
        "body": "content: '\\\\undefined';$0",
        "description": "content",
        "prefix": "st-icon-evernote:hover"
    },
    "st-icon-facebook": {
        "body": "content: '\\\\e022';$0",
        "description": "content",
        "prefix": "st-icon-facebook"
    },
    "st-icon-facebook:hover": {
        "body": "content: '\\\\undefined';$0",
        "description": "content",
        "prefix": "st-icon-facebook:hover"
    },
    "st-icon-facebook-alt": {
        "body": "content: '\\\\e02b';$0",
        "description": "content",
        "prefix": "st-icon-facebook-alt"
    },
    "st-icon-facebook-alt:hover": {
        "body": "content: '\\\\undefined';$0",
        "description": "content",
        "prefix": "st-icon-facebook-alt:hover"
    },
    "st-icon-flattr": {
        "body": "content: '\\\\e14b';$0",
        "description": "content",
        "prefix": "st-icon-flattr"
    },
    "st-icon-flattr:hover": {
        "body": "content: '\\\\undefined';$0",
        "description": "content",
        "prefix": "st-icon-flattr:hover"
    },
    "st-icon-flickr": {
        "body": "content: '\\\\e152';$0",
        "description": "content",
        "prefix": "st-icon-flickr"
    },
    "st-icon-flickr:hover": {
        "body": "content: '\\\\undefined';$0",
        "description": "content",
        "prefix": "st-icon-flickr:hover"
    },
    "st-icon-forrst": {
        "body": "content: '\\\\e15b';$0",
        "description": "content",
        "prefix": "st-icon-forrst"
    },
    "st-icon-forrst:hover": {
        "body": "content: '\\\\undefined';$0",
        "description": "content",
        "prefix": "st-icon-forrst:hover"
    },
    "st-icon-foursquare": {
        "body": "content: '\\\\e162';$0",
        "description": "content",
        "prefix": "st-icon-foursquare"
    },
    "st-icon-foursquare:hover": {
        "body": "content: '\\\\undefined';$0",
        "description": "content",
        "prefix": "st-icon-foursquare:hover"
    },
    "st-icon-github": {
        "body": "content: '\\\\e17b';$0",
        "description": "content",
        "prefix": "st-icon-github"
    },
    "st-icon-github:hover": {
        "body": "content: '\\\\undefined';$0",
        "description": "content",
        "prefix": "st-icon-github:hover"
    },
    "st-icon-github-alt": {
        "body": "content: '\\\\e182';$0",
        "description": "content",
        "prefix": "st-icon-github-alt"
    },
    "st-icon-github-alt:hover": {
        "body": "content: '\\\\undefined';$0",
        "description": "content",
        "prefix": "st-icon-github-alt:hover"
    },
    "st-icon-gittip": {
        "body": "content: '\\\\e18b';$0",
        "description": "content",
        "prefix": "st-icon-gittip"
    },
    "st-icon-gittip:hover": {
        "body": "content: '\\\\undefined';$0",
        "description": "content",
        "prefix": "st-icon-gittip:hover"
    },
    "st-icon-gmail": {
        "body": "content: '\\\\e192';$0",
        "description": "content",
        "prefix": "st-icon-gmail"
    },
    "st-icon-gmail:hover": {
        "body": "content: '\\\\undefined';$0",
        "description": "content",
        "prefix": "st-icon-gmail:hover"
    },
    "st-icon-gmail-alt": {
        "body": "content: '\\\\e192';$0",
        "description": "content",
        "prefix": "st-icon-gmail-alt"
    },
    "st-icon-gmail-alt:hover": {
        "body": "content: '\\\\undefined';$0",
        "description": "content",
        "prefix": "st-icon-gmail-alt:hover"
    },
    "st-icon-google": {
        "body": "content: '\\\\e20b';$0",
        "description": "content",
        "prefix": "st-icon-google"
    },
    "st-icon-google:hover": {
        "body": "content: '\\\\undefined';$0",
        "description": "content",
        "prefix": "st-icon-google:hover"
    },
    "st-icon-googleplus": {
        "body": "content: '\\\\e03b';$0",
        "description": "content",
        "prefix": "st-icon-googleplus"
    },
    "st-icon-googleplus:hover": {
        "body": "content: '\\\\undefined';$0",
        "description": "content",
        "prefix": "st-icon-googleplus:hover"
    },
    "st-icon-imdb": {
        "body": "content: '\\\\e212';$0",
        "description": "content",
        "prefix": "st-icon-imdb"
    },
    "st-icon-imdb:hover": {
        "body": "content: '\\\\undefined';$0",
        "description": "content",
        "prefix": "st-icon-imdb:hover"
    },
    "st-icon-instagram": {
        "body": "content: '\\\\e222';$0",
        "description": "content",
        "prefix": "st-icon-instagram"
    },
    "st-icon-instagram:hover": {
        "body": "content: '\\\\undefined';$0",
        "description": "content",
        "prefix": "st-icon-instagram:hover"
    },
    "st-icon-kickstarter": {
        "body": "content: '\\\\e24b';$0",
        "description": "content",
        "prefix": "st-icon-kickstarter"
    },
    "st-icon-kickstarter:hover": {
        "body": "content: '\\\\undefined';$0",
        "description": "content",
        "prefix": "st-icon-kickstarter:hover"
    },
    "st-icon-lastfm": {
        "body": "content: '\\\\e252';$0",
        "description": "content",
        "prefix": "st-icon-lastfm"
    },
    "st-icon-lastfm:hover": {
        "body": "content: '\\\\undefined';$0",
        "description": "content",
        "prefix": "st-icon-lastfm:hover"
    },
    "st-icon-linkedin": {
        "body": "content: '\\\\e25b';$0",
        "description": "content",
        "prefix": "st-icon-linkedin"
    },
    "st-icon-linkedin:hover": {
        "body": "content: '\\\\undefined';$0",
        "description": "content",
        "prefix": "st-icon-linkedin:hover"
    },
    "st-icon-microsoft": {
        "body": "content: '\\\\e37b';$0",
        "description": "content",
        "prefix": "st-icon-microsoft"
    },
    "st-icon-microsoft:hover": {
        "body": "content: '\\\\undefined';$0",
        "description": "content",
        "prefix": "st-icon-microsoft:hover"
    },
    "st-icon-myspace": {
        "body": "content: '\\\\e262';$0",
        "description": "content",
        "prefix": "st-icon-myspace"
    },
    "st-icon-myspace:hover": {
        "body": "content: '\\\\undefined';$0",
        "description": "content",
        "prefix": "st-icon-myspace:hover"
    },
    "st-icon-pandora": {
        "body": "content: '\\\\e26b';$0",
        "description": "content",
        "prefix": "st-icon-pandora"
    },
    "st-icon-pandora:hover": {
        "body": "content: '\\\\undefined';$0",
        "description": "content",
        "prefix": "st-icon-pandora:hover"
    },
    "st-icon-paypal": {
        "body": "content: '\\\\e272';$0",
        "description": "content",
        "prefix": "st-icon-paypal"
    },
    "st-icon-paypal:hover": {
        "body": "content: '\\\\undefined';$0",
        "description": "content",
        "prefix": "st-icon-paypal:hover"
    },
    "st-icon-paypal2": {
        "body": "content: '\\\\e272';$0",
        "description": "content",
        "prefix": "st-icon-paypal2"
    },
    "st-icon-paypal2:hover": {
        "body": "content: '\\\\undefined';$0",
        "description": "content",
        "prefix": "st-icon-paypal2:hover"
    },
    "st-icon-picasa": {
        "body": "content: '\\\\e27b';$0",
        "description": "content",
        "prefix": "st-icon-picasa"
    },
    "st-icon-picasa:hover": {
        "body": "content: '\\\\undefined';$0",
        "description": "content",
        "prefix": "st-icon-picasa:hover"
    },
    "st-icon-pinboard": {
        "body": "content: '\\\\e28b';$0",
        "description": "content",
        "prefix": "st-icon-pinboard"
    },
    "st-icon-pinboard:hover": {
        "body": "content: '\\\\undefined';$0",
        "description": "content",
        "prefix": "st-icon-pinboard:hover"
    },
    "st-icon-pinterest": {
        "body": "content: '\\\\e292';$0",
        "description": "content",
        "prefix": "st-icon-pinterest"
    },
    "st-icon-pinterest:hover": {
        "body": "content: '\\\\undefined';$0",
        "description": "content",
        "prefix": "st-icon-pinterest:hover"
    },
    "st-icon-rdio": {
        "body": "content: '\\\\e30b';$0",
        "description": "content",
        "prefix": "st-icon-rdio"
    },
    "st-icon-rdio:hover": {
        "body": "content: '\\\\undefined';$0",
        "description": "content",
        "prefix": "st-icon-rdio:hover"
    },
    "st-icon-reddit": {
        "body": "content: '\\\\e312';$0",
        "description": "content",
        "prefix": "st-icon-reddit"
    },
    "st-icon-reddit:hover": {
        "body": "content: '\\\\undefined';$0",
        "description": "content",
        "prefix": "st-icon-reddit:hover"
    },
    "st-icon-rss": {
        "body": "content: '\\\\e042';$0",
        "description": "content",
        "prefix": "st-icon-rss"
    },
    "st-icon-rss:hover": {
        "body": "content: '\\\\undefined';$0",
        "description": "content",
        "prefix": "st-icon-rss:hover"
    },
    "st-icon-sharethis": {
        "body": "content: '\\\\e31b';$0",
        "description": "content",
        "prefix": "st-icon-sharethis"
    },
    "st-icon-sharethis:hover": {
        "body": "content: '\\\\undefined';$0",
        "description": "content",
        "prefix": "st-icon-sharethis:hover"
    },
    "st-icon-skype": {
        "body": "content: '\\\\e322';$0",
        "description": "content",
        "prefix": "st-icon-skype"
    },
    "st-icon-skype:hover": {
        "body": "content: '\\\\undefined';$0",
        "description": "content",
        "prefix": "st-icon-skype:hover"
    },
    "st-icon-slideshare": {
        "body": "content: '\\\\e32b';$0",
        "description": "content",
        "prefix": "st-icon-slideshare"
    },
    "st-icon-slideshare:hover": {
        "body": "content: '\\\\undefined';$0",
        "description": "content",
        "prefix": "st-icon-slideshare:hover"
    },
    "st-icon-soundcloud": {
        "body": "content: '\\\\e332';$0",
        "description": "content",
        "prefix": "st-icon-soundcloud"
    },
    "st-icon-soundcloud:hover": {
        "body": "content: '\\\\undefined';$0",
        "description": "content",
        "prefix": "st-icon-soundcloud:hover"
    },
    "st-icon-spotify": {
        "body": "content: '\\\\e33b';$0",
        "description": "content",
        "prefix": "st-icon-spotify"
    },
    "st-icon-spotify:hover": {
        "body": "content: '\\\\undefined';$0",
        "description": "content",
        "prefix": "st-icon-spotify:hover"
    },
    "st-icon-stackoverflow": {
        "body": "content: '\\\\e342';$0",
        "description": "content",
        "prefix": "st-icon-stackoverflow"
    },
    "st-icon-stackoverflow:hover": {
        "body": "content: '\\\\undefined';$0",
        "description": "content",
        "prefix": "st-icon-stackoverflow:hover"
    },
    "st-icon-stumbleupon": {
        "body": "content: '\\\\e352';$0",
        "description": "content",
        "prefix": "st-icon-stumbleupon"
    },
    "st-icon-stumbleupon:hover": {
        "body": "content: '\\\\undefined';$0",
        "description": "content",
        "prefix": "st-icon-stumbleupon:hover"
    },
    "st-icon-tumblr": {
        "body": "content: '\\\\e35b';$0",
        "description": "content",
        "prefix": "st-icon-tumblr"
    },
    "st-icon-tumblr:hover": {
        "body": "content: '\\\\undefined';$0",
        "description": "content",
        "prefix": "st-icon-tumblr:hover"
    },
    "st-icon-twitter": {
        "body": "content: '\\\\e032';$0",
        "description": "content",
        "prefix": "st-icon-twitter"
    },
    "st-icon-twitter:hover": {
        "body": "content: '\\\\undefined';$0",
        "description": "content",
        "prefix": "st-icon-twitter:hover"
    },
    "st-icon-vimeo": {
        "body": "content: '\\\\e362';$0",
        "description": "content",
        "prefix": "st-icon-vimeo"
    },
    "st-icon-vimeo:hover": {
        "body": "content: '\\\\undefined';$0",
        "description": "content",
        "prefix": "st-icon-vimeo:hover"
    },
    "st-icon-vine": {
        "body": "content: '\\\\e36b';$0",
        "description": "content",
        "prefix": "st-icon-vine"
    },
    "st-icon-vine:hover": {
        "body": "content: '\\\\undefined';$0",
        "description": "content",
        "prefix": "st-icon-vine:hover"
    },
    "st-icon-windows": {
        "body": "content: '\\\\e372';$0",
        "description": "content",
        "prefix": "st-icon-windows"
    },
    "st-icon-windows:hover": {
        "body": "content: '\\\\undefined';$0",
        "description": "content",
        "prefix": "st-icon-windows:hover"
    },
    "st-icon-windows7": {
        "body": "content: '\\\\e382';$0",
        "description": "content",
        "prefix": "st-icon-windows7"
    },
    "st-icon-windows7:hover": {
        "body": "content: '\\\\undefined';$0",
        "description": "content",
        "prefix": "st-icon-windows7:hover"
    },
    "st-icon-wordpress": {
        "body": "content: '\\\\e38b';$0",
        "description": "content",
        "prefix": "st-icon-wordpress"
    },
    "st-icon-wordpress:hover": {
        "body": "content: '\\\\undefined';$0",
        "description": "content",
        "prefix": "st-icon-wordpress:hover"
    },
    "st-icon-xing": {
        "body": "content: '\\\\e392';$0",
        "description": "content",
        "prefix": "st-icon-xing"
    },
    "st-icon-xing:hover": {
        "body": "content: '\\\\undefined';$0",
        "description": "content",
        "prefix": "st-icon-xing:hover"
    },
    "st-icon-yahoo": {
        "body": "content: '\\\\e39b';$0",
        "description": "content",
        "prefix": "st-icon-yahoo"
    },
    "st-icon-yahoo:hover": {
        "body": "content: '\\\\undefined';$0",
        "description": "content",
        "prefix": "st-icon-yahoo:hover"
    },
    "st-icon-yelp": {
        "body": "content: '\\\\e402';$0",
        "description": "content",
        "prefix": "st-icon-yelp"
    },
    "st-icon-yelp:hover": {
        "body": "content: '\\\\undefined';$0",
        "description": "content",
        "prefix": "st-icon-yelp:hover"
    },
    "st-icon-youtube": {
        "body": "content: '\\\\e412';$0",
        "description": "content",
        "prefix": "st-icon-youtube"
    },
    "st-icon-youtube:hover": {
        "body": "content: '\\\\undefined';$0",
        "description": "content",
        "prefix": "st-icon-youtube:hover"
    },
    "st-icon-youtube2": {
        "body": "content: '\\\\e412';$0",
        "description": "content",
        "prefix": "st-icon-youtube2"
    },
    "st-icon-youtube2:hover": {
        "body": "content: '\\\\undefined';$0",
        "description": "content",
        "prefix": "st-icon-youtube2:hover"
    },
    "st-icon-youtube-alt": {
        "body": "content: '\\\\e422';$0",
        "description": "content",
        "prefix": "st-icon-youtube-alt"
    },
    "st-icon-youtube-alt:hover": {
        "body": "content: '\\\\undefined';$0",
        "description": "content",
        "prefix": "st-icon-youtube-alt:hover"
    },
    "st-icon-youtube-alt-sm": {
        "body": "content: '\\\\e422';$0",
        "description": "content",
        "prefix": "st-icon-youtube-alt-sm"
    },
    "st-icon-youtube-alt-sm:hover": {
        "body": "content: '\\\\undefined';$0",
        "description": "content",
        "prefix": "st-icon-youtube-alt-sm:hover"
    },
    "st-icon-zerply": {
        "body": "content: '\\\\e432';$0",
        "description": "content",
        "prefix": "st-icon-zerply"
    },
    "st-icon-zerply:hover": {
        "body": "content: '\\\\undefined';$0",
        "description": "content",
        "prefix": "st-icon-zerply:hover"
    },
    "st-icon-menu": {
        "body": "content: '\\\\e582';$0",
        "description": "content",
        "prefix": "st-icon-menu"
    },
    "st-icon-menu:hover": {
        "body": "content: '\\\\undefined';$0",
        "description": "content",
        "prefix": "st-icon-menu:hover"
    },
    "st-icon-menu-alt": {
        "body": "content: '\\\\e58b';$0",
        "description": "content",
        "prefix": "st-icon-menu-alt"
    },
    "st-icon-menu-alt:hover": {
        "body": "content: '\\\\undefined';$0",
        "description": "content",
        "prefix": "st-icon-menu-alt:hover"
    },
    "st-icon-menu-alt2": {
        "body": "content: '\\\\e592';$0",
        "description": "content",
        "prefix": "st-icon-menu-alt2"
    },
    "st-icon-menu-alt2:hover": {
        "body": "content: '\\\\undefined';$0",
        "description": "content",
        "prefix": "st-icon-menu-alt2:hover"
    },
    "st-icon-more": {
        "body": "content: '\\\\e462';$0",
        "description": "content",
        "prefix": "st-icon-more"
    },
    "st-icon-more:hover": {
        "body": "content: '\\\\undefined';$0",
        "description": "content",
        "prefix": "st-icon-more:hover"
    },
    "st-icon-triangle-down": {
        "body": "content: '\\\\e442';$0",
        "description": "content",
        "prefix": "st-icon-triangle-down"
    },
    "st-icon-triangle-down:hover": {
        "body": "content: '\\\\undefined';$0",
        "description": "content",
        "prefix": "st-icon-triangle-down:hover"
    },
    "st-icon-search": {
        "body": "content: '\\\\e062';$0",
        "description": "content",
        "prefix": "st-icon-search"
    },
    "st-icon-search:hover": {
        "body": "content: '\\\\undefined';$0",
        "description": "content",
        "prefix": "st-icon-search:hover"
    },
    "st-icon-search-alt": {
        "body": "content: '\\\\e062';$0",
        "description": "content",
        "prefix": "st-icon-search-alt"
    },
    "st-icon-search-alt:hover": {
        "body": "content: '\\\\undefined';$0",
        "description": "content",
        "prefix": "st-icon-search-alt:hover"
    }
}