{
    "typcn-adjust-brightness": {
        "body": "content: '\\\\e000';$0",
        "description": "content",
        "prefix": "typcn-adjust-brightness"
    },
    "typcn-adjust-contrast": {
        "body": "content: '\\\\e001';$0",
        "description": "content",
        "prefix": "typcn-adjust-contrast"
    },
    "typcn-anchor-outline": {
        "body": "content: '\\\\e002';$0",
        "description": "content",
        "prefix": "typcn-anchor-outline"
    },
    "typcn-anchor": {
        "body": "content: '\\\\e003';$0",
        "description": "content",
        "prefix": "typcn-anchor"
    },
    "typcn-archive": {
        "body": "content: '\\\\e004';$0",
        "description": "content",
        "prefix": "typcn-archive"
    },
    "typcn-arrow-back-outline": {
        "body": "content: '\\\\e005';$0",
        "description": "content",
        "prefix": "typcn-arrow-back-outline"
    },
    "typcn-arrow-back": {
        "body": "content: '\\\\e006';$0",
        "description": "content",
        "prefix": "typcn-arrow-back"
    },
    "typcn-arrow-down-outline": {
        "body": "content: '\\\\e007';$0",
        "description": "content",
        "prefix": "typcn-arrow-down-outline"
    },
    "typcn-arrow-down-thick": {
        "body": "content: '\\\\e008';$0",
        "description": "content",
        "prefix": "typcn-arrow-down-thick"
    },
    "typcn-arrow-down": {
        "body": "content: '\\\\e009';$0",
        "description": "content",
        "prefix": "typcn-arrow-down"
    },
    "typcn-arrow-forward-outline": {
        "body": "content: '\\\\e00a';$0",
        "description": "content",
        "prefix": "typcn-arrow-forward-outline"
    },
    "typcn-arrow-forward": {
        "body": "content: '\\\\e00b';$0",
        "description": "content",
        "prefix": "typcn-arrow-forward"
    },
    "typcn-arrow-left-outline": {
        "body": "content: '\\\\e00c';$0",
        "description": "content",
        "prefix": "typcn-arrow-left-outline"
    },
    "typcn-arrow-left-thick": {
        "body": "content: '\\\\e00d';$0",
        "description": "content",
        "prefix": "typcn-arrow-left-thick"
    },
    "typcn-arrow-left": {
        "body": "content: '\\\\e00e';$0",
        "description": "content",
        "prefix": "typcn-arrow-left"
    },
    "typcn-arrow-loop-outline": {
        "body": "content: '\\\\e00f';$0",
        "description": "content",
        "prefix": "typcn-arrow-loop-outline"
    },
    "typcn-arrow-loop": {
        "body": "content: '\\\\e010';$0",
        "description": "content",
        "prefix": "typcn-arrow-loop"
    },
    "typcn-arrow-maximise-outline": {
        "body": "content: '\\\\e011';$0",
        "description": "content",
        "prefix": "typcn-arrow-maximise-outline"
    },
    "typcn-arrow-maximise": {
        "body": "content: '\\\\e012';$0",
        "description": "content",
        "prefix": "typcn-arrow-maximise"
    },
    "typcn-arrow-minimise-outline": {
        "body": "content: '\\\\e013';$0",
        "description": "content",
        "prefix": "typcn-arrow-minimise-outline"
    },
    "typcn-arrow-minimise": {
        "body": "content: '\\\\e014';$0",
        "description": "content",
        "prefix": "typcn-arrow-minimise"
    },
    "typcn-arrow-move-outline": {
        "body": "content: '\\\\e015';$0",
        "description": "content",
        "prefix": "typcn-arrow-move-outline"
    },
    "typcn-arrow-move": {
        "body": "content: '\\\\e016';$0",
        "description": "content",
        "prefix": "typcn-arrow-move"
    },
    "typcn-arrow-repeat-outline": {
        "body": "content: '\\\\e017';$0",
        "description": "content",
        "prefix": "typcn-arrow-repeat-outline"
    },
    "typcn-arrow-repeat": {
        "body": "content: '\\\\e018';$0",
        "description": "content",
        "prefix": "typcn-arrow-repeat"
    },
    "typcn-arrow-right-outline": {
        "body": "content: '\\\\e019';$0",
        "description": "content",
        "prefix": "typcn-arrow-right-outline"
    },
    "typcn-arrow-right-thick": {
        "body": "content: '\\\\e01a';$0",
        "description": "content",
        "prefix": "typcn-arrow-right-thick"
    },
    "typcn-arrow-right": {
        "body": "content: '\\\\e01b';$0",
        "description": "content",
        "prefix": "typcn-arrow-right"
    },
    "typcn-arrow-shuffle": {
        "body": "content: '\\\\e01c';$0",
        "description": "content",
        "prefix": "typcn-arrow-shuffle"
    },
    "typcn-arrow-sorted-down": {
        "body": "content: '\\\\e01d';$0",
        "description": "content",
        "prefix": "typcn-arrow-sorted-down"
    },
    "typcn-arrow-sorted-up": {
        "body": "content: '\\\\e01e';$0",
        "description": "content",
        "prefix": "typcn-arrow-sorted-up"
    },
    "typcn-arrow-sync-outline": {
        "body": "content: '\\\\e01f';$0",
        "description": "content",
        "prefix": "typcn-arrow-sync-outline"
    },
    "typcn-arrow-sync": {
        "body": "content: '\\\\e020';$0",
        "description": "content",
        "prefix": "typcn-arrow-sync"
    },
    "typcn-arrow-unsorted": {
        "body": "content: '\\\\e021';$0",
        "description": "content",
        "prefix": "typcn-arrow-unsorted"
    },
    "typcn-arrow-up-outline": {
        "body": "content: '\\\\e022';$0",
        "description": "content",
        "prefix": "typcn-arrow-up-outline"
    },
    "typcn-arrow-up-thick": {
        "body": "content: '\\\\e023';$0",
        "description": "content",
        "prefix": "typcn-arrow-up-thick"
    },
    "typcn-arrow-up": {
        "body": "content: '\\\\e024';$0",
        "description": "content",
        "prefix": "typcn-arrow-up"
    },
    "typcn-at": {
        "body": "content: '\\\\e025';$0",
        "description": "content",
        "prefix": "typcn-at"
    },
    "typcn-attachment-outline": {
        "body": "content: '\\\\e026';$0",
        "description": "content",
        "prefix": "typcn-attachment-outline"
    },
    "typcn-attachment": {
        "body": "content: '\\\\e027';$0",
        "description": "content",
        "prefix": "typcn-attachment"
    },
    "typcn-backspace-outline": {
        "body": "content: '\\\\e028';$0",
        "description": "content",
        "prefix": "typcn-backspace-outline"
    },
    "typcn-backspace": {
        "body": "content: '\\\\e029';$0",
        "description": "content",
        "prefix": "typcn-backspace"
    },
    "typcn-battery-charge": {
        "body": "content: '\\\\e02a';$0",
        "description": "content",
        "prefix": "typcn-battery-charge"
    },
    "typcn-battery-full": {
        "body": "content: '\\\\e02b';$0",
        "description": "content",
        "prefix": "typcn-battery-full"
    },
    "typcn-battery-high": {
        "body": "content: '\\\\e02c';$0",
        "description": "content",
        "prefix": "typcn-battery-high"
    },
    "typcn-battery-low": {
        "body": "content: '\\\\e02d';$0",
        "description": "content",
        "prefix": "typcn-battery-low"
    },
    "typcn-battery-mid": {
        "body": "content: '\\\\e02e';$0",
        "description": "content",
        "prefix": "typcn-battery-mid"
    },
    "typcn-beaker": {
        "body": "content: '\\\\e02f';$0",
        "description": "content",
        "prefix": "typcn-beaker"
    },
    "typcn-beer": {
        "body": "content: '\\\\e030';$0",
        "description": "content",
        "prefix": "typcn-beer"
    },
    "typcn-bell": {
        "body": "content: '\\\\e031';$0",
        "description": "content",
        "prefix": "typcn-bell"
    },
    "typcn-book": {
        "body": "content: '\\\\e032';$0",
        "description": "content",
        "prefix": "typcn-book"
    },
    "typcn-bookmark": {
        "body": "content: '\\\\e033';$0",
        "description": "content",
        "prefix": "typcn-bookmark"
    },
    "typcn-briefcase": {
        "body": "content: '\\\\e034';$0",
        "description": "content",
        "prefix": "typcn-briefcase"
    },
    "typcn-brush": {
        "body": "content: '\\\\e035';$0",
        "description": "content",
        "prefix": "typcn-brush"
    },
    "typcn-business-card": {
        "body": "content: '\\\\e036';$0",
        "description": "content",
        "prefix": "typcn-business-card"
    },
    "typcn-calculator": {
        "body": "content: '\\\\e037';$0",
        "description": "content",
        "prefix": "typcn-calculator"
    },
    "typcn-calendar-outline": {
        "body": "content: '\\\\e038';$0",
        "description": "content",
        "prefix": "typcn-calendar-outline"
    },
    "typcn-calendar": {
        "body": "content: '\\\\e039';$0",
        "description": "content",
        "prefix": "typcn-calendar"
    },
    "typcn-camera-outline": {
        "body": "content: '\\\\e03a';$0",
        "description": "content",
        "prefix": "typcn-camera-outline"
    },
    "typcn-camera": {
        "body": "content: '\\\\e03b';$0",
        "description": "content",
        "prefix": "typcn-camera"
    },
    "typcn-cancel-outline": {
        "body": "content: '\\\\e03c';$0",
        "description": "content",
        "prefix": "typcn-cancel-outline"
    },
    "typcn-cancel": {
        "body": "content: '\\\\e03d';$0",
        "description": "content",
        "prefix": "typcn-cancel"
    },
    "typcn-chart-area-outline": {
        "body": "content: '\\\\e03e';$0",
        "description": "content",
        "prefix": "typcn-chart-area-outline"
    },
    "typcn-chart-area": {
        "body": "content: '\\\\e03f';$0",
        "description": "content",
        "prefix": "typcn-chart-area"
    },
    "typcn-chart-bar-outline": {
        "body": "content: '\\\\e040';$0",
        "description": "content",
        "prefix": "typcn-chart-bar-outline"
    },
    "typcn-chart-bar": {
        "body": "content: '\\\\e041';$0",
        "description": "content",
        "prefix": "typcn-chart-bar"
    },
    "typcn-chart-line-outline": {
        "body": "content: '\\\\e042';$0",
        "description": "content",
        "prefix": "typcn-chart-line-outline"
    },
    "typcn-chart-line": {
        "body": "content: '\\\\e043';$0",
        "description": "content",
        "prefix": "typcn-chart-line"
    },
    "typcn-chart-pie-outline": {
        "body": "content: '\\\\e044';$0",
        "description": "content",
        "prefix": "typcn-chart-pie-outline"
    },
    "typcn-chart-pie": {
        "body": "content: '\\\\e045';$0",
        "description": "content",
        "prefix": "typcn-chart-pie"
    },
    "typcn-chevron-left-outline": {
        "body": "content: '\\\\e046';$0",
        "description": "content",
        "prefix": "typcn-chevron-left-outline"
    },
    "typcn-chevron-left": {
        "body": "content: '\\\\e047';$0",
        "description": "content",
        "prefix": "typcn-chevron-left"
    },
    "typcn-chevron-right-outline": {
        "body": "content: '\\\\e048';$0",
        "description": "content",
        "prefix": "typcn-chevron-right-outline"
    },
    "typcn-chevron-right": {
        "body": "content: '\\\\e049';$0",
        "description": "content",
        "prefix": "typcn-chevron-right"
    },
    "typcn-clipboard": {
        "body": "content: '\\\\e04a';$0",
        "description": "content",
        "prefix": "typcn-clipboard"
    },
    "typcn-cloud-storage": {
        "body": "content: '\\\\e04b';$0",
        "description": "content",
        "prefix": "typcn-cloud-storage"
    },
    "typcn-cloud-storage-outline": {
        "body": "content: '\\\\e054';$0",
        "description": "content",
        "prefix": "typcn-cloud-storage-outline"
    },
    "typcn-code-outline": {
        "body": "content: '\\\\e04c';$0",
        "description": "content",
        "prefix": "typcn-code-outline"
    },
    "typcn-code": {
        "body": "content: '\\\\e04d';$0",
        "description": "content",
        "prefix": "typcn-code"
    },
    "typcn-coffee": {
        "body": "content: '\\\\e04e';$0",
        "description": "content",
        "prefix": "typcn-coffee"
    },
    "typcn-cog-outline": {
        "body": "content: '\\\\e04f';$0",
        "description": "content",
        "prefix": "typcn-cog-outline"
    },
    "typcn-cog": {
        "body": "content: '\\\\e050';$0",
        "description": "content",
        "prefix": "typcn-cog"
    },
    "typcn-compass": {
        "body": "content: '\\\\e051';$0",
        "description": "content",
        "prefix": "typcn-compass"
    },
    "typcn-contacts": {
        "body": "content: '\\\\e052';$0",
        "description": "content",
        "prefix": "typcn-contacts"
    },
    "typcn-credit-card": {
        "body": "content: '\\\\e053';$0",
        "description": "content",
        "prefix": "typcn-credit-card"
    },
    "typcn-css3": {
        "body": "content: '\\\\e055';$0",
        "description": "content",
        "prefix": "typcn-css3"
    },
    "typcn-database": {
        "body": "content: '\\\\e056';$0",
        "description": "content",
        "prefix": "typcn-database"
    },
    "typcn-delete-outline": {
        "body": "content: '\\\\e057';$0",
        "description": "content",
        "prefix": "typcn-delete-outline"
    },
    "typcn-delete": {
        "body": "content: '\\\\e058';$0",
        "description": "content",
        "prefix": "typcn-delete"
    },
    "typcn-device-desktop": {
        "body": "content: '\\\\e059';$0",
        "description": "content",
        "prefix": "typcn-device-desktop"
    },
    "typcn-device-laptop": {
        "body": "content: '\\\\e05a';$0",
        "description": "content",
        "prefix": "typcn-device-laptop"
    },
    "typcn-device-phone": {
        "body": "content: '\\\\e05b';$0",
        "description": "content",
        "prefix": "typcn-device-phone"
    },
    "typcn-device-tablet": {
        "body": "content: '\\\\e05c';$0",
        "description": "content",
        "prefix": "typcn-device-tablet"
    },
    "typcn-directions": {
        "body": "content: '\\\\e05d';$0",
        "description": "content",
        "prefix": "typcn-directions"
    },
    "typcn-divide-outline": {
        "body": "content: '\\\\e05e';$0",
        "description": "content",
        "prefix": "typcn-divide-outline"
    },
    "typcn-divide": {
        "body": "content: '\\\\e05f';$0",
        "description": "content",
        "prefix": "typcn-divide"
    },
    "typcn-document-add": {
        "body": "content: '\\\\e060';$0",
        "description": "content",
        "prefix": "typcn-document-add"
    },
    "typcn-document-delete": {
        "body": "content: '\\\\e061';$0",
        "description": "content",
        "prefix": "typcn-document-delete"
    },
    "typcn-document-text": {
        "body": "content: '\\\\e062';$0",
        "description": "content",
        "prefix": "typcn-document-text"
    },
    "typcn-document": {
        "body": "content: '\\\\e063';$0",
        "description": "content",
        "prefix": "typcn-document"
    },
    "typcn-download-outline": {
        "body": "content: '\\\\e064';$0",
        "description": "content",
        "prefix": "typcn-download-outline"
    },
    "typcn-download": {
        "body": "content: '\\\\e065';$0",
        "description": "content",
        "prefix": "typcn-download"
    },
    "typcn-dropbox": {
        "body": "content: '\\\\e066';$0",
        "description": "content",
        "prefix": "typcn-dropbox"
    },
    "typcn-edit": {
        "body": "content: '\\\\e067';$0",
        "description": "content",
        "prefix": "typcn-edit"
    },
    "typcn-eject-outline": {
        "body": "content: '\\\\e068';$0",
        "description": "content",
        "prefix": "typcn-eject-outline"
    },
    "typcn-eject": {
        "body": "content: '\\\\e069';$0",
        "description": "content",
        "prefix": "typcn-eject"
    },
    "typcn-equals-outline": {
        "body": "content: '\\\\e06a';$0",
        "description": "content",
        "prefix": "typcn-equals-outline"
    },
    "typcn-equals": {
        "body": "content: '\\\\e06b';$0",
        "description": "content",
        "prefix": "typcn-equals"
    },
    "typcn-export-outline": {
        "body": "content: '\\\\e06c';$0",
        "description": "content",
        "prefix": "typcn-export-outline"
    },
    "typcn-export": {
        "body": "content: '\\\\e06d';$0",
        "description": "content",
        "prefix": "typcn-export"
    },
    "typcn-eye-outline": {
        "body": "content: '\\\\e06e';$0",
        "description": "content",
        "prefix": "typcn-eye-outline"
    },
    "typcn-eye": {
        "body": "content: '\\\\e06f';$0",
        "description": "content",
        "prefix": "typcn-eye"
    },
    "typcn-feather": {
        "body": "content: '\\\\e070';$0",
        "description": "content",
        "prefix": "typcn-feather"
    },
    "typcn-film": {
        "body": "content: '\\\\e071';$0",
        "description": "content",
        "prefix": "typcn-film"
    },
    "typcn-filter": {
        "body": "content: '\\\\e072';$0",
        "description": "content",
        "prefix": "typcn-filter"
    },
    "typcn-flag-outline": {
        "body": "content: '\\\\e073';$0",
        "description": "content",
        "prefix": "typcn-flag-outline"
    },
    "typcn-flag": {
        "body": "content: '\\\\e074';$0",
        "description": "content",
        "prefix": "typcn-flag"
    },
    "typcn-flash-outline": {
        "body": "content: '\\\\e075';$0",
        "description": "content",
        "prefix": "typcn-flash-outline"
    },
    "typcn-flash": {
        "body": "content: '\\\\e076';$0",
        "description": "content",
        "prefix": "typcn-flash"
    },
    "typcn-flow-children": {
        "body": "content: '\\\\e077';$0",
        "description": "content",
        "prefix": "typcn-flow-children"
    },
    "typcn-flow-merge": {
        "body": "content: '\\\\e078';$0",
        "description": "content",
        "prefix": "typcn-flow-merge"
    },
    "typcn-flow-parallel": {
        "body": "content: '\\\\e079';$0",
        "description": "content",
        "prefix": "typcn-flow-parallel"
    },
    "typcn-flow-switch": {
        "body": "content: '\\\\e07a';$0",
        "description": "content",
        "prefix": "typcn-flow-switch"
    },
    "typcn-folder-add": {
        "body": "content: '\\\\e07b';$0",
        "description": "content",
        "prefix": "typcn-folder-add"
    },
    "typcn-folder-delete": {
        "body": "content: '\\\\e07c';$0",
        "description": "content",
        "prefix": "typcn-folder-delete"
    },
    "typcn-folder-open": {
        "body": "content: '\\\\e07d';$0",
        "description": "content",
        "prefix": "typcn-folder-open"
    },
    "typcn-folder": {
        "body": "content: '\\\\e07e';$0",
        "description": "content",
        "prefix": "typcn-folder"
    },
    "typcn-gift": {
        "body": "content: '\\\\e07f';$0",
        "description": "content",
        "prefix": "typcn-gift"
    },
    "typcn-globe-outline": {
        "body": "content: '\\\\e080';$0",
        "description": "content",
        "prefix": "typcn-globe-outline"
    },
    "typcn-globe": {
        "body": "content: '\\\\e081';$0",
        "description": "content",
        "prefix": "typcn-globe"
    },
    "typcn-group-outline": {
        "body": "content: '\\\\e082';$0",
        "description": "content",
        "prefix": "typcn-group-outline"
    },
    "typcn-group": {
        "body": "content: '\\\\e083';$0",
        "description": "content",
        "prefix": "typcn-group"
    },
    "typcn-headphones": {
        "body": "content: '\\\\e084';$0",
        "description": "content",
        "prefix": "typcn-headphones"
    },
    "typcn-heart-full-outline": {
        "body": "content: '\\\\e085';$0",
        "description": "content",
        "prefix": "typcn-heart-full-outline"
    },
    "typcn-heart-half-outline": {
        "body": "content: '\\\\e086';$0",
        "description": "content",
        "prefix": "typcn-heart-half-outline"
    },
    "typcn-heart-outline": {
        "body": "content: '\\\\e087';$0",
        "description": "content",
        "prefix": "typcn-heart-outline"
    },
    "typcn-heart": {
        "body": "content: '\\\\e088';$0",
        "description": "content",
        "prefix": "typcn-heart"
    },
    "typcn-home-outline": {
        "body": "content: '\\\\e089';$0",
        "description": "content",
        "prefix": "typcn-home-outline"
    },
    "typcn-home": {
        "body": "content: '\\\\e08a';$0",
        "description": "content",
        "prefix": "typcn-home"
    },
    "typcn-html5": {
        "body": "content: '\\\\e08b';$0",
        "description": "content",
        "prefix": "typcn-html5"
    },
    "typcn-image-outline": {
        "body": "content: '\\\\e08c';$0",
        "description": "content",
        "prefix": "typcn-image-outline"
    },
    "typcn-image": {
        "body": "content: '\\\\e08d';$0",
        "description": "content",
        "prefix": "typcn-image"
    },
    "typcn-infinity-outline": {
        "body": "content: '\\\\e08e';$0",
        "description": "content",
        "prefix": "typcn-infinity-outline"
    },
    "typcn-infinity": {
        "body": "content: '\\\\e08f';$0",
        "description": "content",
        "prefix": "typcn-infinity"
    },
    "typcn-info-large-outline": {
        "body": "content: '\\\\e090';$0",
        "description": "content",
        "prefix": "typcn-info-large-outline"
    },
    "typcn-info-large": {
        "body": "content: '\\\\e091';$0",
        "description": "content",
        "prefix": "typcn-info-large"
    },
    "typcn-info-outline": {
        "body": "content: '\\\\e092';$0",
        "description": "content",
        "prefix": "typcn-info-outline"
    },
    "typcn-info": {
        "body": "content: '\\\\e093';$0",
        "description": "content",
        "prefix": "typcn-info"
    },
    "typcn-input-checked-outline": {
        "body": "content: '\\\\e094';$0",
        "description": "content",
        "prefix": "typcn-input-checked-outline"
    },
    "typcn-input-checked": {
        "body": "content: '\\\\e095';$0",
        "description": "content",
        "prefix": "typcn-input-checked"
    },
    "typcn-key-outline": {
        "body": "content: '\\\\e096';$0",
        "description": "content",
        "prefix": "typcn-key-outline"
    },
    "typcn-key": {
        "body": "content: '\\\\e097';$0",
        "description": "content",
        "prefix": "typcn-key"
    },
    "typcn-keyboard": {
        "body": "content: '\\\\e098';$0",
        "description": "content",
        "prefix": "typcn-keyboard"
    },
    "typcn-leaf": {
        "body": "content: '\\\\e099';$0",
        "description": "content",
        "prefix": "typcn-leaf"
    },
    "typcn-lightbulb": {
        "body": "content: '\\\\e09a';$0",
        "description": "content",
        "prefix": "typcn-lightbulb"
    },
    "typcn-link-outline": {
        "body": "content: '\\\\e09b';$0",
        "description": "content",
        "prefix": "typcn-link-outline"
    },
    "typcn-link": {
        "body": "content: '\\\\e09c';$0",
        "description": "content",
        "prefix": "typcn-link"
    },
    "typcn-location-arrow-outline": {
        "body": "content: '\\\\e09d';$0",
        "description": "content",
        "prefix": "typcn-location-arrow-outline"
    },
    "typcn-location-arrow": {
        "body": "content: '\\\\e09e';$0",
        "description": "content",
        "prefix": "typcn-location-arrow"
    },
    "typcn-location-outline": {
        "body": "content: '\\\\e09f';$0",
        "description": "content",
        "prefix": "typcn-location-outline"
    },
    "typcn-location": {
        "body": "content: '\\\\e0a0';$0",
        "description": "content",
        "prefix": "typcn-location"
    },
    "typcn-lock-closed-outline": {
        "body": "content: '\\\\e0a1';$0",
        "description": "content",
        "prefix": "typcn-lock-closed-outline"
    },
    "typcn-lock-closed": {
        "body": "content: '\\\\e0a2';$0",
        "description": "content",
        "prefix": "typcn-lock-closed"
    },
    "typcn-lock-open-outline": {
        "body": "content: '\\\\e0a3';$0",
        "description": "content",
        "prefix": "typcn-lock-open-outline"
    },
    "typcn-lock-open": {
        "body": "content: '\\\\e0a4';$0",
        "description": "content",
        "prefix": "typcn-lock-open"
    },
    "typcn-mail": {
        "body": "content: '\\\\e0a5';$0",
        "description": "content",
        "prefix": "typcn-mail"
    },
    "typcn-map": {
        "body": "content: '\\\\e0a6';$0",
        "description": "content",
        "prefix": "typcn-map"
    },
    "typcn-media-eject-outline": {
        "body": "content: '\\\\e0a7';$0",
        "description": "content",
        "prefix": "typcn-media-eject-outline"
    },
    "typcn-media-eject": {
        "body": "content: '\\\\e0a8';$0",
        "description": "content",
        "prefix": "typcn-media-eject"
    },
    "typcn-media-fast-forward-outline": {
        "body": "content: '\\\\e0a9';$0",
        "description": "content",
        "prefix": "typcn-media-fast-forward-outline"
    },
    "typcn-media-fast-forward": {
        "body": "content: '\\\\e0aa';$0",
        "description": "content",
        "prefix": "typcn-media-fast-forward"
    },
    "typcn-media-pause-outline": {
        "body": "content: '\\\\e0ab';$0",
        "description": "content",
        "prefix": "typcn-media-pause-outline"
    },
    "typcn-media-pause": {
        "body": "content: '\\\\e0ac';$0",
        "description": "content",
        "prefix": "typcn-media-pause"
    },
    "typcn-media-play-outline": {
        "body": "content: '\\\\e0ad';$0",
        "description": "content",
        "prefix": "typcn-media-play-outline"
    },
    "typcn-media-play-reverse-outline": {
        "body": "content: '\\\\e0ae';$0",
        "description": "content",
        "prefix": "typcn-media-play-reverse-outline"
    },
    "typcn-media-play-reverse": {
        "body": "content: '\\\\e0af';$0",
        "description": "content",
        "prefix": "typcn-media-play-reverse"
    },
    "typcn-media-play": {
        "body": "content: '\\\\e0b0';$0",
        "description": "content",
        "prefix": "typcn-media-play"
    },
    "typcn-media-record-outline": {
        "body": "content: '\\\\e0b1';$0",
        "description": "content",
        "prefix": "typcn-media-record-outline"
    },
    "typcn-media-record": {
        "body": "content: '\\\\e0b2';$0",
        "description": "content",
        "prefix": "typcn-media-record"
    },
    "typcn-media-rewind-outline": {
        "body": "content: '\\\\e0b3';$0",
        "description": "content",
        "prefix": "typcn-media-rewind-outline"
    },
    "typcn-media-rewind": {
        "body": "content: '\\\\e0b4';$0",
        "description": "content",
        "prefix": "typcn-media-rewind"
    },
    "typcn-media-stop-outline": {
        "body": "content: '\\\\e0b5';$0",
        "description": "content",
        "prefix": "typcn-media-stop-outline"
    },
    "typcn-media-stop": {
        "body": "content: '\\\\e0b6';$0",
        "description": "content",
        "prefix": "typcn-media-stop"
    },
    "typcn-message-typing": {
        "body": "content: '\\\\e0b7';$0",
        "description": "content",
        "prefix": "typcn-message-typing"
    },
    "typcn-message": {
        "body": "content: '\\\\e0b8';$0",
        "description": "content",
        "prefix": "typcn-message"
    },
    "typcn-messages": {
        "body": "content: '\\\\e0b9';$0",
        "description": "content",
        "prefix": "typcn-messages"
    },
    "typcn-microphone-outline": {
        "body": "content: '\\\\e0ba';$0",
        "description": "content",
        "prefix": "typcn-microphone-outline"
    },
    "typcn-microphone": {
        "body": "content: '\\\\e0bb';$0",
        "description": "content",
        "prefix": "typcn-microphone"
    },
    "typcn-minus-outline": {
        "body": "content: '\\\\e0bc';$0",
        "description": "content",
        "prefix": "typcn-minus-outline"
    },
    "typcn-minus": {
        "body": "content: '\\\\e0bd';$0",
        "description": "content",
        "prefix": "typcn-minus"
    },
    "typcn-mortar-board": {
        "body": "content: '\\\\e0be';$0",
        "description": "content",
        "prefix": "typcn-mortar-board"
    },
    "typcn-news": {
        "body": "content: '\\\\e0bf';$0",
        "description": "content",
        "prefix": "typcn-news"
    },
    "typcn-notes-outline": {
        "body": "content: '\\\\e0c0';$0",
        "description": "content",
        "prefix": "typcn-notes-outline"
    },
    "typcn-notes": {
        "body": "content: '\\\\e0c1';$0",
        "description": "content",
        "prefix": "typcn-notes"
    },
    "typcn-pen": {
        "body": "content: '\\\\e0c2';$0",
        "description": "content",
        "prefix": "typcn-pen"
    },
    "typcn-pencil": {
        "body": "content: '\\\\e0c3';$0",
        "description": "content",
        "prefix": "typcn-pencil"
    },
    "typcn-phone-outline": {
        "body": "content: '\\\\e0c4';$0",
        "description": "content",
        "prefix": "typcn-phone-outline"
    },
    "typcn-phone": {
        "body": "content: '\\\\e0c5';$0",
        "description": "content",
        "prefix": "typcn-phone"
    },
    "typcn-pi-outline": {
        "body": "content: '\\\\e0c6';$0",
        "description": "content",
        "prefix": "typcn-pi-outline"
    },
    "typcn-pi": {
        "body": "content: '\\\\e0c7';$0",
        "description": "content",
        "prefix": "typcn-pi"
    },
    "typcn-pin-outline": {
        "body": "content: '\\\\e0c8';$0",
        "description": "content",
        "prefix": "typcn-pin-outline"
    },
    "typcn-pin": {
        "body": "content: '\\\\e0c9';$0",
        "description": "content",
        "prefix": "typcn-pin"
    },
    "typcn-pipette": {
        "body": "content: '\\\\e0ca';$0",
        "description": "content",
        "prefix": "typcn-pipette"
    },
    "typcn-plane-outline": {
        "body": "content: '\\\\e0cb';$0",
        "description": "content",
        "prefix": "typcn-plane-outline"
    },
    "typcn-plane": {
        "body": "content: '\\\\e0cc';$0",
        "description": "content",
        "prefix": "typcn-plane"
    },
    "typcn-plug": {
        "body": "content: '\\\\e0cd';$0",
        "description": "content",
        "prefix": "typcn-plug"
    },
    "typcn-plus-outline": {
        "body": "content: '\\\\e0ce';$0",
        "description": "content",
        "prefix": "typcn-plus-outline"
    },
    "typcn-plus": {
        "body": "content: '\\\\e0cf';$0",
        "description": "content",
        "prefix": "typcn-plus"
    },
    "typcn-point-of-interest-outline": {
        "body": "content: '\\\\e0d0';$0",
        "description": "content",
        "prefix": "typcn-point-of-interest-outline"
    },
    "typcn-point-of-interest": {
        "body": "content: '\\\\e0d1';$0",
        "description": "content",
        "prefix": "typcn-point-of-interest"
    },
    "typcn-power-outline": {
        "body": "content: '\\\\e0d2';$0",
        "description": "content",
        "prefix": "typcn-power-outline"
    },
    "typcn-power": {
        "body": "content: '\\\\e0d3';$0",
        "description": "content",
        "prefix": "typcn-power"
    },
    "typcn-printer": {
        "body": "content: '\\\\e0d4';$0",
        "description": "content",
        "prefix": "typcn-printer"
    },
    "typcn-puzzle-outline": {
        "body": "content: '\\\\e0d5';$0",
        "description": "content",
        "prefix": "typcn-puzzle-outline"
    },
    "typcn-puzzle": {
        "body": "content: '\\\\e0d6';$0",
        "description": "content",
        "prefix": "typcn-puzzle"
    },
    "typcn-radar-outline": {
        "body": "content: '\\\\e0d7';$0",
        "description": "content",
        "prefix": "typcn-radar-outline"
    },
    "typcn-radar": {
        "body": "content: '\\\\e0d8';$0",
        "description": "content",
        "prefix": "typcn-radar"
    },
    "typcn-refresh-outline": {
        "body": "content: '\\\\e0d9';$0",
        "description": "content",
        "prefix": "typcn-refresh-outline"
    },
    "typcn-refresh": {
        "body": "content: '\\\\e0da';$0",
        "description": "content",
        "prefix": "typcn-refresh"
    },
    "typcn-rss-outline": {
        "body": "content: '\\\\e0db';$0",
        "description": "content",
        "prefix": "typcn-rss-outline"
    },
    "typcn-rss": {
        "body": "content: '\\\\e0dc';$0",
        "description": "content",
        "prefix": "typcn-rss"
    },
    "typcn-scissors-outline": {
        "body": "content: '\\\\e0dd';$0",
        "description": "content",
        "prefix": "typcn-scissors-outline"
    },
    "typcn-scissors": {
        "body": "content: '\\\\e0de';$0",
        "description": "content",
        "prefix": "typcn-scissors"
    },
    "typcn-shopping-bag": {
        "body": "content: '\\\\e0df';$0",
        "description": "content",
        "prefix": "typcn-shopping-bag"
    },
    "typcn-shopping-cart": {
        "body": "content: '\\\\e0e0';$0",
        "description": "content",
        "prefix": "typcn-shopping-cart"
    },
    "typcn-social-at-circular": {
        "body": "content: '\\\\e0e1';$0",
        "description": "content",
        "prefix": "typcn-social-at-circular"
    },
    "typcn-social-dribbble-circular": {
        "body": "content: '\\\\e0e2';$0",
        "description": "content",
        "prefix": "typcn-social-dribbble-circular"
    },
    "typcn-social-dribbble": {
        "body": "content: '\\\\e0e3';$0",
        "description": "content",
        "prefix": "typcn-social-dribbble"
    },
    "typcn-social-facebook-circular": {
        "body": "content: '\\\\e0e4';$0",
        "description": "content",
        "prefix": "typcn-social-facebook-circular"
    },
    "typcn-social-facebook": {
        "body": "content: '\\\\e0e5';$0",
        "description": "content",
        "prefix": "typcn-social-facebook"
    },
    "typcn-social-flickr-circular": {
        "body": "content: '\\\\e0e6';$0",
        "description": "content",
        "prefix": "typcn-social-flickr-circular"
    },
    "typcn-social-flickr": {
        "body": "content: '\\\\e0e7';$0",
        "description": "content",
        "prefix": "typcn-social-flickr"
    },
    "typcn-social-github-circular": {
        "body": "content: '\\\\e0e8';$0",
        "description": "content",
        "prefix": "typcn-social-github-circular"
    },
    "typcn-social-github": {
        "body": "content: '\\\\e0e9';$0",
        "description": "content",
        "prefix": "typcn-social-github"
    },
    "typcn-social-google-plus-circular": {
        "body": "content: '\\\\e0ea';$0",
        "description": "content",
        "prefix": "typcn-social-google-plus-circular"
    },
    "typcn-social-google-plus": {
        "body": "content: '\\\\e0eb';$0",
        "description": "content",
        "prefix": "typcn-social-google-plus"
    },
    "typcn-social-instagram-circular": {
        "body": "content: '\\\\e0ec';$0",
        "description": "content",
        "prefix": "typcn-social-instagram-circular"
    },
    "typcn-social-instagram": {
        "body": "content: '\\\\e0ed';$0",
        "description": "content",
        "prefix": "typcn-social-instagram"
    },
    "typcn-social-last-fm-circular": {
        "body": "content: '\\\\e0ee';$0",
        "description": "content",
        "prefix": "typcn-social-last-fm-circular"
    },
    "typcn-social-last-fm": {
        "body": "content: '\\\\e0ef';$0",
        "description": "content",
        "prefix": "typcn-social-last-fm"
    },
    "typcn-social-linkedin-circular": {
        "body": "content: '\\\\e0f0';$0",
        "description": "content",
        "prefix": "typcn-social-linkedin-circular"
    },
    "typcn-social-linkedin": {
        "body": "content: '\\\\e0f1';$0",
        "description": "content",
        "prefix": "typcn-social-linkedin"
    },
    "typcn-social-pinterest-circular": {
        "body": "content: '\\\\e0f2';$0",
        "description": "content",
        "prefix": "typcn-social-pinterest-circular"
    },
    "typcn-social-pinterest": {
        "body": "content: '\\\\e0f3';$0",
        "description": "content",
        "prefix": "typcn-social-pinterest"
    },
    "typcn-social-skype-outline": {
        "body": "content: '\\\\e0f4';$0",
        "description": "content",
        "prefix": "typcn-social-skype-outline"
    },
    "typcn-social-skype": {
        "body": "content: '\\\\e0f5';$0",
        "description": "content",
        "prefix": "typcn-social-skype"
    },
    "typcn-social-tumbler-circular": {
        "body": "content: '\\\\e0f6';$0",
        "description": "content",
        "prefix": "typcn-social-tumbler-circular"
    },
    "typcn-social-tumbler": {
        "body": "content: '\\\\e0f7';$0",
        "description": "content",
        "prefix": "typcn-social-tumbler"
    },
    "typcn-social-twitter-circular": {
        "body": "content: '\\\\e0f8';$0",
        "description": "content",
        "prefix": "typcn-social-twitter-circular"
    },
    "typcn-social-twitter": {
        "body": "content: '\\\\e0f9';$0",
        "description": "content",
        "prefix": "typcn-social-twitter"
    },
    "typcn-social-vimeo-circular": {
        "body": "content: '\\\\e0fa';$0",
        "description": "content",
        "prefix": "typcn-social-vimeo-circular"
    },
    "typcn-social-vimeo": {
        "body": "content: '\\\\e0fb';$0",
        "description": "content",
        "prefix": "typcn-social-vimeo"
    },
    "typcn-social-youtube-circular": {
        "body": "content: '\\\\e0fc';$0",
        "description": "content",
        "prefix": "typcn-social-youtube-circular"
    },
    "typcn-social-youtube": {
        "body": "content: '\\\\e0fd';$0",
        "description": "content",
        "prefix": "typcn-social-youtube"
    },
    "typcn-sort-alphabetically-outline": {
        "body": "content: '\\\\e0fe';$0",
        "description": "content",
        "prefix": "typcn-sort-alphabetically-outline"
    },
    "typcn-sort-alphabetically": {
        "body": "content: '\\\\e0ff';$0",
        "description": "content",
        "prefix": "typcn-sort-alphabetically"
    },
    "typcn-sort-numerically-outline": {
        "body": "content: '\\\\e100';$0",
        "description": "content",
        "prefix": "typcn-sort-numerically-outline"
    },
    "typcn-sort-numerically": {
        "body": "content: '\\\\e101';$0",
        "description": "content",
        "prefix": "typcn-sort-numerically"
    },
    "typcn-spanner-outline": {
        "body": "content: '\\\\e102';$0",
        "description": "content",
        "prefix": "typcn-spanner-outline"
    },
    "typcn-spanner": {
        "body": "content: '\\\\e103';$0",
        "description": "content",
        "prefix": "typcn-spanner"
    },
    "typcn-spiral": {
        "body": "content: '\\\\e104';$0",
        "description": "content",
        "prefix": "typcn-spiral"
    },
    "typcn-star-full-outline": {
        "body": "content: '\\\\e105';$0",
        "description": "content",
        "prefix": "typcn-star-full-outline"
    },
    "typcn-star-half-outline": {
        "body": "content: '\\\\e106';$0",
        "description": "content",
        "prefix": "typcn-star-half-outline"
    },
    "typcn-star-half": {
        "body": "content: '\\\\e107';$0",
        "description": "content",
        "prefix": "typcn-star-half"
    },
    "typcn-star-outline": {
        "body": "content: '\\\\e108';$0",
        "description": "content",
        "prefix": "typcn-star-outline"
    },
    "typcn-star": {
        "body": "content: '\\\\e109';$0",
        "description": "content",
        "prefix": "typcn-star"
    },
    "typcn-starburst-outline": {
        "body": "content: '\\\\e10a';$0",
        "description": "content",
        "prefix": "typcn-starburst-outline"
    },
    "typcn-starburst": {
        "body": "content: '\\\\e10b';$0",
        "description": "content",
        "prefix": "typcn-starburst"
    },
    "typcn-stopwatch": {
        "body": "content: '\\\\e10c';$0",
        "description": "content",
        "prefix": "typcn-stopwatch"
    },
    "typcn-support": {
        "body": "content: '\\\\e10d';$0",
        "description": "content",
        "prefix": "typcn-support"
    },
    "typcn-tabs-outline": {
        "body": "content: '\\\\e10e';$0",
        "description": "content",
        "prefix": "typcn-tabs-outline"
    },
    "typcn-tag": {
        "body": "content: '\\\\e10f';$0",
        "description": "content",
        "prefix": "typcn-tag"
    },
    "typcn-tags": {
        "body": "content: '\\\\e110';$0",
        "description": "content",
        "prefix": "typcn-tags"
    },
    "typcn-th-large-outline": {
        "body": "content: '\\\\e111';$0",
        "description": "content",
        "prefix": "typcn-th-large-outline"
    },
    "typcn-th-large": {
        "body": "content: '\\\\e112';$0",
        "description": "content",
        "prefix": "typcn-th-large"
    },
    "typcn-th-list-outline": {
        "body": "content: '\\\\e113';$0",
        "description": "content",
        "prefix": "typcn-th-list-outline"
    },
    "typcn-th-list": {
        "body": "content: '\\\\e114';$0",
        "description": "content",
        "prefix": "typcn-th-list"
    },
    "typcn-th-menu-outline": {
        "body": "content: '\\\\e115';$0",
        "description": "content",
        "prefix": "typcn-th-menu-outline"
    },
    "typcn-th-menu": {
        "body": "content: '\\\\e116';$0",
        "description": "content",
        "prefix": "typcn-th-menu"
    },
    "typcn-th-small-outline": {
        "body": "content: '\\\\e117';$0",
        "description": "content",
        "prefix": "typcn-th-small-outline"
    },
    "typcn-th-small": {
        "body": "content: '\\\\e118';$0",
        "description": "content",
        "prefix": "typcn-th-small"
    },
    "typcn-thermometer": {
        "body": "content: '\\\\e119';$0",
        "description": "content",
        "prefix": "typcn-thermometer"
    },
    "typcn-thumbs-down": {
        "body": "content: '\\\\e11a';$0",
        "description": "content",
        "prefix": "typcn-thumbs-down"
    },
    "typcn-thumbs-ok": {
        "body": "content: '\\\\e11b';$0",
        "description": "content",
        "prefix": "typcn-thumbs-ok"
    },
    "typcn-thumbs-up": {
        "body": "content: '\\\\e11c';$0",
        "description": "content",
        "prefix": "typcn-thumbs-up"
    },
    "typcn-tick-outline": {
        "body": "content: '\\\\e11d';$0",
        "description": "content",
        "prefix": "typcn-tick-outline"
    },
    "typcn-tick": {
        "body": "content: '\\\\e11e';$0",
        "description": "content",
        "prefix": "typcn-tick"
    },
    "typcn-ticket": {
        "body": "content: '\\\\e11f';$0",
        "description": "content",
        "prefix": "typcn-ticket"
    },
    "typcn-time": {
        "body": "content: '\\\\e120';$0",
        "description": "content",
        "prefix": "typcn-time"
    },
    "typcn-times-outline": {
        "body": "content: '\\\\e121';$0",
        "description": "content",
        "prefix": "typcn-times-outline"
    },
    "typcn-times": {
        "body": "content: '\\\\e122';$0",
        "description": "content",
        "prefix": "typcn-times"
    },
    "typcn-trash": {
        "body": "content: '\\\\e123';$0",
        "description": "content",
        "prefix": "typcn-trash"
    },
    "typcn-tree": {
        "body": "content: '\\\\e124';$0",
        "description": "content",
        "prefix": "typcn-tree"
    },
    "typcn-upload-outline": {
        "body": "content: '\\\\e125';$0",
        "description": "content",
        "prefix": "typcn-upload-outline"
    },
    "typcn-upload": {
        "body": "content: '\\\\e126';$0",
        "description": "content",
        "prefix": "typcn-upload"
    },
    "typcn-user-add-outline": {
        "body": "content: '\\\\e127';$0",
        "description": "content",
        "prefix": "typcn-user-add-outline"
    },
    "typcn-user-add": {
        "body": "content: '\\\\e128';$0",
        "description": "content",
        "prefix": "typcn-user-add"
    },
    "typcn-user-delete-outline": {
        "body": "content: '\\\\e129';$0",
        "description": "content",
        "prefix": "typcn-user-delete-outline"
    },
    "typcn-user-delete": {
        "body": "content: '\\\\e12a';$0",
        "description": "content",
        "prefix": "typcn-user-delete"
    },
    "typcn-user-outline": {
        "body": "content: '\\\\e12b';$0",
        "description": "content",
        "prefix": "typcn-user-outline"
    },
    "typcn-user": {
        "body": "content: '\\\\e12c';$0",
        "description": "content",
        "prefix": "typcn-user"
    },
    "typcn-vendor-android": {
        "body": "content: '\\\\e12d';$0",
        "description": "content",
        "prefix": "typcn-vendor-android"
    },
    "typcn-vendor-apple": {
        "body": "content: '\\\\e12e';$0",
        "description": "content",
        "prefix": "typcn-vendor-apple"
    },
    "typcn-vendor-microsoft": {
        "body": "content: '\\\\e12f';$0",
        "description": "content",
        "prefix": "typcn-vendor-microsoft"
    },
    "typcn-video-outline": {
        "body": "content: '\\\\e130';$0",
        "description": "content",
        "prefix": "typcn-video-outline"
    },
    "typcn-video": {
        "body": "content: '\\\\e131';$0",
        "description": "content",
        "prefix": "typcn-video"
    },
    "typcn-volume-down": {
        "body": "content: '\\\\e132';$0",
        "description": "content",
        "prefix": "typcn-volume-down"
    },
    "typcn-volume-mute": {
        "body": "content: '\\\\e133';$0",
        "description": "content",
        "prefix": "typcn-volume-mute"
    },
    "typcn-volume-up": {
        "body": "content: '\\\\e134';$0",
        "description": "content",
        "prefix": "typcn-volume-up"
    },
    "typcn-volume": {
        "body": "content: '\\\\e135';$0",
        "description": "content",
        "prefix": "typcn-volume"
    },
    "typcn-warning-outline": {
        "body": "content: '\\\\e136';$0",
        "description": "content",
        "prefix": "typcn-warning-outline"
    },
    "typcn-warning": {
        "body": "content: '\\\\e137';$0",
        "description": "content",
        "prefix": "typcn-warning"
    },
    "typcn-watch": {
        "body": "content: '\\\\e138';$0",
        "description": "content",
        "prefix": "typcn-watch"
    },
    "typcn-waves-outline": {
        "body": "content: '\\\\e139';$0",
        "description": "content",
        "prefix": "typcn-waves-outline"
    },
    "typcn-waves": {
        "body": "content: '\\\\e13a';$0",
        "description": "content",
        "prefix": "typcn-waves"
    },
    "typcn-weather-cloudy": {
        "body": "content: '\\\\e13b';$0",
        "description": "content",
        "prefix": "typcn-weather-cloudy"
    },
    "typcn-weather-downpour": {
        "body": "content: '\\\\e13c';$0",
        "description": "content",
        "prefix": "typcn-weather-downpour"
    },
    "typcn-weather-night": {
        "body": "content: '\\\\e13d';$0",
        "description": "content",
        "prefix": "typcn-weather-night"
    },
    "typcn-weather-partly-sunny": {
        "body": "content: '\\\\e13e';$0",
        "description": "content",
        "prefix": "typcn-weather-partly-sunny"
    },
    "typcn-weather-shower": {
        "body": "content: '\\\\e13f';$0",
        "description": "content",
        "prefix": "typcn-weather-shower"
    },
    "typcn-weather-snow": {
        "body": "content: '\\\\e140';$0",
        "description": "content",
        "prefix": "typcn-weather-snow"
    },
    "typcn-weather-stormy": {
        "body": "content: '\\\\e141';$0",
        "description": "content",
        "prefix": "typcn-weather-stormy"
    },
    "typcn-weather-sunny": {
        "body": "content: '\\\\e142';$0",
        "description": "content",
        "prefix": "typcn-weather-sunny"
    },
    "typcn-weather-windy-cloudy": {
        "body": "content: '\\\\e143';$0",
        "description": "content",
        "prefix": "typcn-weather-windy-cloudy"
    },
    "typcn-weather-windy": {
        "body": "content: '\\\\e144';$0",
        "description": "content",
        "prefix": "typcn-weather-windy"
    },
    "typcn-wi-fi-outline": {
        "body": "content: '\\\\e145';$0",
        "description": "content",
        "prefix": "typcn-wi-fi-outline"
    },
    "typcn-wi-fi": {
        "body": "content: '\\\\e146';$0",
        "description": "content",
        "prefix": "typcn-wi-fi"
    },
    "typcn-wine": {
        "body": "content: '\\\\e147';$0",
        "description": "content",
        "prefix": "typcn-wine"
    },
    "typcn-world-outline": {
        "body": "content: '\\\\e148';$0",
        "description": "content",
        "prefix": "typcn-world-outline"
    },
    "typcn-world": {
        "body": "content: '\\\\e149';$0",
        "description": "content",
        "prefix": "typcn-world"
    },
    "typcn-zoom-in-outline": {
        "body": "content: '\\\\e14a';$0",
        "description": "content",
        "prefix": "typcn-zoom-in-outline"
    },
    "typcn-zoom-in": {
        "body": "content: '\\\\e14b';$0",
        "description": "content",
        "prefix": "typcn-zoom-in"
    },
    "typcn-zoom-out-outline": {
        "body": "content: '\\\\e14c';$0",
        "description": "content",
        "prefix": "typcn-zoom-out-outline"
    },
    "typcn-zoom-out": {
        "body": "content: '\\\\e14d';$0",
        "description": "content",
        "prefix": "typcn-zoom-out"
    },
    "typcn-zoom-outline": {
        "body": "content: '\\\\e14e';$0",
        "description": "content",
        "prefix": "typcn-zoom-outline"
    },
    "typcn-zoom": {
        "body": "content: '\\\\e14f';$0",
        "description": "content",
        "prefix": "typcn-zoom"
    }
}