{
    "wi-day-sunny": {
        "body": "content: '\\\\f00d';$0",
        "description": "content",
        "prefix": "wi-day-sunny"
    },
    "wi-day-cloudy": {
        "body": "content: '\\\\f002';$0",
        "description": "content",
        "prefix": "wi-day-cloudy"
    },
    "wi-day-cloudy-gusts": {
        "body": "content: '\\\\f000';$0",
        "description": "content",
        "prefix": "wi-day-cloudy-gusts"
    },
    "wi-day-cloudy-windy": {
        "body": "content: '\\\\f001';$0",
        "description": "content",
        "prefix": "wi-day-cloudy-windy"
    },
    "wi-day-fog": {
        "body": "content: '\\\\f003';$0",
        "description": "content",
        "prefix": "wi-day-fog"
    },
    "wi-day-hail": {
        "body": "content: '\\\\f004';$0",
        "description": "content",
        "prefix": "wi-day-hail"
    },
    "wi-day-haze": {
        "body": "content: '\\\\f0b6';$0",
        "description": "content",
        "prefix": "wi-day-haze"
    },
    "wi-day-lightning": {
        "body": "content: '\\\\f005';$0",
        "description": "content",
        "prefix": "wi-day-lightning"
    },
    "wi-day-rain": {
        "body": "content: '\\\\f008';$0",
        "description": "content",
        "prefix": "wi-day-rain"
    },
    "wi-day-rain-mix": {
        "body": "content: '\\\\f006';$0",
        "description": "content",
        "prefix": "wi-day-rain-mix"
    },
    "wi-day-rain-wind": {
        "body": "content: '\\\\f007';$0",
        "description": "content",
        "prefix": "wi-day-rain-wind"
    },
    "wi-day-showers": {
        "body": "content: '\\\\f009';$0",
        "description": "content",
        "prefix": "wi-day-showers"
    },
    "wi-day-sleet": {
        "body": "content: '\\\\f0b2';$0",
        "description": "content",
        "prefix": "wi-day-sleet"
    },
    "wi-day-sleet-storm": {
        "body": "content: '\\\\f068';$0",
        "description": "content",
        "prefix": "wi-day-sleet-storm"
    },
    "wi-day-snow": {
        "body": "content: '\\\\f00a';$0",
        "description": "content",
        "prefix": "wi-day-snow"
    },
    "wi-day-snow-thunderstorm": {
        "body": "content: '\\\\f06b';$0",
        "description": "content",
        "prefix": "wi-day-snow-thunderstorm"
    },
    "wi-day-snow-wind": {
        "body": "content: '\\\\f065';$0",
        "description": "content",
        "prefix": "wi-day-snow-wind"
    },
    "wi-day-sprinkle": {
        "body": "content: '\\\\f00b';$0",
        "description": "content",
        "prefix": "wi-day-sprinkle"
    },
    "wi-day-storm-showers": {
        "body": "content: '\\\\f00e';$0",
        "description": "content",
        "prefix": "wi-day-storm-showers"
    },
    "wi-day-sunny-overcast": {
        "body": "content: '\\\\f00c';$0",
        "description": "content",
        "prefix": "wi-day-sunny-overcast"
    },
    "wi-day-thunderstorm": {
        "body": "content: '\\\\f010';$0",
        "description": "content",
        "prefix": "wi-day-thunderstorm"
    },
    "wi-day-windy": {
        "body": "content: '\\\\f085';$0",
        "description": "content",
        "prefix": "wi-day-windy"
    },
    "wi-solar-eclipse": {
        "body": "content: '\\\\f06e';$0",
        "description": "content",
        "prefix": "wi-solar-eclipse"
    },
    "wi-hot": {
        "body": "content: '\\\\f072';$0",
        "description": "content",
        "prefix": "wi-hot"
    },
    "wi-day-cloudy-high": {
        "body": "content: '\\\\f07d';$0",
        "description": "content",
        "prefix": "wi-day-cloudy-high"
    },
    "wi-day-light-wind": {
        "body": "content: '\\\\f0c4';$0",
        "description": "content",
        "prefix": "wi-day-light-wind"
    },
    "wi-night-clear": {
        "body": "content: '\\\\f02e';$0",
        "description": "content",
        "prefix": "wi-night-clear"
    },
    "wi-night-alt-cloudy": {
        "body": "content: '\\\\f086';$0",
        "description": "content",
        "prefix": "wi-night-alt-cloudy"
    },
    "wi-night-alt-cloudy-gusts": {
        "body": "content: '\\\\f022';$0",
        "description": "content",
        "prefix": "wi-night-alt-cloudy-gusts"
    },
    "wi-night-alt-cloudy-windy": {
        "body": "content: '\\\\f023';$0",
        "description": "content",
        "prefix": "wi-night-alt-cloudy-windy"
    },
    "wi-night-alt-hail": {
        "body": "content: '\\\\f024';$0",
        "description": "content",
        "prefix": "wi-night-alt-hail"
    },
    "wi-night-alt-lightning": {
        "body": "content: '\\\\f025';$0",
        "description": "content",
        "prefix": "wi-night-alt-lightning"
    },
    "wi-night-alt-rain": {
        "body": "content: '\\\\f028';$0",
        "description": "content",
        "prefix": "wi-night-alt-rain"
    },
    "wi-night-alt-rain-mix": {
        "body": "content: '\\\\f026';$0",
        "description": "content",
        "prefix": "wi-night-alt-rain-mix"
    },
    "wi-night-alt-rain-wind": {
        "body": "content: '\\\\f027';$0",
        "description": "content",
        "prefix": "wi-night-alt-rain-wind"
    },
    "wi-night-alt-showers": {
        "body": "content: '\\\\f029';$0",
        "description": "content",
        "prefix": "wi-night-alt-showers"
    },
    "wi-night-alt-sleet": {
        "body": "content: '\\\\f0b4';$0",
        "description": "content",
        "prefix": "wi-night-alt-sleet"
    },
    "wi-night-alt-sleet-storm": {
        "body": "content: '\\\\f06a';$0",
        "description": "content",
        "prefix": "wi-night-alt-sleet-storm"
    },
    "wi-night-alt-snow": {
        "body": "content: '\\\\f02a';$0",
        "description": "content",
        "prefix": "wi-night-alt-snow"
    },
    "wi-night-alt-snow-thunderstorm": {
        "body": "content: '\\\\f06d';$0",
        "description": "content",
        "prefix": "wi-night-alt-snow-thunderstorm"
    },
    "wi-night-alt-snow-wind": {
        "body": "content: '\\\\f067';$0",
        "description": "content",
        "prefix": "wi-night-alt-snow-wind"
    },
    "wi-night-alt-sprinkle": {
        "body": "content: '\\\\f02b';$0",
        "description": "content",
        "prefix": "wi-night-alt-sprinkle"
    },
    "wi-night-alt-storm-showers": {
        "body": "content: '\\\\f02c';$0",
        "description": "content",
        "prefix": "wi-night-alt-storm-showers"
    },
    "wi-night-alt-thunderstorm": {
        "body": "content: '\\\\f02d';$0",
        "description": "content",
        "prefix": "wi-night-alt-thunderstorm"
    },
    "wi-night-cloudy": {
        "body": "content: '\\\\f031';$0",
        "description": "content",
        "prefix": "wi-night-cloudy"
    },
    "wi-night-cloudy-gusts": {
        "body": "content: '\\\\f02f';$0",
        "description": "content",
        "prefix": "wi-night-cloudy-gusts"
    },
    "wi-night-cloudy-windy": {
        "body": "content: '\\\\f030';$0",
        "description": "content",
        "prefix": "wi-night-cloudy-windy"
    },
    "wi-night-fog": {
        "body": "content: '\\\\f04a';$0",
        "description": "content",
        "prefix": "wi-night-fog"
    },
    "wi-night-hail": {
        "body": "content: '\\\\f032';$0",
        "description": "content",
        "prefix": "wi-night-hail"
    },
    "wi-night-lightning": {
        "body": "content: '\\\\f033';$0",
        "description": "content",
        "prefix": "wi-night-lightning"
    },
    "wi-night-partly-cloudy": {
        "body": "content: '\\\\f083';$0",
        "description": "content",
        "prefix": "wi-night-partly-cloudy"
    },
    "wi-night-rain": {
        "body": "content: '\\\\f036';$0",
        "description": "content",
        "prefix": "wi-night-rain"
    },
    "wi-night-rain-mix": {
        "body": "content: '\\\\f034';$0",
        "description": "content",
        "prefix": "wi-night-rain-mix"
    },
    "wi-night-rain-wind": {
        "body": "content: '\\\\f035';$0",
        "description": "content",
        "prefix": "wi-night-rain-wind"
    },
    "wi-night-showers": {
        "body": "content: '\\\\f037';$0",
        "description": "content",
        "prefix": "wi-night-showers"
    },
    "wi-night-sleet": {
        "body": "content: '\\\\f0b3';$0",
        "description": "content",
        "prefix": "wi-night-sleet"
    },
    "wi-night-sleet-storm": {
        "body": "content: '\\\\f069';$0",
        "description": "content",
        "prefix": "wi-night-sleet-storm"
    },
    "wi-night-snow": {
        "body": "content: '\\\\f038';$0",
        "description": "content",
        "prefix": "wi-night-snow"
    },
    "wi-night-snow-thunderstorm": {
        "body": "content: '\\\\f06c';$0",
        "description": "content",
        "prefix": "wi-night-snow-thunderstorm"
    },
    "wi-night-snow-wind": {
        "body": "content: '\\\\f066';$0",
        "description": "content",
        "prefix": "wi-night-snow-wind"
    },
    "wi-night-sprinkle": {
        "body": "content: '\\\\f039';$0",
        "description": "content",
        "prefix": "wi-night-sprinkle"
    },
    "wi-night-storm-showers": {
        "body": "content: '\\\\f03a';$0",
        "description": "content",
        "prefix": "wi-night-storm-showers"
    },
    "wi-night-thunderstorm": {
        "body": "content: '\\\\f03b';$0",
        "description": "content",
        "prefix": "wi-night-thunderstorm"
    },
    "wi-lunar-eclipse": {
        "body": "content: '\\\\f070';$0",
        "description": "content",
        "prefix": "wi-lunar-eclipse"
    },
    "wi-stars": {
        "body": "content: '\\\\f077';$0",
        "description": "content",
        "prefix": "wi-stars"
    },
    "wi-storm-showers": {
        "body": "content: '\\\\f01d';$0",
        "description": "content",
        "prefix": "wi-storm-showers"
    },
    "wi-thunderstorm": {
        "body": "content: '\\\\f01e';$0",
        "description": "content",
        "prefix": "wi-thunderstorm"
    },
    "wi-night-alt-cloudy-high": {
        "body": "content: '\\\\f07e';$0",
        "description": "content",
        "prefix": "wi-night-alt-cloudy-high"
    },
    "wi-night-cloudy-high": {
        "body": "content: '\\\\f080';$0",
        "description": "content",
        "prefix": "wi-night-cloudy-high"
    },
    "wi-night-alt-partly-cloudy": {
        "body": "content: '\\\\f081';$0",
        "description": "content",
        "prefix": "wi-night-alt-partly-cloudy"
    },
    "wi-cloud": {
        "body": "content: '\\\\f041';$0",
        "description": "content",
        "prefix": "wi-cloud"
    },
    "wi-cloudy": {
        "body": "content: '\\\\f013';$0",
        "description": "content",
        "prefix": "wi-cloudy"
    },
    "wi-cloudy-gusts": {
        "body": "content: '\\\\f011';$0",
        "description": "content",
        "prefix": "wi-cloudy-gusts"
    },
    "wi-cloudy-windy": {
        "body": "content: '\\\\f012';$0",
        "description": "content",
        "prefix": "wi-cloudy-windy"
    },
    "wi-fog": {
        "body": "content: '\\\\f014';$0",
        "description": "content",
        "prefix": "wi-fog"
    },
    "wi-hail": {
        "body": "content: '\\\\f015';$0",
        "description": "content",
        "prefix": "wi-hail"
    },
    "wi-rain": {
        "body": "content: '\\\\f019';$0",
        "description": "content",
        "prefix": "wi-rain"
    },
    "wi-rain-mix": {
        "body": "content: '\\\\f017';$0",
        "description": "content",
        "prefix": "wi-rain-mix"
    },
    "wi-rain-wind": {
        "body": "content: '\\\\f018';$0",
        "description": "content",
        "prefix": "wi-rain-wind"
    },
    "wi-showers": {
        "body": "content: '\\\\f01a';$0",
        "description": "content",
        "prefix": "wi-showers"
    },
    "wi-sleet": {
        "body": "content: '\\\\f0b5';$0",
        "description": "content",
        "prefix": "wi-sleet"
    },
    "wi-snow": {
        "body": "content: '\\\\f01b';$0",
        "description": "content",
        "prefix": "wi-snow"
    },
    "wi-sprinkle": {
        "body": "content: '\\\\f01c';$0",
        "description": "content",
        "prefix": "wi-sprinkle"
    },
    "wi-snow-wind": {
        "body": "content: '\\\\f064';$0",
        "description": "content",
        "prefix": "wi-snow-wind"
    },
    "wi-smog": {
        "body": "content: '\\\\f074';$0",
        "description": "content",
        "prefix": "wi-smog"
    },
    "wi-smoke": {
        "body": "content: '\\\\f062';$0",
        "description": "content",
        "prefix": "wi-smoke"
    },
    "wi-lightning": {
        "body": "content: '\\\\f016';$0",
        "description": "content",
        "prefix": "wi-lightning"
    },
    "wi-raindrops": {
        "body": "content: '\\\\f04e';$0",
        "description": "content",
        "prefix": "wi-raindrops"
    },
    "wi-raindrop": {
        "body": "content: '\\\\f078';$0",
        "description": "content",
        "prefix": "wi-raindrop"
    },
    "wi-dust": {
        "body": "content: '\\\\f063';$0",
        "description": "content",
        "prefix": "wi-dust"
    },
    "wi-snowflake-cold": {
        "body": "content: '\\\\f076';$0",
        "description": "content",
        "prefix": "wi-snowflake-cold"
    },
    "wi-windy": {
        "body": "content: '\\\\f021';$0",
        "description": "content",
        "prefix": "wi-windy"
    },
    "wi-strong-wind": {
        "body": "content: '\\\\f050';$0",
        "description": "content",
        "prefix": "wi-strong-wind"
    },
    "wi-sandstorm": {
        "body": "content: '\\\\f082';$0",
        "description": "content",
        "prefix": "wi-sandstorm"
    },
    "wi-earthquake": {
        "body": "content: '\\\\f0c6';$0",
        "description": "content",
        "prefix": "wi-earthquake"
    },
    "wi-fire": {
        "body": "content: '\\\\f0c7';$0",
        "description": "content",
        "prefix": "wi-fire"
    },
    "wi-flood": {
        "body": "content: '\\\\f07c';$0",
        "description": "content",
        "prefix": "wi-flood"
    },
    "wi-meteor": {
        "body": "content: '\\\\f071';$0",
        "description": "content",
        "prefix": "wi-meteor"
    },
    "wi-tsunami": {
        "body": "content: '\\\\f0c5';$0",
        "description": "content",
        "prefix": "wi-tsunami"
    },
    "wi-volcano": {
        "body": "content: '\\\\f0c8';$0",
        "description": "content",
        "prefix": "wi-volcano"
    },
    "wi-hurricane": {
        "body": "content: '\\\\f073';$0",
        "description": "content",
        "prefix": "wi-hurricane"
    },
    "wi-tornado": {
        "body": "content: '\\\\f056';$0",
        "description": "content",
        "prefix": "wi-tornado"
    },
    "wi-small-craft-advisory": {
        "body": "content: '\\\\f0cc';$0",
        "description": "content",
        "prefix": "wi-small-craft-advisory"
    },
    "wi-gale-warning": {
        "body": "content: '\\\\f0cd';$0",
        "description": "content",
        "prefix": "wi-gale-warning"
    },
    "wi-storm-warning": {
        "body": "content: '\\\\f0ce';$0",
        "description": "content",
        "prefix": "wi-storm-warning"
    },
    "wi-hurricane-warning": {
        "body": "content: '\\\\f0cf';$0",
        "description": "content",
        "prefix": "wi-hurricane-warning"
    },
    "wi-wind-direction": {
        "body": "content: '\\\\f0b1';$0",
        "description": "content",
        "prefix": "wi-wind-direction"
    },
    "wi-alien": {
        "body": "content: '\\\\f075';$0",
        "description": "content",
        "prefix": "wi-alien"
    },
    "wi-celsius": {
        "body": "content: '\\\\f03c';$0",
        "description": "content",
        "prefix": "wi-celsius"
    },
    "wi-fahrenheit": {
        "body": "content: '\\\\f045';$0",
        "description": "content",
        "prefix": "wi-fahrenheit"
    },
    "wi-degrees": {
        "body": "content: '\\\\f042';$0",
        "description": "content",
        "prefix": "wi-degrees"
    },
    "wi-thermometer": {
        "body": "content: '\\\\f055';$0",
        "description": "content",
        "prefix": "wi-thermometer"
    },
    "wi-thermometer-exterior": {
        "body": "content: '\\\\f053';$0",
        "description": "content",
        "prefix": "wi-thermometer-exterior"
    },
    "wi-thermometer-internal": {
        "body": "content: '\\\\f054';$0",
        "description": "content",
        "prefix": "wi-thermometer-internal"
    },
    "wi-cloud-down": {
        "body": "content: '\\\\f03d';$0",
        "description": "content",
        "prefix": "wi-cloud-down"
    },
    "wi-cloud-up": {
        "body": "content: '\\\\f040';$0",
        "description": "content",
        "prefix": "wi-cloud-up"
    },
    "wi-cloud-refresh": {
        "body": "content: '\\\\f03e';$0",
        "description": "content",
        "prefix": "wi-cloud-refresh"
    },
    "wi-horizon": {
        "body": "content: '\\\\f047';$0",
        "description": "content",
        "prefix": "wi-horizon"
    },
    "wi-horizon-alt": {
        "body": "content: '\\\\f046';$0",
        "description": "content",
        "prefix": "wi-horizon-alt"
    },
    "wi-sunrise": {
        "body": "content: '\\\\f051';$0",
        "description": "content",
        "prefix": "wi-sunrise"
    },
    "wi-sunset": {
        "body": "content: '\\\\f052';$0",
        "description": "content",
        "prefix": "wi-sunset"
    },
    "wi-moonrise": {
        "body": "content: '\\\\f0c9';$0",
        "description": "content",
        "prefix": "wi-moonrise"
    },
    "wi-moonset": {
        "body": "content: '\\\\f0ca';$0",
        "description": "content",
        "prefix": "wi-moonset"
    },
    "wi-refresh": {
        "body": "content: '\\\\f04c';$0",
        "description": "content",
        "prefix": "wi-refresh"
    },
    "wi-refresh-alt": {
        "body": "content: '\\\\f04b';$0",
        "description": "content",
        "prefix": "wi-refresh-alt"
    },
    "wi-umbrella": {
        "body": "content: '\\\\f084';$0",
        "description": "content",
        "prefix": "wi-umbrella"
    },
    "wi-barometer": {
        "body": "content: '\\\\f079';$0",
        "description": "content",
        "prefix": "wi-barometer"
    },
    "wi-humidity": {
        "body": "content: '\\\\f07a';$0",
        "description": "content",
        "prefix": "wi-humidity"
    },
    "wi-na": {
        "body": "content: '\\\\f07b';$0",
        "description": "content",
        "prefix": "wi-na"
    },
    "wi-train": {
        "body": "content: '\\\\f0cb';$0",
        "description": "content",
        "prefix": "wi-train"
    },
    "wi-moon-new": {
        "body": "content: '\\\\f095';$0",
        "description": "content",
        "prefix": "wi-moon-new"
    },
    "wi-moon-waxing-crescent-1": {
        "body": "content: '\\\\f096';$0",
        "description": "content",
        "prefix": "wi-moon-waxing-crescent-1"
    },
    "wi-moon-waxing-crescent-2": {
        "body": "content: '\\\\f097';$0",
        "description": "content",
        "prefix": "wi-moon-waxing-crescent-2"
    },
    "wi-moon-waxing-crescent-3": {
        "body": "content: '\\\\f098';$0",
        "description": "content",
        "prefix": "wi-moon-waxing-crescent-3"
    },
    "wi-moon-waxing-crescent-4": {
        "body": "content: '\\\\f099';$0",
        "description": "content",
        "prefix": "wi-moon-waxing-crescent-4"
    },
    "wi-moon-waxing-crescent-5": {
        "body": "content: '\\\\f09a';$0",
        "description": "content",
        "prefix": "wi-moon-waxing-crescent-5"
    },
    "wi-moon-waxing-crescent-6": {
        "body": "content: '\\\\f09b';$0",
        "description": "content",
        "prefix": "wi-moon-waxing-crescent-6"
    },
    "wi-moon-first-quarter": {
        "body": "content: '\\\\f09c';$0",
        "description": "content",
        "prefix": "wi-moon-first-quarter"
    },
    "wi-moon-waxing-gibbous-1": {
        "body": "content: '\\\\f09d';$0",
        "description": "content",
        "prefix": "wi-moon-waxing-gibbous-1"
    },
    "wi-moon-waxing-gibbous-2": {
        "body": "content: '\\\\f09e';$0",
        "description": "content",
        "prefix": "wi-moon-waxing-gibbous-2"
    },
    "wi-moon-waxing-gibbous-3": {
        "body": "content: '\\\\f09f';$0",
        "description": "content",
        "prefix": "wi-moon-waxing-gibbous-3"
    },
    "wi-moon-waxing-gibbous-4": {
        "body": "content: '\\\\f0a0';$0",
        "description": "content",
        "prefix": "wi-moon-waxing-gibbous-4"
    },
    "wi-moon-waxing-gibbous-5": {
        "body": "content: '\\\\f0a1';$0",
        "description": "content",
        "prefix": "wi-moon-waxing-gibbous-5"
    },
    "wi-moon-waxing-gibbous-6": {
        "body": "content: '\\\\f0a2';$0",
        "description": "content",
        "prefix": "wi-moon-waxing-gibbous-6"
    },
    "wi-moon-full": {
        "body": "content: '\\\\f0a3';$0",
        "description": "content",
        "prefix": "wi-moon-full"
    },
    "wi-moon-waning-gibbous-1": {
        "body": "content: '\\\\f0a4';$0",
        "description": "content",
        "prefix": "wi-moon-waning-gibbous-1"
    },
    "wi-moon-waning-gibbous-2": {
        "body": "content: '\\\\f0a5';$0",
        "description": "content",
        "prefix": "wi-moon-waning-gibbous-2"
    },
    "wi-moon-waning-gibbous-3": {
        "body": "content: '\\\\f0a6';$0",
        "description": "content",
        "prefix": "wi-moon-waning-gibbous-3"
    },
    "wi-moon-waning-gibbous-4": {
        "body": "content: '\\\\f0a7';$0",
        "description": "content",
        "prefix": "wi-moon-waning-gibbous-4"
    },
    "wi-moon-waning-gibbous-5": {
        "body": "content: '\\\\f0a8';$0",
        "description": "content",
        "prefix": "wi-moon-waning-gibbous-5"
    },
    "wi-moon-waning-gibbous-6": {
        "body": "content: '\\\\f0a9';$0",
        "description": "content",
        "prefix": "wi-moon-waning-gibbous-6"
    },
    "wi-moon-third-quarter": {
        "body": "content: '\\\\f0aa';$0",
        "description": "content",
        "prefix": "wi-moon-third-quarter"
    },
    "wi-moon-waning-crescent-1": {
        "body": "content: '\\\\f0ab';$0",
        "description": "content",
        "prefix": "wi-moon-waning-crescent-1"
    },
    "wi-moon-waning-crescent-2": {
        "body": "content: '\\\\f0ac';$0",
        "description": "content",
        "prefix": "wi-moon-waning-crescent-2"
    },
    "wi-moon-waning-crescent-3": {
        "body": "content: '\\\\f0ad';$0",
        "description": "content",
        "prefix": "wi-moon-waning-crescent-3"
    },
    "wi-moon-waning-crescent-4": {
        "body": "content: '\\\\f0ae';$0",
        "description": "content",
        "prefix": "wi-moon-waning-crescent-4"
    },
    "wi-moon-waning-crescent-5": {
        "body": "content: '\\\\f0af';$0",
        "description": "content",
        "prefix": "wi-moon-waning-crescent-5"
    },
    "wi-moon-waning-crescent-6": {
        "body": "content: '\\\\f0b0';$0",
        "description": "content",
        "prefix": "wi-moon-waning-crescent-6"
    },
    "wi-moon-alt-new": {
        "body": "content: '\\\\f0eb';$0",
        "description": "content",
        "prefix": "wi-moon-alt-new"
    },
    "wi-moon-alt-waxing-crescent-1": {
        "body": "content: '\\\\f0d0';$0",
        "description": "content",
        "prefix": "wi-moon-alt-waxing-crescent-1"
    },
    "wi-moon-alt-waxing-crescent-2": {
        "body": "content: '\\\\f0d1';$0",
        "description": "content",
        "prefix": "wi-moon-alt-waxing-crescent-2"
    },
    "wi-moon-alt-waxing-crescent-3": {
        "body": "content: '\\\\f0d2';$0",
        "description": "content",
        "prefix": "wi-moon-alt-waxing-crescent-3"
    },
    "wi-moon-alt-waxing-crescent-4": {
        "body": "content: '\\\\f0d3';$0",
        "description": "content",
        "prefix": "wi-moon-alt-waxing-crescent-4"
    },
    "wi-moon-alt-waxing-crescent-5": {
        "body": "content: '\\\\f0d4';$0",
        "description": "content",
        "prefix": "wi-moon-alt-waxing-crescent-5"
    },
    "wi-moon-alt-waxing-crescent-6": {
        "body": "content: '\\\\f0d5';$0",
        "description": "content",
        "prefix": "wi-moon-alt-waxing-crescent-6"
    },
    "wi-moon-alt-first-quarter": {
        "body": "content: '\\\\f0d6';$0",
        "description": "content",
        "prefix": "wi-moon-alt-first-quarter"
    },
    "wi-moon-alt-waxing-gibbous-1": {
        "body": "content: '\\\\f0d7';$0",
        "description": "content",
        "prefix": "wi-moon-alt-waxing-gibbous-1"
    },
    "wi-moon-alt-waxing-gibbous-2": {
        "body": "content: '\\\\f0d8';$0",
        "description": "content",
        "prefix": "wi-moon-alt-waxing-gibbous-2"
    },
    "wi-moon-alt-waxing-gibbous-3": {
        "body": "content: '\\\\f0d9';$0",
        "description": "content",
        "prefix": "wi-moon-alt-waxing-gibbous-3"
    },
    "wi-moon-alt-waxing-gibbous-4": {
        "body": "content: '\\\\f0da';$0",
        "description": "content",
        "prefix": "wi-moon-alt-waxing-gibbous-4"
    },
    "wi-moon-alt-waxing-gibbous-5": {
        "body": "content: '\\\\f0db';$0",
        "description": "content",
        "prefix": "wi-moon-alt-waxing-gibbous-5"
    },
    "wi-moon-alt-waxing-gibbous-6": {
        "body": "content: '\\\\f0dc';$0",
        "description": "content",
        "prefix": "wi-moon-alt-waxing-gibbous-6"
    },
    "wi-moon-alt-full": {
        "body": "content: '\\\\f0dd';$0",
        "description": "content",
        "prefix": "wi-moon-alt-full"
    },
    "wi-moon-alt-waning-gibbous-1": {
        "body": "content: '\\\\f0de';$0",
        "description": "content",
        "prefix": "wi-moon-alt-waning-gibbous-1"
    },
    "wi-moon-alt-waning-gibbous-2": {
        "body": "content: '\\\\f0df';$0",
        "description": "content",
        "prefix": "wi-moon-alt-waning-gibbous-2"
    },
    "wi-moon-alt-waning-gibbous-3": {
        "body": "content: '\\\\f0e0';$0",
        "description": "content",
        "prefix": "wi-moon-alt-waning-gibbous-3"
    },
    "wi-moon-alt-waning-gibbous-4": {
        "body": "content: '\\\\f0e1';$0",
        "description": "content",
        "prefix": "wi-moon-alt-waning-gibbous-4"
    },
    "wi-moon-alt-waning-gibbous-5": {
        "body": "content: '\\\\f0e2';$0",
        "description": "content",
        "prefix": "wi-moon-alt-waning-gibbous-5"
    },
    "wi-moon-alt-waning-gibbous-6": {
        "body": "content: '\\\\f0e3';$0",
        "description": "content",
        "prefix": "wi-moon-alt-waning-gibbous-6"
    },
    "wi-moon-alt-third-quarter": {
        "body": "content: '\\\\f0e4';$0",
        "description": "content",
        "prefix": "wi-moon-alt-third-quarter"
    },
    "wi-moon-alt-waning-crescent-1": {
        "body": "content: '\\\\f0e5';$0",
        "description": "content",
        "prefix": "wi-moon-alt-waning-crescent-1"
    },
    "wi-moon-alt-waning-crescent-2": {
        "body": "content: '\\\\f0e6';$0",
        "description": "content",
        "prefix": "wi-moon-alt-waning-crescent-2"
    },
    "wi-moon-alt-waning-crescent-3": {
        "body": "content: '\\\\f0e7';$0",
        "description": "content",
        "prefix": "wi-moon-alt-waning-crescent-3"
    },
    "wi-moon-alt-waning-crescent-4": {
        "body": "content: '\\\\f0e8';$0",
        "description": "content",
        "prefix": "wi-moon-alt-waning-crescent-4"
    },
    "wi-moon-alt-waning-crescent-5": {
        "body": "content: '\\\\f0e9';$0",
        "description": "content",
        "prefix": "wi-moon-alt-waning-crescent-5"
    },
    "wi-moon-alt-waning-crescent-6": {
        "body": "content: '\\\\f0ea';$0",
        "description": "content",
        "prefix": "wi-moon-alt-waning-crescent-6"
    },
    "wi-moon-0": {
        "body": "content: '\\\\f095';$0",
        "description": "content",
        "prefix": "wi-moon-0"
    },
    "wi-moon-1": {
        "body": "content: '\\\\f096';$0",
        "description": "content",
        "prefix": "wi-moon-1"
    },
    "wi-moon-2": {
        "body": "content: '\\\\f097';$0",
        "description": "content",
        "prefix": "wi-moon-2"
    },
    "wi-moon-3": {
        "body": "content: '\\\\f098';$0",
        "description": "content",
        "prefix": "wi-moon-3"
    },
    "wi-moon-4": {
        "body": "content: '\\\\f099';$0",
        "description": "content",
        "prefix": "wi-moon-4"
    },
    "wi-moon-5": {
        "body": "content: '\\\\f09a';$0",
        "description": "content",
        "prefix": "wi-moon-5"
    },
    "wi-moon-6": {
        "body": "content: '\\\\f09b';$0",
        "description": "content",
        "prefix": "wi-moon-6"
    },
    "wi-moon-7": {
        "body": "content: '\\\\f09c';$0",
        "description": "content",
        "prefix": "wi-moon-7"
    },
    "wi-moon-8": {
        "body": "content: '\\\\f09d';$0",
        "description": "content",
        "prefix": "wi-moon-8"
    },
    "wi-moon-9": {
        "body": "content: '\\\\f09e';$0",
        "description": "content",
        "prefix": "wi-moon-9"
    },
    "wi-moon-10": {
        "body": "content: '\\\\f09f';$0",
        "description": "content",
        "prefix": "wi-moon-10"
    },
    "wi-moon-11": {
        "body": "content: '\\\\f0a0';$0",
        "description": "content",
        "prefix": "wi-moon-11"
    },
    "wi-moon-12": {
        "body": "content: '\\\\f0a1';$0",
        "description": "content",
        "prefix": "wi-moon-12"
    },
    "wi-moon-13": {
        "body": "content: '\\\\f0a2';$0",
        "description": "content",
        "prefix": "wi-moon-13"
    },
    "wi-moon-14": {
        "body": "content: '\\\\f0a3';$0",
        "description": "content",
        "prefix": "wi-moon-14"
    },
    "wi-moon-15": {
        "body": "content: '\\\\f0a4';$0",
        "description": "content",
        "prefix": "wi-moon-15"
    },
    "wi-moon-16": {
        "body": "content: '\\\\f0a5';$0",
        "description": "content",
        "prefix": "wi-moon-16"
    },
    "wi-moon-17": {
        "body": "content: '\\\\f0a6';$0",
        "description": "content",
        "prefix": "wi-moon-17"
    },
    "wi-moon-18": {
        "body": "content: '\\\\f0a7';$0",
        "description": "content",
        "prefix": "wi-moon-18"
    },
    "wi-moon-19": {
        "body": "content: '\\\\f0a8';$0",
        "description": "content",
        "prefix": "wi-moon-19"
    },
    "wi-moon-20": {
        "body": "content: '\\\\f0a9';$0",
        "description": "content",
        "prefix": "wi-moon-20"
    },
    "wi-moon-21": {
        "body": "content: '\\\\f0aa';$0",
        "description": "content",
        "prefix": "wi-moon-21"
    },
    "wi-moon-22": {
        "body": "content: '\\\\f0ab';$0",
        "description": "content",
        "prefix": "wi-moon-22"
    },
    "wi-moon-23": {
        "body": "content: '\\\\f0ac';$0",
        "description": "content",
        "prefix": "wi-moon-23"
    },
    "wi-moon-24": {
        "body": "content: '\\\\f0ad';$0",
        "description": "content",
        "prefix": "wi-moon-24"
    },
    "wi-moon-25": {
        "body": "content: '\\\\f0ae';$0",
        "description": "content",
        "prefix": "wi-moon-25"
    },
    "wi-moon-26": {
        "body": "content: '\\\\f0af';$0",
        "description": "content",
        "prefix": "wi-moon-26"
    },
    "wi-moon-27": {
        "body": "content: '\\\\f0b0';$0",
        "description": "content",
        "prefix": "wi-moon-27"
    },
    "wi-time-1": {
        "body": "content: '\\\\f08a';$0",
        "description": "content",
        "prefix": "wi-time-1"
    },
    "wi-time-2": {
        "body": "content: '\\\\f08b';$0",
        "description": "content",
        "prefix": "wi-time-2"
    },
    "wi-time-3": {
        "body": "content: '\\\\f08c';$0",
        "description": "content",
        "prefix": "wi-time-3"
    },
    "wi-time-4": {
        "body": "content: '\\\\f08d';$0",
        "description": "content",
        "prefix": "wi-time-4"
    },
    "wi-time-5": {
        "body": "content: '\\\\f08e';$0",
        "description": "content",
        "prefix": "wi-time-5"
    },
    "wi-time-6": {
        "body": "content: '\\\\f08f';$0",
        "description": "content",
        "prefix": "wi-time-6"
    },
    "wi-time-7": {
        "body": "content: '\\\\f090';$0",
        "description": "content",
        "prefix": "wi-time-7"
    },
    "wi-time-8": {
        "body": "content: '\\\\f091';$0",
        "description": "content",
        "prefix": "wi-time-8"
    },
    "wi-time-9": {
        "body": "content: '\\\\f092';$0",
        "description": "content",
        "prefix": "wi-time-9"
    },
    "wi-time-10": {
        "body": "content: '\\\\f093';$0",
        "description": "content",
        "prefix": "wi-time-10"
    },
    "wi-time-11": {
        "body": "content: '\\\\f094';$0",
        "description": "content",
        "prefix": "wi-time-11"
    },
    "wi-time-12": {
        "body": "content: '\\\\f089';$0",
        "description": "content",
        "prefix": "wi-time-12"
    },
    "wi-direction-up": {
        "body": "content: '\\\\f058';$0",
        "description": "content",
        "prefix": "wi-direction-up"
    },
    "wi-direction-up-right": {
        "body": "content: '\\\\f057';$0",
        "description": "content",
        "prefix": "wi-direction-up-right"
    },
    "wi-direction-right": {
        "body": "content: '\\\\f04d';$0",
        "description": "content",
        "prefix": "wi-direction-right"
    },
    "wi-direction-down-right": {
        "body": "content: '\\\\f088';$0",
        "description": "content",
        "prefix": "wi-direction-down-right"
    },
    "wi-direction-down": {
        "body": "content: '\\\\f044';$0",
        "description": "content",
        "prefix": "wi-direction-down"
    },
    "wi-direction-down-left": {
        "body": "content: '\\\\f043';$0",
        "description": "content",
        "prefix": "wi-direction-down-left"
    },
    "wi-direction-left": {
        "body": "content: '\\\\f048';$0",
        "description": "content",
        "prefix": "wi-direction-left"
    },
    "wi-direction-up-left": {
        "body": "content: '\\\\f087';$0",
        "description": "content",
        "prefix": "wi-direction-up-left"
    },
    "wi-wind-beaufort-0": {
        "body": "content: '\\\\f0b7';$0",
        "description": "content",
        "prefix": "wi-wind-beaufort-0"
    },
    "wi-wind-beaufort-1": {
        "body": "content: '\\\\f0b8';$0",
        "description": "content",
        "prefix": "wi-wind-beaufort-1"
    },
    "wi-wind-beaufort-2": {
        "body": "content: '\\\\f0b9';$0",
        "description": "content",
        "prefix": "wi-wind-beaufort-2"
    },
    "wi-wind-beaufort-3": {
        "body": "content: '\\\\f0ba';$0",
        "description": "content",
        "prefix": "wi-wind-beaufort-3"
    },
    "wi-wind-beaufort-4": {
        "body": "content: '\\\\f0bb';$0",
        "description": "content",
        "prefix": "wi-wind-beaufort-4"
    },
    "wi-wind-beaufort-5": {
        "body": "content: '\\\\f0bc';$0",
        "description": "content",
        "prefix": "wi-wind-beaufort-5"
    },
    "wi-wind-beaufort-6": {
        "body": "content: '\\\\f0bd';$0",
        "description": "content",
        "prefix": "wi-wind-beaufort-6"
    },
    "wi-wind-beaufort-7": {
        "body": "content: '\\\\f0be';$0",
        "description": "content",
        "prefix": "wi-wind-beaufort-7"
    },
    "wi-wind-beaufort-8": {
        "body": "content: '\\\\f0bf';$0",
        "description": "content",
        "prefix": "wi-wind-beaufort-8"
    },
    "wi-wind-beaufort-9": {
        "body": "content: '\\\\f0c0';$0",
        "description": "content",
        "prefix": "wi-wind-beaufort-9"
    },
    "wi-wind-beaufort-10": {
        "body": "content: '\\\\f0c1';$0",
        "description": "content",
        "prefix": "wi-wind-beaufort-10"
    },
    "wi-wind-beaufort-11": {
        "body": "content: '\\\\f0c2';$0",
        "description": "content",
        "prefix": "wi-wind-beaufort-11"
    },
    "wi-wind-beaufort-12": {
        "body": "content: '\\\\f0c3';$0",
        "description": "content",
        "prefix": "wi-wind-beaufort-12"
    },
    "wi-yahoo-0": {
        "body": "content: '\\\\f056';$0",
        "description": "content",
        "prefix": "wi-yahoo-0"
    },
    "wi-yahoo-1": {
        "body": "content: '\\\\f00e';$0",
        "description": "content",
        "prefix": "wi-yahoo-1"
    },
    "wi-yahoo-2": {
        "body": "content: '\\\\f073';$0",
        "description": "content",
        "prefix": "wi-yahoo-2"
    },
    "wi-yahoo-3": {
        "body": "content: '\\\\f01e';$0",
        "description": "content",
        "prefix": "wi-yahoo-3"
    },
    "wi-yahoo-4": {
        "body": "content: '\\\\f01e';$0",
        "description": "content",
        "prefix": "wi-yahoo-4"
    },
    "wi-yahoo-5": {
        "body": "content: '\\\\f017';$0",
        "description": "content",
        "prefix": "wi-yahoo-5"
    },
    "wi-yahoo-6": {
        "body": "content: '\\\\f017';$0",
        "description": "content",
        "prefix": "wi-yahoo-6"
    },
    "wi-yahoo-7": {
        "body": "content: '\\\\f017';$0",
        "description": "content",
        "prefix": "wi-yahoo-7"
    },
    "wi-yahoo-8": {
        "body": "content: '\\\\f015';$0",
        "description": "content",
        "prefix": "wi-yahoo-8"
    },
    "wi-yahoo-9": {
        "body": "content: '\\\\f01a';$0",
        "description": "content",
        "prefix": "wi-yahoo-9"
    },
    "wi-yahoo-10": {
        "body": "content: '\\\\f015';$0",
        "description": "content",
        "prefix": "wi-yahoo-10"
    },
    "wi-yahoo-11": {
        "body": "content: '\\\\f01a';$0",
        "description": "content",
        "prefix": "wi-yahoo-11"
    },
    "wi-yahoo-12": {
        "body": "content: '\\\\f01a';$0",
        "description": "content",
        "prefix": "wi-yahoo-12"
    },
    "wi-yahoo-13": {
        "body": "content: '\\\\f01b';$0",
        "description": "content",
        "prefix": "wi-yahoo-13"
    },
    "wi-yahoo-14": {
        "body": "content: '\\\\f00a';$0",
        "description": "content",
        "prefix": "wi-yahoo-14"
    },
    "wi-yahoo-15": {
        "body": "content: '\\\\f064';$0",
        "description": "content",
        "prefix": "wi-yahoo-15"
    },
    "wi-yahoo-16": {
        "body": "content: '\\\\f01b';$0",
        "description": "content",
        "prefix": "wi-yahoo-16"
    },
    "wi-yahoo-17": {
        "body": "content: '\\\\f015';$0",
        "description": "content",
        "prefix": "wi-yahoo-17"
    },
    "wi-yahoo-18": {
        "body": "content: '\\\\f017';$0",
        "description": "content",
        "prefix": "wi-yahoo-18"
    },
    "wi-yahoo-19": {
        "body": "content: '\\\\f063';$0",
        "description": "content",
        "prefix": "wi-yahoo-19"
    },
    "wi-yahoo-20": {
        "body": "content: '\\\\f014';$0",
        "description": "content",
        "prefix": "wi-yahoo-20"
    },
    "wi-yahoo-21": {
        "body": "content: '\\\\f021';$0",
        "description": "content",
        "prefix": "wi-yahoo-21"
    },
    "wi-yahoo-22": {
        "body": "content: '\\\\f062';$0",
        "description": "content",
        "prefix": "wi-yahoo-22"
    },
    "wi-yahoo-23": {
        "body": "content: '\\\\f050';$0",
        "description": "content",
        "prefix": "wi-yahoo-23"
    },
    "wi-yahoo-24": {
        "body": "content: '\\\\f050';$0",
        "description": "content",
        "prefix": "wi-yahoo-24"
    },
    "wi-yahoo-25": {
        "body": "content: '\\\\f076';$0",
        "description": "content",
        "prefix": "wi-yahoo-25"
    },
    "wi-yahoo-26": {
        "body": "content: '\\\\f013';$0",
        "description": "content",
        "prefix": "wi-yahoo-26"
    },
    "wi-yahoo-27": {
        "body": "content: '\\\\f031';$0",
        "description": "content",
        "prefix": "wi-yahoo-27"
    },
    "wi-yahoo-28": {
        "body": "content: '\\\\f002';$0",
        "description": "content",
        "prefix": "wi-yahoo-28"
    },
    "wi-yahoo-29": {
        "body": "content: '\\\\f031';$0",
        "description": "content",
        "prefix": "wi-yahoo-29"
    },
    "wi-yahoo-30": {
        "body": "content: '\\\\f002';$0",
        "description": "content",
        "prefix": "wi-yahoo-30"
    },
    "wi-yahoo-31": {
        "body": "content: '\\\\f02e';$0",
        "description": "content",
        "prefix": "wi-yahoo-31"
    },
    "wi-yahoo-32": {
        "body": "content: '\\\\f00d';$0",
        "description": "content",
        "prefix": "wi-yahoo-32"
    },
    "wi-yahoo-33": {
        "body": "content: '\\\\f083';$0",
        "description": "content",
        "prefix": "wi-yahoo-33"
    },
    "wi-yahoo-34": {
        "body": "content: '\\\\f00c';$0",
        "description": "content",
        "prefix": "wi-yahoo-34"
    },
    "wi-yahoo-35": {
        "body": "content: '\\\\f017';$0",
        "description": "content",
        "prefix": "wi-yahoo-35"
    },
    "wi-yahoo-36": {
        "body": "content: '\\\\f072';$0",
        "description": "content",
        "prefix": "wi-yahoo-36"
    },
    "wi-yahoo-37": {
        "body": "content: '\\\\f00e';$0",
        "description": "content",
        "prefix": "wi-yahoo-37"
    },
    "wi-yahoo-38": {
        "body": "content: '\\\\f00e';$0",
        "description": "content",
        "prefix": "wi-yahoo-38"
    },
    "wi-yahoo-39": {
        "body": "content: '\\\\f00e';$0",
        "description": "content",
        "prefix": "wi-yahoo-39"
    },
    "wi-yahoo-40": {
        "body": "content: '\\\\f01a';$0",
        "description": "content",
        "prefix": "wi-yahoo-40"
    },
    "wi-yahoo-41": {
        "body": "content: '\\\\f064';$0",
        "description": "content",
        "prefix": "wi-yahoo-41"
    },
    "wi-yahoo-42": {
        "body": "content: '\\\\f01b';$0",
        "description": "content",
        "prefix": "wi-yahoo-42"
    },
    "wi-yahoo-43": {
        "body": "content: '\\\\f064';$0",
        "description": "content",
        "prefix": "wi-yahoo-43"
    },
    "wi-yahoo-44": {
        "body": "content: '\\\\f00c';$0",
        "description": "content",
        "prefix": "wi-yahoo-44"
    },
    "wi-yahoo-45": {
        "body": "content: '\\\\f00e';$0",
        "description": "content",
        "prefix": "wi-yahoo-45"
    },
    "wi-yahoo-46": {
        "body": "content: '\\\\f01b';$0",
        "description": "content",
        "prefix": "wi-yahoo-46"
    },
    "wi-yahoo-47": {
        "body": "content: '\\\\f00e';$0",
        "description": "content",
        "prefix": "wi-yahoo-47"
    },
    "wi-yahoo-3200": {
        "body": "content: '\\\\f077';$0",
        "description": "content",
        "prefix": "wi-yahoo-3200"
    },
    "wi-forecast-io-clear-day": {
        "body": "content: '\\\\f00d';$0",
        "description": "content",
        "prefix": "wi-forecast-io-clear-day"
    },
    "wi-forecast-io-clear-night": {
        "body": "content: '\\\\f02e';$0",
        "description": "content",
        "prefix": "wi-forecast-io-clear-night"
    },
    "wi-forecast-io-rain": {
        "body": "content: '\\\\f019';$0",
        "description": "content",
        "prefix": "wi-forecast-io-rain"
    },
    "wi-forecast-io-snow": {
        "body": "content: '\\\\f01b';$0",
        "description": "content",
        "prefix": "wi-forecast-io-snow"
    },
    "wi-forecast-io-sleet": {
        "body": "content: '\\\\f0b5';$0",
        "description": "content",
        "prefix": "wi-forecast-io-sleet"
    },
    "wi-forecast-io-wind": {
        "body": "content: '\\\\f050';$0",
        "description": "content",
        "prefix": "wi-forecast-io-wind"
    },
    "wi-forecast-io-fog": {
        "body": "content: '\\\\f014';$0",
        "description": "content",
        "prefix": "wi-forecast-io-fog"
    },
    "wi-forecast-io-cloudy": {
        "body": "content: '\\\\f013';$0",
        "description": "content",
        "prefix": "wi-forecast-io-cloudy"
    },
    "wi-forecast-io-partly-cloudy-day": {
        "body": "content: '\\\\f002';$0",
        "description": "content",
        "prefix": "wi-forecast-io-partly-cloudy-day"
    },
    "wi-forecast-io-partly-cloudy-night": {
        "body": "content: '\\\\f031';$0",
        "description": "content",
        "prefix": "wi-forecast-io-partly-cloudy-night"
    },
    "wi-forecast-io-hail": {
        "body": "content: '\\\\f015';$0",
        "description": "content",
        "prefix": "wi-forecast-io-hail"
    },
    "wi-forecast-io-thunderstorm": {
        "body": "content: '\\\\f01e';$0",
        "description": "content",
        "prefix": "wi-forecast-io-thunderstorm"
    },
    "wi-forecast-io-tornado": {
        "body": "content: '\\\\f056';$0",
        "description": "content",
        "prefix": "wi-forecast-io-tornado"
    },
    "wi-wmo4680-0": {
        "body": "content: '\\\\f055';$0",
        "description": "content",
        "prefix": "wi-wmo4680-0"
    },
    "wi-wmo4680-1": {
        "body": "content: '\\\\f013';$0",
        "description": "content",
        "prefix": "wi-wmo4680-1"
    },
    "wi-wmo4680-2": {
        "body": "content: '\\\\f055';$0",
        "description": "content",
        "prefix": "wi-wmo4680-2"
    },
    "wi-wmo4680-3": {
        "body": "content: '\\\\f013';$0",
        "description": "content",
        "prefix": "wi-wmo4680-3"
    },
    "wi-wmo4680-4": {
        "body": "content: '\\\\f014';$0",
        "description": "content",
        "prefix": "wi-wmo4680-4"
    },
    "wi-wmo4680-5": {
        "body": "content: '\\\\f014';$0",
        "description": "content",
        "prefix": "wi-wmo4680-5"
    },
    "wi-wmo4680-10": {
        "body": "content: '\\\\f014';$0",
        "description": "content",
        "prefix": "wi-wmo4680-10"
    },
    "wi-wmo4680-11": {
        "body": "content: '\\\\f014';$0",
        "description": "content",
        "prefix": "wi-wmo4680-11"
    },
    "wi-wmo4680-12": {
        "body": "content: '\\\\f016';$0",
        "description": "content",
        "prefix": "wi-wmo4680-12"
    },
    "wi-wmo4680-18": {
        "body": "content: '\\\\f050';$0",
        "description": "content",
        "prefix": "wi-wmo4680-18"
    },
    "wi-wmo4680-20": {
        "body": "content: '\\\\f014';$0",
        "description": "content",
        "prefix": "wi-wmo4680-20"
    },
    "wi-wmo4680-21": {
        "body": "content: '\\\\f017';$0",
        "description": "content",
        "prefix": "wi-wmo4680-21"
    },
    "wi-wmo4680-22": {
        "body": "content: '\\\\f017';$0",
        "description": "content",
        "prefix": "wi-wmo4680-22"
    },
    "wi-wmo4680-23": {
        "body": "content: '\\\\f019';$0",
        "description": "content",
        "prefix": "wi-wmo4680-23"
    },
    "wi-wmo4680-24": {
        "body": "content: '\\\\f01b';$0",
        "description": "content",
        "prefix": "wi-wmo4680-24"
    },
    "wi-wmo4680-25": {
        "body": "content: '\\\\f015';$0",
        "description": "content",
        "prefix": "wi-wmo4680-25"
    },
    "wi-wmo4680-26": {
        "body": "content: '\\\\f01e';$0",
        "description": "content",
        "prefix": "wi-wmo4680-26"
    },
    "wi-wmo4680-27": {
        "body": "content: '\\\\f063';$0",
        "description": "content",
        "prefix": "wi-wmo4680-27"
    },
    "wi-wmo4680-28": {
        "body": "content: '\\\\f063';$0",
        "description": "content",
        "prefix": "wi-wmo4680-28"
    },
    "wi-wmo4680-29": {
        "body": "content: '\\\\f063';$0",
        "description": "content",
        "prefix": "wi-wmo4680-29"
    },
    "wi-wmo4680-30": {
        "body": "content: '\\\\f014';$0",
        "description": "content",
        "prefix": "wi-wmo4680-30"
    },
    "wi-wmo4680-31": {
        "body": "content: '\\\\f014';$0",
        "description": "content",
        "prefix": "wi-wmo4680-31"
    },
    "wi-wmo4680-32": {
        "body": "content: '\\\\f014';$0",
        "description": "content",
        "prefix": "wi-wmo4680-32"
    },
    "wi-wmo4680-33": {
        "body": "content: '\\\\f014';$0",
        "description": "content",
        "prefix": "wi-wmo4680-33"
    },
    "wi-wmo4680-34": {
        "body": "content: '\\\\f014';$0",
        "description": "content",
        "prefix": "wi-wmo4680-34"
    },
    "wi-wmo4680-35": {
        "body": "content: '\\\\f014';$0",
        "description": "content",
        "prefix": "wi-wmo4680-35"
    },
    "wi-wmo4680-40": {
        "body": "content: '\\\\f017';$0",
        "description": "content",
        "prefix": "wi-wmo4680-40"
    },
    "wi-wmo4680-41": {
        "body": "content: '\\\\f01c';$0",
        "description": "content",
        "prefix": "wi-wmo4680-41"
    },
    "wi-wmo4680-42": {
        "body": "content: '\\\\f019';$0",
        "description": "content",
        "prefix": "wi-wmo4680-42"
    },
    "wi-wmo4680-43": {
        "body": "content: '\\\\f01c';$0",
        "description": "content",
        "prefix": "wi-wmo4680-43"
    },
    "wi-wmo4680-44": {
        "body": "content: '\\\\f019';$0",
        "description": "content",
        "prefix": "wi-wmo4680-44"
    },
    "wi-wmo4680-45": {
        "body": "content: '\\\\f015';$0",
        "description": "content",
        "prefix": "wi-wmo4680-45"
    },
    "wi-wmo4680-46": {
        "body": "content: '\\\\f015';$0",
        "description": "content",
        "prefix": "wi-wmo4680-46"
    },
    "wi-wmo4680-47": {
        "body": "content: '\\\\f01b';$0",
        "description": "content",
        "prefix": "wi-wmo4680-47"
    },
    "wi-wmo4680-48": {
        "body": "content: '\\\\f01b';$0",
        "description": "content",
        "prefix": "wi-wmo4680-48"
    },
    "wi-wmo4680-50": {
        "body": "content: '\\\\f01c';$0",
        "description": "content",
        "prefix": "wi-wmo4680-50"
    },
    "wi-wmo4680-51": {
        "body": "content: '\\\\f01c';$0",
        "description": "content",
        "prefix": "wi-wmo4680-51"
    },
    "wi-wmo4680-52": {
        "body": "content: '\\\\f019';$0",
        "description": "content",
        "prefix": "wi-wmo4680-52"
    },
    "wi-wmo4680-53": {
        "body": "content: '\\\\f019';$0",
        "description": "content",
        "prefix": "wi-wmo4680-53"
    },
    "wi-wmo4680-54": {
        "body": "content: '\\\\f076';$0",
        "description": "content",
        "prefix": "wi-wmo4680-54"
    },
    "wi-wmo4680-55": {
        "body": "content: '\\\\f076';$0",
        "description": "content",
        "prefix": "wi-wmo4680-55"
    },
    "wi-wmo4680-56": {
        "body": "content: '\\\\f076';$0",
        "description": "content",
        "prefix": "wi-wmo4680-56"
    },
    "wi-wmo4680-57": {
        "body": "content: '\\\\f01c';$0",
        "description": "content",
        "prefix": "wi-wmo4680-57"
    },
    "wi-wmo4680-58": {
        "body": "content: '\\\\f019';$0",
        "description": "content",
        "prefix": "wi-wmo4680-58"
    },
    "wi-wmo4680-60": {
        "body": "content: '\\\\f01c';$0",
        "description": "content",
        "prefix": "wi-wmo4680-60"
    },
    "wi-wmo4680-61": {
        "body": "content: '\\\\f01c';$0",
        "description": "content",
        "prefix": "wi-wmo4680-61"
    },
    "wi-wmo4680-62": {
        "body": "content: '\\\\f019';$0",
        "description": "content",
        "prefix": "wi-wmo4680-62"
    },
    "wi-wmo4680-63": {
        "body": "content: '\\\\f019';$0",
        "description": "content",
        "prefix": "wi-wmo4680-63"
    },
    "wi-wmo4680-64": {
        "body": "content: '\\\\f015';$0",
        "description": "content",
        "prefix": "wi-wmo4680-64"
    },
    "wi-wmo4680-65": {
        "body": "content: '\\\\f015';$0",
        "description": "content",
        "prefix": "wi-wmo4680-65"
    },
    "wi-wmo4680-66": {
        "body": "content: '\\\\f015';$0",
        "description": "content",
        "prefix": "wi-wmo4680-66"
    },
    "wi-wmo4680-67": {
        "body": "content: '\\\\f017';$0",
        "description": "content",
        "prefix": "wi-wmo4680-67"
    },
    "wi-wmo4680-68": {
        "body": "content: '\\\\f017';$0",
        "description": "content",
        "prefix": "wi-wmo4680-68"
    },
    "wi-wmo4680-70": {
        "body": "content: '\\\\f01b';$0",
        "description": "content",
        "prefix": "wi-wmo4680-70"
    },
    "wi-wmo4680-71": {
        "body": "content: '\\\\f01b';$0",
        "description": "content",
        "prefix": "wi-wmo4680-71"
    },
    "wi-wmo4680-72": {
        "body": "content: '\\\\f01b';$0",
        "description": "content",
        "prefix": "wi-wmo4680-72"
    },
    "wi-wmo4680-73": {
        "body": "content: '\\\\f01b';$0",
        "description": "content",
        "prefix": "wi-wmo4680-73"
    },
    "wi-wmo4680-74": {
        "body": "content: '\\\\f076';$0",
        "description": "content",
        "prefix": "wi-wmo4680-74"
    },
    "wi-wmo4680-75": {
        "body": "content: '\\\\f076';$0",
        "description": "content",
        "prefix": "wi-wmo4680-75"
    },
    "wi-wmo4680-76": {
        "body": "content: '\\\\f076';$0",
        "description": "content",
        "prefix": "wi-wmo4680-76"
    },
    "wi-wmo4680-77": {
        "body": "content: '\\\\f01b';$0",
        "description": "content",
        "prefix": "wi-wmo4680-77"
    },
    "wi-wmo4680-78": {
        "body": "content: '\\\\f076';$0",
        "description": "content",
        "prefix": "wi-wmo4680-78"
    },
    "wi-wmo4680-80": {
        "body": "content: '\\\\f019';$0",
        "description": "content",
        "prefix": "wi-wmo4680-80"
    },
    "wi-wmo4680-81": {
        "body": "content: '\\\\f01c';$0",
        "description": "content",
        "prefix": "wi-wmo4680-81"
    },
    "wi-wmo4680-82": {
        "body": "content: '\\\\f019';$0",
        "description": "content",
        "prefix": "wi-wmo4680-82"
    },
    "wi-wmo4680-83": {
        "body": "content: '\\\\f019';$0",
        "description": "content",
        "prefix": "wi-wmo4680-83"
    },
    "wi-wmo4680-84": {
        "body": "content: '\\\\f01d';$0",
        "description": "content",
        "prefix": "wi-wmo4680-84"
    },
    "wi-wmo4680-85": {
        "body": "content: '\\\\f017';$0",
        "description": "content",
        "prefix": "wi-wmo4680-85"
    },
    "wi-wmo4680-86": {
        "body": "content: '\\\\f017';$0",
        "description": "content",
        "prefix": "wi-wmo4680-86"
    },
    "wi-wmo4680-87": {
        "body": "content: '\\\\f017';$0",
        "description": "content",
        "prefix": "wi-wmo4680-87"
    },
    "wi-wmo4680-89": {
        "body": "content: '\\\\f015';$0",
        "description": "content",
        "prefix": "wi-wmo4680-89"
    },
    "wi-wmo4680-90": {
        "body": "content: '\\\\f016';$0",
        "description": "content",
        "prefix": "wi-wmo4680-90"
    },
    "wi-wmo4680-91": {
        "body": "content: '\\\\f01d';$0",
        "description": "content",
        "prefix": "wi-wmo4680-91"
    },
    "wi-wmo4680-92": {
        "body": "content: '\\\\f01e';$0",
        "description": "content",
        "prefix": "wi-wmo4680-92"
    },
    "wi-wmo4680-93": {
        "body": "content: '\\\\f01e';$0",
        "description": "content",
        "prefix": "wi-wmo4680-93"
    },
    "wi-wmo4680-94": {
        "body": "content: '\\\\f016';$0",
        "description": "content",
        "prefix": "wi-wmo4680-94"
    },
    "wi-wmo4680-95": {
        "body": "content: '\\\\f01e';$0",
        "description": "content",
        "prefix": "wi-wmo4680-95"
    },
    "wi-wmo4680-96": {
        "body": "content: '\\\\f01e';$0",
        "description": "content",
        "prefix": "wi-wmo4680-96"
    },
    "wi-wmo4680-99": {
        "body": "content: '\\\\f056';$0",
        "description": "content",
        "prefix": "wi-wmo4680-99"
    },
    "wi-owm-200": {
        "body": "content: '\\\\f01e';$0",
        "description": "content",
        "prefix": "wi-owm-200"
    },
    "wi-owm-201": {
        "body": "content: '\\\\f01e';$0",
        "description": "content",
        "prefix": "wi-owm-201"
    },
    "wi-owm-202": {
        "body": "content: '\\\\f01e';$0",
        "description": "content",
        "prefix": "wi-owm-202"
    },
    "wi-owm-210": {
        "body": "content: '\\\\f016';$0",
        "description": "content",
        "prefix": "wi-owm-210"
    },
    "wi-owm-211": {
        "body": "content: '\\\\f016';$0",
        "description": "content",
        "prefix": "wi-owm-211"
    },
    "wi-owm-212": {
        "body": "content: '\\\\f016';$0",
        "description": "content",
        "prefix": "wi-owm-212"
    },
    "wi-owm-221": {
        "body": "content: '\\\\f016';$0",
        "description": "content",
        "prefix": "wi-owm-221"
    },
    "wi-owm-230": {
        "body": "content: '\\\\f01e';$0",
        "description": "content",
        "prefix": "wi-owm-230"
    },
    "wi-owm-231": {
        "body": "content: '\\\\f01e';$0",
        "description": "content",
        "prefix": "wi-owm-231"
    },
    "wi-owm-232": {
        "body": "content: '\\\\f01e';$0",
        "description": "content",
        "prefix": "wi-owm-232"
    },
    "wi-owm-300": {
        "body": "content: '\\\\f01c';$0",
        "description": "content",
        "prefix": "wi-owm-300"
    },
    "wi-owm-301": {
        "body": "content: '\\\\f01c';$0",
        "description": "content",
        "prefix": "wi-owm-301"
    },
    "wi-owm-302": {
        "body": "content: '\\\\f019';$0",
        "description": "content",
        "prefix": "wi-owm-302"
    },
    "wi-owm-310": {
        "body": "content: '\\\\f017';$0",
        "description": "content",
        "prefix": "wi-owm-310"
    },
    "wi-owm-311": {
        "body": "content: '\\\\f019';$0",
        "description": "content",
        "prefix": "wi-owm-311"
    },
    "wi-owm-312": {
        "body": "content: '\\\\f019';$0",
        "description": "content",
        "prefix": "wi-owm-312"
    },
    "wi-owm-313": {
        "body": "content: '\\\\f01a';$0",
        "description": "content",
        "prefix": "wi-owm-313"
    },
    "wi-owm-314": {
        "body": "content: '\\\\f019';$0",
        "description": "content",
        "prefix": "wi-owm-314"
    },
    "wi-owm-321": {
        "body": "content: '\\\\f01c';$0",
        "description": "content",
        "prefix": "wi-owm-321"
    },
    "wi-owm-500": {
        "body": "content: '\\\\f01c';$0",
        "description": "content",
        "prefix": "wi-owm-500"
    },
    "wi-owm-501": {
        "body": "content: '\\\\f019';$0",
        "description": "content",
        "prefix": "wi-owm-501"
    },
    "wi-owm-502": {
        "body": "content: '\\\\f019';$0",
        "description": "content",
        "prefix": "wi-owm-502"
    },
    "wi-owm-503": {
        "body": "content: '\\\\f019';$0",
        "description": "content",
        "prefix": "wi-owm-503"
    },
    "wi-owm-504": {
        "body": "content: '\\\\f019';$0",
        "description": "content",
        "prefix": "wi-owm-504"
    },
    "wi-owm-511": {
        "body": "content: '\\\\f017';$0",
        "description": "content",
        "prefix": "wi-owm-511"
    },
    "wi-owm-520": {
        "body": "content: '\\\\f01a';$0",
        "description": "content",
        "prefix": "wi-owm-520"
    },
    "wi-owm-521": {
        "body": "content: '\\\\f01a';$0",
        "description": "content",
        "prefix": "wi-owm-521"
    },
    "wi-owm-522": {
        "body": "content: '\\\\f01a';$0",
        "description": "content",
        "prefix": "wi-owm-522"
    },
    "wi-owm-531": {
        "body": "content: '\\\\f01d';$0",
        "description": "content",
        "prefix": "wi-owm-531"
    },
    "wi-owm-600": {
        "body": "content: '\\\\f01b';$0",
        "description": "content",
        "prefix": "wi-owm-600"
    },
    "wi-owm-601": {
        "body": "content: '\\\\f01b';$0",
        "description": "content",
        "prefix": "wi-owm-601"
    },
    "wi-owm-602": {
        "body": "content: '\\\\f0b5';$0",
        "description": "content",
        "prefix": "wi-owm-602"
    },
    "wi-owm-611": {
        "body": "content: '\\\\f017';$0",
        "description": "content",
        "prefix": "wi-owm-611"
    },
    "wi-owm-612": {
        "body": "content: '\\\\f017';$0",
        "description": "content",
        "prefix": "wi-owm-612"
    },
    "wi-owm-615": {
        "body": "content: '\\\\f017';$0",
        "description": "content",
        "prefix": "wi-owm-615"
    },
    "wi-owm-616": {
        "body": "content: '\\\\f017';$0",
        "description": "content",
        "prefix": "wi-owm-616"
    },
    "wi-owm-620": {
        "body": "content: '\\\\f017';$0",
        "description": "content",
        "prefix": "wi-owm-620"
    },
    "wi-owm-621": {
        "body": "content: '\\\\f01b';$0",
        "description": "content",
        "prefix": "wi-owm-621"
    },
    "wi-owm-622": {
        "body": "content: '\\\\f01b';$0",
        "description": "content",
        "prefix": "wi-owm-622"
    },
    "wi-owm-701": {
        "body": "content: '\\\\f01a';$0",
        "description": "content",
        "prefix": "wi-owm-701"
    },
    "wi-owm-711": {
        "body": "content: '\\\\f062';$0",
        "description": "content",
        "prefix": "wi-owm-711"
    },
    "wi-owm-721": {
        "body": "content: '\\\\f0b6';$0",
        "description": "content",
        "prefix": "wi-owm-721"
    },
    "wi-owm-731": {
        "body": "content: '\\\\f063';$0",
        "description": "content",
        "prefix": "wi-owm-731"
    },
    "wi-owm-741": {
        "body": "content: '\\\\f014';$0",
        "description": "content",
        "prefix": "wi-owm-741"
    },
    "wi-owm-761": {
        "body": "content: '\\\\f063';$0",
        "description": "content",
        "prefix": "wi-owm-761"
    },
    "wi-owm-762": {
        "body": "content: '\\\\f063';$0",
        "description": "content",
        "prefix": "wi-owm-762"
    },
    "wi-owm-771": {
        "body": "content: '\\\\f011';$0",
        "description": "content",
        "prefix": "wi-owm-771"
    },
    "wi-owm-781": {
        "body": "content: '\\\\f056';$0",
        "description": "content",
        "prefix": "wi-owm-781"
    },
    "wi-owm-800": {
        "body": "content: '\\\\f00d';$0",
        "description": "content",
        "prefix": "wi-owm-800"
    },
    "wi-owm-801": {
        "body": "content: '\\\\f011';$0",
        "description": "content",
        "prefix": "wi-owm-801"
    },
    "wi-owm-802": {
        "body": "content: '\\\\f011';$0",
        "description": "content",
        "prefix": "wi-owm-802"
    },
    "wi-owm-803": {
        "body": "content: '\\\\f012';$0",
        "description": "content",
        "prefix": "wi-owm-803"
    },
    "wi-owm-804": {
        "body": "content: '\\\\f013';$0",
        "description": "content",
        "prefix": "wi-owm-804"
    },
    "wi-owm-900": {
        "body": "content: '\\\\f056';$0",
        "description": "content",
        "prefix": "wi-owm-900"
    },
    "wi-owm-901": {
        "body": "content: '\\\\f01d';$0",
        "description": "content",
        "prefix": "wi-owm-901"
    },
    "wi-owm-902": {
        "body": "content: '\\\\f073';$0",
        "description": "content",
        "prefix": "wi-owm-902"
    },
    "wi-owm-903": {
        "body": "content: '\\\\f076';$0",
        "description": "content",
        "prefix": "wi-owm-903"
    },
    "wi-owm-904": {
        "body": "content: '\\\\f072';$0",
        "description": "content",
        "prefix": "wi-owm-904"
    },
    "wi-owm-905": {
        "body": "content: '\\\\f021';$0",
        "description": "content",
        "prefix": "wi-owm-905"
    },
    "wi-owm-906": {
        "body": "content: '\\\\f015';$0",
        "description": "content",
        "prefix": "wi-owm-906"
    },
    "wi-owm-957": {
        "body": "content: '\\\\f050';$0",
        "description": "content",
        "prefix": "wi-owm-957"
    },
    "wi-owm-day-200": {
        "body": "content: '\\\\f010';$0",
        "description": "content",
        "prefix": "wi-owm-day-200"
    },
    "wi-owm-day-201": {
        "body": "content: '\\\\f010';$0",
        "description": "content",
        "prefix": "wi-owm-day-201"
    },
    "wi-owm-day-202": {
        "body": "content: '\\\\f010';$0",
        "description": "content",
        "prefix": "wi-owm-day-202"
    },
    "wi-owm-day-210": {
        "body": "content: '\\\\f005';$0",
        "description": "content",
        "prefix": "wi-owm-day-210"
    },
    "wi-owm-day-211": {
        "body": "content: '\\\\f005';$0",
        "description": "content",
        "prefix": "wi-owm-day-211"
    },
    "wi-owm-day-212": {
        "body": "content: '\\\\f005';$0",
        "description": "content",
        "prefix": "wi-owm-day-212"
    },
    "wi-owm-day-221": {
        "body": "content: '\\\\f005';$0",
        "description": "content",
        "prefix": "wi-owm-day-221"
    },
    "wi-owm-day-230": {
        "body": "content: '\\\\f010';$0",
        "description": "content",
        "prefix": "wi-owm-day-230"
    },
    "wi-owm-day-231": {
        "body": "content: '\\\\f010';$0",
        "description": "content",
        "prefix": "wi-owm-day-231"
    },
    "wi-owm-day-232": {
        "body": "content: '\\\\f010';$0",
        "description": "content",
        "prefix": "wi-owm-day-232"
    },
    "wi-owm-day-300": {
        "body": "content: '\\\\f00b';$0",
        "description": "content",
        "prefix": "wi-owm-day-300"
    },
    "wi-owm-day-301": {
        "body": "content: '\\\\f00b';$0",
        "description": "content",
        "prefix": "wi-owm-day-301"
    },
    "wi-owm-day-302": {
        "body": "content: '\\\\f008';$0",
        "description": "content",
        "prefix": "wi-owm-day-302"
    },
    "wi-owm-day-310": {
        "body": "content: '\\\\f008';$0",
        "description": "content",
        "prefix": "wi-owm-day-310"
    },
    "wi-owm-day-311": {
        "body": "content: '\\\\f008';$0",
        "description": "content",
        "prefix": "wi-owm-day-311"
    },
    "wi-owm-day-312": {
        "body": "content: '\\\\f008';$0",
        "description": "content",
        "prefix": "wi-owm-day-312"
    },
    "wi-owm-day-313": {
        "body": "content: '\\\\f008';$0",
        "description": "content",
        "prefix": "wi-owm-day-313"
    },
    "wi-owm-day-314": {
        "body": "content: '\\\\f008';$0",
        "description": "content",
        "prefix": "wi-owm-day-314"
    },
    "wi-owm-day-321": {
        "body": "content: '\\\\f00b';$0",
        "description": "content",
        "prefix": "wi-owm-day-321"
    },
    "wi-owm-day-500": {
        "body": "content: '\\\\f00b';$0",
        "description": "content",
        "prefix": "wi-owm-day-500"
    },
    "wi-owm-day-501": {
        "body": "content: '\\\\f008';$0",
        "description": "content",
        "prefix": "wi-owm-day-501"
    },
    "wi-owm-day-502": {
        "body": "content: '\\\\f008';$0",
        "description": "content",
        "prefix": "wi-owm-day-502"
    },
    "wi-owm-day-503": {
        "body": "content: '\\\\f008';$0",
        "description": "content",
        "prefix": "wi-owm-day-503"
    },
    "wi-owm-day-504": {
        "body": "content: '\\\\f008';$0",
        "description": "content",
        "prefix": "wi-owm-day-504"
    },
    "wi-owm-day-511": {
        "body": "content: '\\\\f006';$0",
        "description": "content",
        "prefix": "wi-owm-day-511"
    },
    "wi-owm-day-520": {
        "body": "content: '\\\\f009';$0",
        "description": "content",
        "prefix": "wi-owm-day-520"
    },
    "wi-owm-day-521": {
        "body": "content: '\\\\f009';$0",
        "description": "content",
        "prefix": "wi-owm-day-521"
    },
    "wi-owm-day-522": {
        "body": "content: '\\\\f009';$0",
        "description": "content",
        "prefix": "wi-owm-day-522"
    },
    "wi-owm-day-531": {
        "body": "content: '\\\\f00e';$0",
        "description": "content",
        "prefix": "wi-owm-day-531"
    },
    "wi-owm-day-600": {
        "body": "content: '\\\\f00a';$0",
        "description": "content",
        "prefix": "wi-owm-day-600"
    },
    "wi-owm-day-601": {
        "body": "content: '\\\\f0b2';$0",
        "description": "content",
        "prefix": "wi-owm-day-601"
    },
    "wi-owm-day-602": {
        "body": "content: '\\\\f00a';$0",
        "description": "content",
        "prefix": "wi-owm-day-602"
    },
    "wi-owm-day-611": {
        "body": "content: '\\\\f006';$0",
        "description": "content",
        "prefix": "wi-owm-day-611"
    },
    "wi-owm-day-612": {
        "body": "content: '\\\\f006';$0",
        "description": "content",
        "prefix": "wi-owm-day-612"
    },
    "wi-owm-day-615": {
        "body": "content: '\\\\f006';$0",
        "description": "content",
        "prefix": "wi-owm-day-615"
    },
    "wi-owm-day-616": {
        "body": "content: '\\\\f006';$0",
        "description": "content",
        "prefix": "wi-owm-day-616"
    },
    "wi-owm-day-620": {
        "body": "content: '\\\\f006';$0",
        "description": "content",
        "prefix": "wi-owm-day-620"
    },
    "wi-owm-day-621": {
        "body": "content: '\\\\f00a';$0",
        "description": "content",
        "prefix": "wi-owm-day-621"
    },
    "wi-owm-day-622": {
        "body": "content: '\\\\f00a';$0",
        "description": "content",
        "prefix": "wi-owm-day-622"
    },
    "wi-owm-day-701": {
        "body": "content: '\\\\f009';$0",
        "description": "content",
        "prefix": "wi-owm-day-701"
    },
    "wi-owm-day-711": {
        "body": "content: '\\\\f062';$0",
        "description": "content",
        "prefix": "wi-owm-day-711"
    },
    "wi-owm-day-721": {
        "body": "content: '\\\\f0b6';$0",
        "description": "content",
        "prefix": "wi-owm-day-721"
    },
    "wi-owm-day-731": {
        "body": "content: '\\\\f063';$0",
        "description": "content",
        "prefix": "wi-owm-day-731"
    },
    "wi-owm-day-741": {
        "body": "content: '\\\\f003';$0",
        "description": "content",
        "prefix": "wi-owm-day-741"
    },
    "wi-owm-day-761": {
        "body": "content: '\\\\f063';$0",
        "description": "content",
        "prefix": "wi-owm-day-761"
    },
    "wi-owm-day-762": {
        "body": "content: '\\\\f063';$0",
        "description": "content",
        "prefix": "wi-owm-day-762"
    },
    "wi-owm-day-781": {
        "body": "content: '\\\\f056';$0",
        "description": "content",
        "prefix": "wi-owm-day-781"
    },
    "wi-owm-day-800": {
        "body": "content: '\\\\f00d';$0",
        "description": "content",
        "prefix": "wi-owm-day-800"
    },
    "wi-owm-day-801": {
        "body": "content: '\\\\f000';$0",
        "description": "content",
        "prefix": "wi-owm-day-801"
    },
    "wi-owm-day-802": {
        "body": "content: '\\\\f000';$0",
        "description": "content",
        "prefix": "wi-owm-day-802"
    },
    "wi-owm-day-803": {
        "body": "content: '\\\\f000';$0",
        "description": "content",
        "prefix": "wi-owm-day-803"
    },
    "wi-owm-day-804": {
        "body": "content: '\\\\f00c';$0",
        "description": "content",
        "prefix": "wi-owm-day-804"
    },
    "wi-owm-day-900": {
        "body": "content: '\\\\f056';$0",
        "description": "content",
        "prefix": "wi-owm-day-900"
    },
    "wi-owm-day-902": {
        "body": "content: '\\\\f073';$0",
        "description": "content",
        "prefix": "wi-owm-day-902"
    },
    "wi-owm-day-903": {
        "body": "content: '\\\\f076';$0",
        "description": "content",
        "prefix": "wi-owm-day-903"
    },
    "wi-owm-day-904": {
        "body": "content: '\\\\f072';$0",
        "description": "content",
        "prefix": "wi-owm-day-904"
    },
    "wi-owm-day-906": {
        "body": "content: '\\\\f004';$0",
        "description": "content",
        "prefix": "wi-owm-day-906"
    },
    "wi-owm-day-957": {
        "body": "content: '\\\\f050';$0",
        "description": "content",
        "prefix": "wi-owm-day-957"
    },
    "wi-owm-night-200": {
        "body": "content: '\\\\f02d';$0",
        "description": "content",
        "prefix": "wi-owm-night-200"
    },
    "wi-owm-night-201": {
        "body": "content: '\\\\f02d';$0",
        "description": "content",
        "prefix": "wi-owm-night-201"
    },
    "wi-owm-night-202": {
        "body": "content: '\\\\f02d';$0",
        "description": "content",
        "prefix": "wi-owm-night-202"
    },
    "wi-owm-night-210": {
        "body": "content: '\\\\f025';$0",
        "description": "content",
        "prefix": "wi-owm-night-210"
    },
    "wi-owm-night-211": {
        "body": "content: '\\\\f025';$0",
        "description": "content",
        "prefix": "wi-owm-night-211"
    },
    "wi-owm-night-212": {
        "body": "content: '\\\\f025';$0",
        "description": "content",
        "prefix": "wi-owm-night-212"
    },
    "wi-owm-night-221": {
        "body": "content: '\\\\f025';$0",
        "description": "content",
        "prefix": "wi-owm-night-221"
    },
    "wi-owm-night-230": {
        "body": "content: '\\\\f02d';$0",
        "description": "content",
        "prefix": "wi-owm-night-230"
    },
    "wi-owm-night-231": {
        "body": "content: '\\\\f02d';$0",
        "description": "content",
        "prefix": "wi-owm-night-231"
    },
    "wi-owm-night-232": {
        "body": "content: '\\\\f02d';$0",
        "description": "content",
        "prefix": "wi-owm-night-232"
    },
    "wi-owm-night-300": {
        "body": "content: '\\\\f02b';$0",
        "description": "content",
        "prefix": "wi-owm-night-300"
    },
    "wi-owm-night-301": {
        "body": "content: '\\\\f02b';$0",
        "description": "content",
        "prefix": "wi-owm-night-301"
    },
    "wi-owm-night-302": {
        "body": "content: '\\\\f028';$0",
        "description": "content",
        "prefix": "wi-owm-night-302"
    },
    "wi-owm-night-310": {
        "body": "content: '\\\\f028';$0",
        "description": "content",
        "prefix": "wi-owm-night-310"
    },
    "wi-owm-night-311": {
        "body": "content: '\\\\f028';$0",
        "description": "content",
        "prefix": "wi-owm-night-311"
    },
    "wi-owm-night-312": {
        "body": "content: '\\\\f028';$0",
        "description": "content",
        "prefix": "wi-owm-night-312"
    },
    "wi-owm-night-313": {
        "body": "content: '\\\\f028';$0",
        "description": "content",
        "prefix": "wi-owm-night-313"
    },
    "wi-owm-night-314": {
        "body": "content: '\\\\f028';$0",
        "description": "content",
        "prefix": "wi-owm-night-314"
    },
    "wi-owm-night-321": {
        "body": "content: '\\\\f02b';$0",
        "description": "content",
        "prefix": "wi-owm-night-321"
    },
    "wi-owm-night-500": {
        "body": "content: '\\\\f02b';$0",
        "description": "content",
        "prefix": "wi-owm-night-500"
    },
    "wi-owm-night-501": {
        "body": "content: '\\\\f028';$0",
        "description": "content",
        "prefix": "wi-owm-night-501"
    },
    "wi-owm-night-502": {
        "body": "content: '\\\\f028';$0",
        "description": "content",
        "prefix": "wi-owm-night-502"
    },
    "wi-owm-night-503": {
        "body": "content: '\\\\f028';$0",
        "description": "content",
        "prefix": "wi-owm-night-503"
    },
    "wi-owm-night-504": {
        "body": "content: '\\\\f028';$0",
        "description": "content",
        "prefix": "wi-owm-night-504"
    },
    "wi-owm-night-511": {
        "body": "content: '\\\\f026';$0",
        "description": "content",
        "prefix": "wi-owm-night-511"
    },
    "wi-owm-night-520": {
        "body": "content: '\\\\f029';$0",
        "description": "content",
        "prefix": "wi-owm-night-520"
    },
    "wi-owm-night-521": {
        "body": "content: '\\\\f029';$0",
        "description": "content",
        "prefix": "wi-owm-night-521"
    },
    "wi-owm-night-522": {
        "body": "content: '\\\\f029';$0",
        "description": "content",
        "prefix": "wi-owm-night-522"
    },
    "wi-owm-night-531": {
        "body": "content: '\\\\f02c';$0",
        "description": "content",
        "prefix": "wi-owm-night-531"
    },
    "wi-owm-night-600": {
        "body": "content: '\\\\f02a';$0",
        "description": "content",
        "prefix": "wi-owm-night-600"
    },
    "wi-owm-night-601": {
        "body": "content: '\\\\f0b4';$0",
        "description": "content",
        "prefix": "wi-owm-night-601"
    },
    "wi-owm-night-602": {
        "body": "content: '\\\\f02a';$0",
        "description": "content",
        "prefix": "wi-owm-night-602"
    },
    "wi-owm-night-611": {
        "body": "content: '\\\\f026';$0",
        "description": "content",
        "prefix": "wi-owm-night-611"
    },
    "wi-owm-night-612": {
        "body": "content: '\\\\f026';$0",
        "description": "content",
        "prefix": "wi-owm-night-612"
    },
    "wi-owm-night-615": {
        "body": "content: '\\\\f026';$0",
        "description": "content",
        "prefix": "wi-owm-night-615"
    },
    "wi-owm-night-616": {
        "body": "content: '\\\\f026';$0",
        "description": "content",
        "prefix": "wi-owm-night-616"
    },
    "wi-owm-night-620": {
        "body": "content: '\\\\f026';$0",
        "description": "content",
        "prefix": "wi-owm-night-620"
    },
    "wi-owm-night-621": {
        "body": "content: '\\\\f02a';$0",
        "description": "content",
        "prefix": "wi-owm-night-621"
    },
    "wi-owm-night-622": {
        "body": "content: '\\\\f02a';$0",
        "description": "content",
        "prefix": "wi-owm-night-622"
    },
    "wi-owm-night-701": {
        "body": "content: '\\\\f029';$0",
        "description": "content",
        "prefix": "wi-owm-night-701"
    },
    "wi-owm-night-711": {
        "body": "content: '\\\\f062';$0",
        "description": "content",
        "prefix": "wi-owm-night-711"
    },
    "wi-owm-night-721": {
        "body": "content: '\\\\f0b6';$0",
        "description": "content",
        "prefix": "wi-owm-night-721"
    },
    "wi-owm-night-731": {
        "body": "content: '\\\\f063';$0",
        "description": "content",
        "prefix": "wi-owm-night-731"
    },
    "wi-owm-night-741": {
        "body": "content: '\\\\f04a';$0",
        "description": "content",
        "prefix": "wi-owm-night-741"
    },
    "wi-owm-night-761": {
        "body": "content: '\\\\f063';$0",
        "description": "content",
        "prefix": "wi-owm-night-761"
    },
    "wi-owm-night-762": {
        "body": "content: '\\\\f063';$0",
        "description": "content",
        "prefix": "wi-owm-night-762"
    },
    "wi-owm-night-781": {
        "body": "content: '\\\\f056';$0",
        "description": "content",
        "prefix": "wi-owm-night-781"
    },
    "wi-owm-night-800": {
        "body": "content: '\\\\f02e';$0",
        "description": "content",
        "prefix": "wi-owm-night-800"
    },
    "wi-owm-night-801": {
        "body": "content: '\\\\f022';$0",
        "description": "content",
        "prefix": "wi-owm-night-801"
    },
    "wi-owm-night-802": {
        "body": "content: '\\\\f022';$0",
        "description": "content",
        "prefix": "wi-owm-night-802"
    },
    "wi-owm-night-803": {
        "body": "content: '\\\\f022';$0",
        "description": "content",
        "prefix": "wi-owm-night-803"
    },
    "wi-owm-night-804": {
        "body": "content: '\\\\f086';$0",
        "description": "content",
        "prefix": "wi-owm-night-804"
    },
    "wi-owm-night-900": {
        "body": "content: '\\\\f056';$0",
        "description": "content",
        "prefix": "wi-owm-night-900"
    },
    "wi-owm-night-902": {
        "body": "content: '\\\\f073';$0",
        "description": "content",
        "prefix": "wi-owm-night-902"
    },
    "wi-owm-night-903": {
        "body": "content: '\\\\f076';$0",
        "description": "content",
        "prefix": "wi-owm-night-903"
    },
    "wi-owm-night-904": {
        "body": "content: '\\\\f072';$0",
        "description": "content",
        "prefix": "wi-owm-night-904"
    },
    "wi-owm-night-906": {
        "body": "content: '\\\\f024';$0",
        "description": "content",
        "prefix": "wi-owm-night-906"
    },
    "wi-owm-night-957": {
        "body": "content: '\\\\f050';$0",
        "description": "content",
        "prefix": "wi-owm-night-957"
    },
    "wi-wu-chanceflurries": {
        "body": "content: '\\\\f064';$0",
        "description": "content",
        "prefix": "wi-wu-chanceflurries"
    },
    "wi-wu-chancerain": {
        "body": "content: '\\\\f019';$0",
        "description": "content",
        "prefix": "wi-wu-chancerain"
    },
    "wi-wu-chancesleat": {
        "body": "content: '\\\\f0b5';$0",
        "description": "content",
        "prefix": "wi-wu-chancesleat"
    },
    "wi-wu-chancesnow": {
        "body": "content: '\\\\f01b';$0",
        "description": "content",
        "prefix": "wi-wu-chancesnow"
    },
    "wi-wu-chancetstorms": {
        "body": "content: '\\\\f01e';$0",
        "description": "content",
        "prefix": "wi-wu-chancetstorms"
    },
    "wi-wu-clear": {
        "body": "content: '\\\\f00d';$0",
        "description": "content",
        "prefix": "wi-wu-clear"
    },
    "wi-wu-cloudy": {
        "body": "content: '\\\\f002';$0",
        "description": "content",
        "prefix": "wi-wu-cloudy"
    },
    "wi-wu-flurries": {
        "body": "content: '\\\\f064';$0",
        "description": "content",
        "prefix": "wi-wu-flurries"
    },
    "wi-wu-hazy": {
        "body": "content: '\\\\f0b6';$0",
        "description": "content",
        "prefix": "wi-wu-hazy"
    },
    "wi-wu-mostlycloudy": {
        "body": "content: '\\\\f002';$0",
        "description": "content",
        "prefix": "wi-wu-mostlycloudy"
    },
    "wi-wu-mostlysunny": {
        "body": "content: '\\\\f00d';$0",
        "description": "content",
        "prefix": "wi-wu-mostlysunny"
    },
    "wi-wu-partlycloudy": {
        "body": "content: '\\\\f002';$0",
        "description": "content",
        "prefix": "wi-wu-partlycloudy"
    },
    "wi-wu-partlysunny": {
        "body": "content: '\\\\f00d';$0",
        "description": "content",
        "prefix": "wi-wu-partlysunny"
    },
    "wi-wu-rain": {
        "body": "content: '\\\\f01a';$0",
        "description": "content",
        "prefix": "wi-wu-rain"
    },
    "wi-wu-sleat": {
        "body": "content: '\\\\f0b5';$0",
        "description": "content",
        "prefix": "wi-wu-sleat"
    },
    "wi-wu-snow": {
        "body": "content: '\\\\f01b';$0",
        "description": "content",
        "prefix": "wi-wu-snow"
    },
    "wi-wu-sunny": {
        "body": "content: '\\\\f00d';$0",
        "description": "content",
        "prefix": "wi-wu-sunny"
    },
    "wi-wu-tstorms": {
        "body": "content: '\\\\f01e';$0",
        "description": "content",
        "prefix": "wi-wu-tstorms"
    },
    "wi-wu-unknown": {
        "body": "content: '\\\\f00d';$0",
        "description": "content",
        "prefix": "wi-wu-unknown"
    }
}