{
    "ai-dialer": {
        "body": "<${1:span} class=\"ai-dialer\"></${1:span}>$0",
        "description": "<span>",
        "prefix": "ai-dialer"
    },
    "ai-rss": {
        "body": "<${1:span} class=\"ai-rss\"></${1:span}>$0",
        "description": "<span>",
        "prefix": "ai-rss"
    },
    "ai-star-0": {
        "body": "<${1:span} class=\"ai-star-0\"></${1:span}>$0",
        "description": "<span>",
        "prefix": "ai-star-0"
    },
    "ai-star-5": {
        "body": "<${1:span} class=\"ai-star-5\"></${1:span}>$0",
        "description": "<span>",
        "prefix": "ai-star-5"
    },
    "ai-star-10": {
        "body": "<${1:span} class=\"ai-star-10\"></${1:span}>$0",
        "description": "<span>",
        "prefix": "ai-star-10"
    },
    "ai-navigate": {
        "body": "<${1:span} class=\"ai-navigate\"></${1:span}>$0",
        "description": "<span>",
        "prefix": "ai-navigate"
    },
    "ai-calendar": {
        "body": "<${1:span} class=\"ai-calendar\"></${1:span}>$0",
        "description": "<span>",
        "prefix": "ai-calendar"
    },
    "ai-overflow": {
        "body": "<${1:span} class=\"ai-overflow\"></${1:span}>$0",
        "description": "<span>",
        "prefix": "ai-overflow"
    },
    "ai-send": {
        "body": "<${1:span} class=\"ai-send\"></${1:span}>$0",
        "description": "<span>",
        "prefix": "ai-send"
    },
    "ai-bell": {
        "body": "<${1:span} class=\"ai-bell\"></${1:span}>$0",
        "description": "<span>",
        "prefix": "ai-bell"
    },
    "ai-heart": {
        "body": "<${1:span} class=\"ai-heart\"></${1:span}>$0",
        "description": "<span>",
        "prefix": "ai-heart"
    },
    "ai-barcode": {
        "body": "<${1:span} class=\"ai-barcode\"></${1:span}>$0",
        "description": "<span>",
        "prefix": "ai-barcode"
    },
    "ai-qrcode": {
        "body": "<${1:span} class=\"ai-qrcode\"></${1:span}>$0",
        "description": "<span>",
        "prefix": "ai-qrcode"
    },
    "ai-monolog": {
        "body": "<${1:span} class=\"ai-monolog\"></${1:span}>$0",
        "description": "<span>",
        "prefix": "ai-monolog"
    },
    "ai-dialog": {
        "body": "<${1:span} class=\"ai-dialog\"></${1:span}>$0",
        "description": "<span>",
        "prefix": "ai-dialog"
    },
    "ai-user": {
        "body": "<${1:span} class=\"ai-user\"></${1:span}>$0",
        "description": "<span>",
        "prefix": "ai-user"
    },
    "ai-users": {
        "body": "<${1:span} class=\"ai-users\"></${1:span}>$0",
        "description": "<span>",
        "prefix": "ai-users"
    },
    "ai-sun": {
        "body": "<${1:span} class=\"ai-sun\"></${1:span}>$0",
        "description": "<span>",
        "prefix": "ai-sun"
    },
    "ai-cloud": {
        "body": "<${1:span} class=\"ai-cloud\"></${1:span}>$0",
        "description": "<span>",
        "prefix": "ai-cloud"
    },
    "ai-rain": {
        "body": "<${1:span} class=\"ai-rain\"></${1:span}>$0",
        "description": "<span>",
        "prefix": "ai-rain"
    },
    "ai-cloudy": {
        "body": "<${1:span} class=\"ai-cloudy\"></${1:span}>$0",
        "description": "<span>",
        "prefix": "ai-cloudy"
    },
    "ai-mist": {
        "body": "<${1:span} class=\"ai-mist\"></${1:span}>$0",
        "description": "<span>",
        "prefix": "ai-mist"
    },
    "ai-flag": {
        "body": "<${1:span} class=\"ai-flag\"></${1:span}>$0",
        "description": "<span>",
        "prefix": "ai-flag"
    },
    "ai-umbrella": {
        "body": "<${1:span} class=\"ai-umbrella\"></${1:span}>$0",
        "description": "<span>",
        "prefix": "ai-umbrella"
    },
    "ai-magnet": {
        "body": "<${1:span} class=\"ai-magnet\"></${1:span}>$0",
        "description": "<span>",
        "prefix": "ai-magnet"
    },
    "ai-pie-chart": {
        "body": "<${1:span} class=\"ai-pie-chart\"></${1:span}>$0",
        "description": "<span>",
        "prefix": "ai-pie-chart"
    },
    "ai-clock": {
        "body": "<${1:span} class=\"ai-clock\"></${1:span}>$0",
        "description": "<span>",
        "prefix": "ai-clock"
    },
    "ai-settings": {
        "body": "<${1:span} class=\"ai-settings\"></${1:span}>$0",
        "description": "<span>",
        "prefix": "ai-settings"
    },
    "ai-music-1": {
        "body": "<${1:span} class=\"ai-music-1\"></${1:span}>$0",
        "description": "<span>",
        "prefix": "ai-music-1"
    },
    "ai-music-2": {
        "body": "<${1:span} class=\"ai-music-2\"></${1:span}>$0",
        "description": "<span>",
        "prefix": "ai-music-2"
    },
    "ai-headphones": {
        "body": "<${1:span} class=\"ai-headphones\"></${1:span}>$0",
        "description": "<span>",
        "prefix": "ai-headphones"
    },
    "ai-tiles-large": {
        "body": "<${1:span} class=\"ai-tiles-large\"></${1:span}>$0",
        "description": "<span>",
        "prefix": "ai-tiles-large"
    },
    "ai-tiles-small": {
        "body": "<${1:span} class=\"ai-tiles-small\"></${1:span}>$0",
        "description": "<span>",
        "prefix": "ai-tiles-small"
    },
    "ai-business": {
        "body": "<${1:span} class=\"ai-business\"></${1:span}>$0",
        "description": "<span>",
        "prefix": "ai-business"
    },
    "ai-folder-open": {
        "body": "<${1:span} class=\"ai-folder-open\"></${1:span}>$0",
        "description": "<span>",
        "prefix": "ai-folder-open"
    },
    "ai-folder-closed": {
        "body": "<${1:span} class=\"ai-folder-closed\"></${1:span}>$0",
        "description": "<span>",
        "prefix": "ai-folder-closed"
    },
    "ai-folder-tabs": {
        "body": "<${1:span} class=\"ai-folder-tabs\"></${1:span}>$0",
        "description": "<span>",
        "prefix": "ai-folder-tabs"
    },
    "ai-phone-end": {
        "body": "<${1:span} class=\"ai-phone-end\"></${1:span}>$0",
        "description": "<span>",
        "prefix": "ai-phone-end"
    },
    "ai-phone-start": {
        "body": "<${1:span} class=\"ai-phone-start\"></${1:span}>$0",
        "description": "<span>",
        "prefix": "ai-phone-start"
    },
    "ai-phone-incoming": {
        "body": "<${1:span} class=\"ai-phone-incoming\"></${1:span}>$0",
        "description": "<span>",
        "prefix": "ai-phone-incoming"
    },
    "ai-phone-outgoing": {
        "body": "<${1:span} class=\"ai-phone-outgoing\"></${1:span}>$0",
        "description": "<span>",
        "prefix": "ai-phone-outgoing"
    },
    "ai-phone-missed": {
        "body": "<${1:span} class=\"ai-phone-missed\"></${1:span}>$0",
        "description": "<span>",
        "prefix": "ai-phone-missed"
    },
    "ai-plane": {
        "body": "<${1:span} class=\"ai-plane\"></${1:span}>$0",
        "description": "<span>",
        "prefix": "ai-plane"
    },
    "ai-flash": {
        "body": "<${1:span} class=\"ai-flash\"></${1:span}>$0",
        "description": "<span>",
        "prefix": "ai-flash"
    },
    "ai-android": {
        "body": "<${1:span} class=\"ai-android\"></${1:span}>$0",
        "description": "<span>",
        "prefix": "ai-android"
    },
    "ai-expand": {
        "body": "<${1:span} class=\"ai-expand\"></${1:span}>$0",
        "description": "<span>",
        "prefix": "ai-expand"
    },
    "ai-collapse": {
        "body": "<${1:span} class=\"ai-collapse\"></${1:span}>$0",
        "description": "<span>",
        "prefix": "ai-collapse"
    },
    "ai-plus": {
        "body": "<${1:span} class=\"ai-plus\"></${1:span}>$0",
        "description": "<span>",
        "prefix": "ai-plus"
    },
    "ai-minus": {
        "body": "<${1:span} class=\"ai-minus\"></${1:span}>$0",
        "description": "<span>",
        "prefix": "ai-minus"
    },
    "ai-video": {
        "body": "<${1:span} class=\"ai-video\"></${1:span}>$0",
        "description": "<span>",
        "prefix": "ai-video"
    },
    "ai-camera": {
        "body": "<${1:span} class=\"ai-camera\"></${1:span}>$0",
        "description": "<span>",
        "prefix": "ai-camera"
    },
    "ai-ruler": {
        "body": "<${1:span} class=\"ai-ruler\"></${1:span}>$0",
        "description": "<span>",
        "prefix": "ai-ruler"
    },
    "ai-anchor": {
        "body": "<${1:span} class=\"ai-anchor\"></${1:span}>$0",
        "description": "<span>",
        "prefix": "ai-anchor"
    },
    "ai-contrast": {
        "body": "<${1:span} class=\"ai-contrast\"></${1:span}>$0",
        "description": "<span>",
        "prefix": "ai-contrast"
    },
    "ai-yingyang": {
        "body": "<${1:span} class=\"ai-yingyang\"></${1:span}>$0",
        "description": "<span>",
        "prefix": "ai-yingyang"
    },
    "ai-shield": {
        "body": "<${1:span} class=\"ai-shield\"></${1:span}>$0",
        "description": "<span>",
        "prefix": "ai-shield"
    },
    "ai-achievement": {
        "body": "<${1:span} class=\"ai-achievement\"></${1:span}>$0",
        "description": "<span>",
        "prefix": "ai-achievement"
    },
    "ai-arrow-right": {
        "body": "<${1:span} class=\"ai-arrow-right\"></${1:span}>$0",
        "description": "<span>",
        "prefix": "ai-arrow-right"
    },
    "ai-arrow-left": {
        "body": "<${1:span} class=\"ai-arrow-left\"></${1:span}>$0",
        "description": "<span>",
        "prefix": "ai-arrow-left"
    },
    "ai-search": {
        "body": "<${1:span} class=\"ai-search\"></${1:span}>$0",
        "description": "<span>",
        "prefix": "ai-search"
    },
    "ai-arrow-up": {
        "body": "<${1:span} class=\"ai-arrow-up\"></${1:span}>$0",
        "description": "<span>",
        "prefix": "ai-arrow-up"
    },
    "ai-arrow-down": {
        "body": "<${1:span} class=\"ai-arrow-down\"></${1:span}>$0",
        "description": "<span>",
        "prefix": "ai-arrow-down"
    },
    "ai-arrow-right-up": {
        "body": "<${1:span} class=\"ai-arrow-right-up\"></${1:span}>$0",
        "description": "<span>",
        "prefix": "ai-arrow-right-up"
    },
    "ai-arrow-left-up": {
        "body": "<${1:span} class=\"ai-arrow-left-up\"></${1:span}>$0",
        "description": "<span>",
        "prefix": "ai-arrow-left-up"
    },
    "ai-arrow-left-down": {
        "body": "<${1:span} class=\"ai-arrow-left-down\"></${1:span}>$0",
        "description": "<span>",
        "prefix": "ai-arrow-left-down"
    },
    "ai-arrow-right-down": {
        "body": "<${1:span} class=\"ai-arrow-right-down\"></${1:span}>$0",
        "description": "<span>",
        "prefix": "ai-arrow-right-down"
    },
    "ai-tick": {
        "body": "<${1:span} class=\"ai-tick\"></${1:span}>$0",
        "description": "<span>",
        "prefix": "ai-tick"
    },
    "ai-cancel": {
        "body": "<${1:span} class=\"ai-cancel\"></${1:span}>$0",
        "description": "<span>",
        "prefix": "ai-cancel"
    },
    "ai-bookmark": {
        "body": "<${1:span} class=\"ai-bookmark\"></${1:span}>$0",
        "description": "<span>",
        "prefix": "ai-bookmark"
    },
    "ai-lab": {
        "body": "<${1:span} class=\"ai-lab\"></${1:span}>$0",
        "description": "<span>",
        "prefix": "ai-lab"
    },
    "ai-wizard": {
        "body": "<${1:span} class=\"ai-wizard\"></${1:span}>$0",
        "description": "<span>",
        "prefix": "ai-wizard"
    },
    "ai-temperature": {
        "body": "<${1:span} class=\"ai-temperature\"></${1:span}>$0",
        "description": "<span>",
        "prefix": "ai-temperature"
    },
    "ai-grow": {
        "body": "<${1:span} class=\"ai-grow\"></${1:span}>$0",
        "description": "<span>",
        "prefix": "ai-grow"
    },
    "ai-ball": {
        "body": "<${1:span} class=\"ai-ball\"></${1:span}>$0",
        "description": "<span>",
        "prefix": "ai-ball"
    },
    "ai-steering-wheel": {
        "body": "<${1:span} class=\"ai-steering-wheel\"></${1:span}>$0",
        "description": "<span>",
        "prefix": "ai-steering-wheel"
    },
    "ai-signal": {
        "body": "<${1:span} class=\"ai-signal\"></${1:span}>$0",
        "description": "<span>",
        "prefix": "ai-signal"
    },
    "ai-pin": {
        "body": "<${1:span} class=\"ai-pin\"></${1:span}>$0",
        "description": "<span>",
        "prefix": "ai-pin"
    },
    "ai-glasses": {
        "body": "<${1:span} class=\"ai-glasses\"></${1:span}>$0",
        "description": "<span>",
        "prefix": "ai-glasses"
    },
    "ai-globe": {
        "body": "<${1:span} class=\"ai-globe\"></${1:span}>$0",
        "description": "<span>",
        "prefix": "ai-globe"
    },
    "ai-mail": {
        "body": "<${1:span} class=\"ai-mail\"></${1:span}>$0",
        "description": "<span>",
        "prefix": "ai-mail"
    },
    "ai-share-2": {
        "body": "<${1:span} class=\"ai-share-2\"></${1:span}>$0",
        "description": "<span>",
        "prefix": "ai-share-2"
    },
    "ai-phone": {
        "body": "<${1:span} class=\"ai-phone\"></${1:span}>$0",
        "description": "<span>",
        "prefix": "ai-phone"
    },
    "ai-laptop": {
        "body": "<${1:span} class=\"ai-laptop\"></${1:span}>$0",
        "description": "<span>",
        "prefix": "ai-laptop"
    },
    "ai-monitor": {
        "body": "<${1:span} class=\"ai-monitor\"></${1:span}>$0",
        "description": "<span>",
        "prefix": "ai-monitor"
    },
    "ai-tablet": {
        "body": "<${1:span} class=\"ai-tablet\"></${1:span}>$0",
        "description": "<span>",
        "prefix": "ai-tablet"
    },
    "ai-tv": {
        "body": "<${1:span} class=\"ai-tv\"></${1:span}>$0",
        "description": "<span>",
        "prefix": "ai-tv"
    },
    "ai-database": {
        "body": "<${1:span} class=\"ai-database\"></${1:span}>$0",
        "description": "<span>",
        "prefix": "ai-database"
    },
    "ai-puzzle": {
        "body": "<${1:span} class=\"ai-puzzle\"></${1:span}>$0",
        "description": "<span>",
        "prefix": "ai-puzzle"
    },
    "ai-reload": {
        "body": "<${1:span} class=\"ai-reload\"></${1:span}>$0",
        "description": "<span>",
        "prefix": "ai-reload"
    },
    "ai-attachment": {
        "body": "<${1:span} class=\"ai-attachment\"></${1:span}>$0",
        "description": "<span>",
        "prefix": "ai-attachment"
    },
    "ai-attachment-2": {
        "body": "<${1:span} class=\"ai-attachment-2\"></${1:span}>$0",
        "description": "<span>",
        "prefix": "ai-attachment-2"
    },
    "ai-trash": {
        "body": "<${1:span} class=\"ai-trash\"></${1:span}>$0",
        "description": "<span>",
        "prefix": "ai-trash"
    },
    "ai-upload": {
        "body": "<${1:span} class=\"ai-upload\"></${1:span}>$0",
        "description": "<span>",
        "prefix": "ai-upload"
    },
    "ai-download": {
        "body": "<${1:span} class=\"ai-download\"></${1:span}>$0",
        "description": "<span>",
        "prefix": "ai-download"
    },
    "ai-crop": {
        "body": "<${1:span} class=\"ai-crop\"></${1:span}>$0",
        "description": "<span>",
        "prefix": "ai-crop"
    },
    "ai-home": {
        "body": "<${1:span} class=\"ai-home\"></${1:span}>$0",
        "description": "<span>",
        "prefix": "ai-home"
    },
    "ai-inbox": {
        "body": "<${1:span} class=\"ai-inbox\"></${1:span}>$0",
        "description": "<span>",
        "prefix": "ai-inbox"
    },
    "ai-drop": {
        "body": "<${1:span} class=\"ai-drop\"></${1:span}>$0",
        "description": "<span>",
        "prefix": "ai-drop"
    },
    "ai-help": {
        "body": "<${1:span} class=\"ai-help\"></${1:span}>$0",
        "description": "<span>",
        "prefix": "ai-help"
    },
    "ai-info": {
        "body": "<${1:span} class=\"ai-info\"></${1:span}>$0",
        "description": "<span>",
        "prefix": "ai-info"
    },
    "ai-plusone": {
        "body": "<${1:span} class=\"ai-plusone\"></${1:span}>$0",
        "description": "<span>",
        "prefix": "ai-plusone"
    },
    "ai-undo": {
        "body": "<${1:span} class=\"ai-undo\"></${1:span}>$0",
        "description": "<span>",
        "prefix": "ai-undo"
    },
    "ai-redo": {
        "body": "<${1:span} class=\"ai-redo\"></${1:span}>$0",
        "description": "<span>",
        "prefix": "ai-redo"
    },
    "ai-sort-1": {
        "body": "<${1:span} class=\"ai-sort-1\"></${1:span}>$0",
        "description": "<span>",
        "prefix": "ai-sort-1"
    },
    "ai-sort-2": {
        "body": "<${1:span} class=\"ai-sort-2\"></${1:span}>$0",
        "description": "<span>",
        "prefix": "ai-sort-2"
    },
    "ai-document": {
        "body": "<${1:span} class=\"ai-document\"></${1:span}>$0",
        "description": "<span>",
        "prefix": "ai-document"
    },
    "ai-picture": {
        "body": "<${1:span} class=\"ai-picture\"></${1:span}>$0",
        "description": "<span>",
        "prefix": "ai-picture"
    },
    "ai-movie": {
        "body": "<${1:span} class=\"ai-movie\"></${1:span}>$0",
        "description": "<span>",
        "prefix": "ai-movie"
    },
    "ai-bulb": {
        "body": "<${1:span} class=\"ai-bulb\"></${1:span}>$0",
        "description": "<span>",
        "prefix": "ai-bulb"
    },
    "ai-news": {
        "body": "<${1:span} class=\"ai-news\"></${1:span}>$0",
        "description": "<span>",
        "prefix": "ai-news"
    },
    "ai-line-chart": {
        "body": "<${1:span} class=\"ai-line-chart\"></${1:span}>$0",
        "description": "<span>",
        "prefix": "ai-line-chart"
    },
    "ai-calculator": {
        "body": "<${1:span} class=\"ai-calculator\"></${1:span}>$0",
        "description": "<span>",
        "prefix": "ai-calculator"
    },
    "ai-stamp": {
        "body": "<${1:span} class=\"ai-stamp\"></${1:span}>$0",
        "description": "<span>",
        "prefix": "ai-stamp"
    },
    "ai-turn-left": {
        "body": "<${1:span} class=\"ai-turn-left\"></${1:span}>$0",
        "description": "<span>",
        "prefix": "ai-turn-left"
    },
    "ai-turn-right": {
        "body": "<${1:span} class=\"ai-turn-right\"></${1:span}>$0",
        "description": "<span>",
        "prefix": "ai-turn-right"
    },
    "ai-map": {
        "body": "<${1:span} class=\"ai-map\"></${1:span}>$0",
        "description": "<span>",
        "prefix": "ai-map"
    },
    "ai-location": {
        "body": "<${1:span} class=\"ai-location\"></${1:span}>$0",
        "description": "<span>",
        "prefix": "ai-location"
    },
    "ai-armchair": {
        "body": "<${1:span} class=\"ai-armchair\"></${1:span}>$0",
        "description": "<span>",
        "prefix": "ai-armchair"
    },
    "ai-exit": {
        "body": "<${1:span} class=\"ai-exit\"></${1:span}>$0",
        "description": "<span>",
        "prefix": "ai-exit"
    },
    "ai-picker": {
        "body": "<${1:span} class=\"ai-picker\"></${1:span}>$0",
        "description": "<span>",
        "prefix": "ai-picker"
    },
    "ai-brush": {
        "body": "<${1:span} class=\"ai-brush\"></${1:span}>$0",
        "description": "<span>",
        "prefix": "ai-brush"
    },
    "ai-bug": {
        "body": "<${1:span} class=\"ai-bug\"></${1:span}>$0",
        "description": "<span>",
        "prefix": "ai-bug"
    },
    "ai-creditcard": {
        "body": "<${1:span} class=\"ai-creditcard\"></${1:span}>$0",
        "description": "<span>",
        "prefix": "ai-creditcard"
    },
    "ai-bargraph": {
        "body": "<${1:span} class=\"ai-bargraph\"></${1:span}>$0",
        "description": "<span>",
        "prefix": "ai-bargraph"
    },
    "ai-share": {
        "body": "<${1:span} class=\"ai-share\"></${1:span}>$0",
        "description": "<span>",
        "prefix": "ai-share"
    },
    "ai-link": {
        "body": "<${1:span} class=\"ai-link\"></${1:span}>$0",
        "description": "<span>",
        "prefix": "ai-link"
    },
    "ai-tag": {
        "body": "<${1:span} class=\"ai-tag\"></${1:span}>$0",
        "description": "<span>",
        "prefix": "ai-tag"
    },
    "ai-tags": {
        "body": "<${1:span} class=\"ai-tags\"></${1:span}>$0",
        "description": "<span>",
        "prefix": "ai-tags"
    },
    "ai-copy": {
        "body": "<${1:span} class=\"ai-copy\"></${1:span}>$0",
        "description": "<span>",
        "prefix": "ai-copy"
    },
    "ai-cut": {
        "body": "<${1:span} class=\"ai-cut\"></${1:span}>$0",
        "description": "<span>",
        "prefix": "ai-cut"
    },
    "ai-paste": {
        "body": "<${1:span} class=\"ai-paste\"></${1:span}>$0",
        "description": "<span>",
        "prefix": "ai-paste"
    },
    "ai-filter": {
        "body": "<${1:span} class=\"ai-filter\"></${1:span}>$0",
        "description": "<span>",
        "prefix": "ai-filter"
    },
    "ai-volume": {
        "body": "<${1:span} class=\"ai-volume\"></${1:span}>$0",
        "description": "<span>",
        "prefix": "ai-volume"
    },
    "ai-volume-mute": {
        "body": "<${1:span} class=\"ai-volume-mute\"></${1:span}>$0",
        "description": "<span>",
        "prefix": "ai-volume-mute"
    },
    "ai-volume-up": {
        "body": "<${1:span} class=\"ai-volume-up\"></${1:span}>$0",
        "description": "<span>",
        "prefix": "ai-volume-up"
    },
    "ai-volume-down": {
        "body": "<${1:span} class=\"ai-volume-down\"></${1:span}>$0",
        "description": "<span>",
        "prefix": "ai-volume-down"
    },
    "ai-halt": {
        "body": "<${1:span} class=\"ai-halt\"></${1:span}>$0",
        "description": "<span>",
        "prefix": "ai-halt"
    },
    "ai-power": {
        "body": "<${1:span} class=\"ai-power\"></${1:span}>$0",
        "description": "<span>",
        "prefix": "ai-power"
    },
    "ai-blob": {
        "body": "<${1:span} class=\"ai-blob\"></${1:span}>$0",
        "description": "<span>",
        "prefix": "ai-blob"
    },
    "ai-mic": {
        "body": "<${1:span} class=\"ai-mic\"></${1:span}>$0",
        "description": "<span>",
        "prefix": "ai-mic"
    },
    "ai-micoff": {
        "body": "<${1:span} class=\"ai-micoff\"></${1:span}>$0",
        "description": "<span>",
        "prefix": "ai-micoff"
    },
    "ai-warning": {
        "body": "<${1:span} class=\"ai-warning\"></${1:span}>$0",
        "description": "<span>",
        "prefix": "ai-warning"
    },
    "ai-joypad": {
        "body": "<${1:span} class=\"ai-joypad\"></${1:span}>$0",
        "description": "<span>",
        "prefix": "ai-joypad"
    },
    "ai-import": {
        "body": "<${1:span} class=\"ai-import\"></${1:span}>$0",
        "description": "<span>",
        "prefix": "ai-import"
    },
    "ai-export": {
        "body": "<${1:span} class=\"ai-export\"></${1:span}>$0",
        "description": "<span>",
        "prefix": "ai-export"
    },
    "ai-present": {
        "body": "<${1:span} class=\"ai-present\"></${1:span}>$0",
        "description": "<span>",
        "prefix": "ai-present"
    },
    "ai-playback-play": {
        "body": "<${1:span} class=\"ai-playback-play\"></${1:span}>$0",
        "description": "<span>",
        "prefix": "ai-playback-play"
    },
    "ai-playback-pause": {
        "body": "<${1:span} class=\"ai-playback-pause\"></${1:span}>$0",
        "description": "<span>",
        "prefix": "ai-playback-pause"
    },
    "ai-playback-stop": {
        "body": "<${1:span} class=\"ai-playback-stop\"></${1:span}>$0",
        "description": "<span>",
        "prefix": "ai-playback-stop"
    },
    "ai-playback-rew": {
        "body": "<${1:span} class=\"ai-playback-rew\"></${1:span}>$0",
        "description": "<span>",
        "prefix": "ai-playback-rew"
    },
    "ai-playback-prev": {
        "body": "<${1:span} class=\"ai-playback-prev\"></${1:span}>$0",
        "description": "<span>",
        "prefix": "ai-playback-prev"
    },
    "ai-playback-forw": {
        "body": "<${1:span} class=\"ai-playback-forw\"></${1:span}>$0",
        "description": "<span>",
        "prefix": "ai-playback-forw"
    },
    "ai-playback-next": {
        "body": "<${1:span} class=\"ai-playback-next\"></${1:span}>$0",
        "description": "<span>",
        "prefix": "ai-playback-next"
    },
    "ai-playback-shuffle": {
        "body": "<${1:span} class=\"ai-playback-shuffle\"></${1:span}>$0",
        "description": "<span>",
        "prefix": "ai-playback-shuffle"
    },
    "ai-playback-repeat": {
        "body": "<${1:span} class=\"ai-playback-repeat\"></${1:span}>$0",
        "description": "<span>",
        "prefix": "ai-playback-repeat"
    },
    "ai-playback-repeat-1": {
        "body": "<${1:span} class=\"ai-playback-repeat-1\"></${1:span}>$0",
        "description": "<span>",
        "prefix": "ai-playback-repeat-1"
    },
    "ai-more": {
        "body": "<${1:span} class=\"ai-more\"></${1:span}>$0",
        "description": "<span>",
        "prefix": "ai-more"
    },
    "ai-goright": {
        "body": "<${1:span} class=\"ai-goright\"></${1:span}>$0",
        "description": "<span>",
        "prefix": "ai-goright"
    },
    "ai-goleft": {
        "body": "<${1:span} class=\"ai-goleft\"></${1:span}>$0",
        "description": "<span>",
        "prefix": "ai-goleft"
    },
    "ai-like": {
        "body": "<${1:span} class=\"ai-like\"></${1:span}>$0",
        "description": "<span>",
        "prefix": "ai-like"
    },
    "ai-dontlike": {
        "body": "<${1:span} class=\"ai-dontlike\"></${1:span}>$0",
        "description": "<span>",
        "prefix": "ai-dontlike"
    },
    "ai-planet": {
        "body": "<${1:span} class=\"ai-planet\"></${1:span}>$0",
        "description": "<span>",
        "prefix": "ai-planet"
    },
    "ai-knight": {
        "body": "<${1:span} class=\"ai-knight\"></${1:span}>$0",
        "description": "<span>",
        "prefix": "ai-knight"
    },
    "ai-flags": {
        "body": "<${1:span} class=\"ai-flags\"></${1:span}>$0",
        "description": "<span>",
        "prefix": "ai-flags"
    },
    "ai-coffee": {
        "body": "<${1:span} class=\"ai-coffee\"></${1:span}>$0",
        "description": "<span>",
        "prefix": "ai-coffee"
    },
    "ai-coffee2go": {
        "body": "<${1:span} class=\"ai-coffee2go\"></${1:span}>$0",
        "description": "<span>",
        "prefix": "ai-coffee2go"
    },
    "ai-guitar": {
        "body": "<${1:span} class=\"ai-guitar\"></${1:span}>$0",
        "description": "<span>",
        "prefix": "ai-guitar"
    },
    "ai-record": {
        "body": "<${1:span} class=\"ai-record\"></${1:span}>$0",
        "description": "<span>",
        "prefix": "ai-record"
    },
    "ai-basket": {
        "body": "<${1:span} class=\"ai-basket\"></${1:span}>$0",
        "description": "<span>",
        "prefix": "ai-basket"
    },
    "ai-sms": {
        "body": "<${1:span} class=\"ai-sms\"></${1:span}>$0",
        "description": "<span>",
        "prefix": "ai-sms"
    },
    "ai-bluetooth": {
        "body": "<${1:span} class=\"ai-bluetooth\"></${1:span}>$0",
        "description": "<span>",
        "prefix": "ai-bluetooth"
    },
    "ai-restaurant": {
        "body": "<${1:span} class=\"ai-restaurant\"></${1:span}>$0",
        "description": "<span>",
        "prefix": "ai-restaurant"
    },
    "ai-tshirt": {
        "body": "<${1:span} class=\"ai-tshirt\"></${1:span}>$0",
        "description": "<span>",
        "prefix": "ai-tshirt"
    },
    "ai-ticket": {
        "body": "<${1:span} class=\"ai-ticket\"></${1:span}>$0",
        "description": "<span>",
        "prefix": "ai-ticket"
    },
    "ai-rocket": {
        "body": "<${1:span} class=\"ai-rocket\"></${1:span}>$0",
        "description": "<span>",
        "prefix": "ai-rocket"
    },
    "ai-book": {
        "body": "<${1:span} class=\"ai-book\"></${1:span}>$0",
        "description": "<span>",
        "prefix": "ai-book"
    },
    "ai-lock-closed": {
        "body": "<${1:span} class=\"ai-lock-closed\"></${1:span}>$0",
        "description": "<span>",
        "prefix": "ai-lock-closed"
    },
    "ai-lock-open": {
        "body": "<${1:span} class=\"ai-lock-open\"></${1:span}>$0",
        "description": "<span>",
        "prefix": "ai-lock-open"
    },
    "ai-key": {
        "body": "<${1:span} class=\"ai-key\"></${1:span}>$0",
        "description": "<span>",
        "prefix": "ai-key"
    },
    "ai-wifi": {
        "body": "<${1:span} class=\"ai-wifi\"></${1:span}>$0",
        "description": "<span>",
        "prefix": "ai-wifi"
    },
    "ai-bars": {
        "body": "<${1:span} class=\"ai-bars\"></${1:span}>$0",
        "description": "<span>",
        "prefix": "ai-bars"
    },
    "ai-list": {
        "body": "<${1:span} class=\"ai-list\"></${1:span}>$0",
        "description": "<span>",
        "prefix": "ai-list"
    },
    "ai-list-2": {
        "body": "<${1:span} class=\"ai-list-2\"></${1:span}>$0",
        "description": "<span>",
        "prefix": "ai-list-2"
    },
    "ai-eye-open": {
        "body": "<${1:span} class=\"ai-eye-open\"></${1:span}>$0",
        "description": "<span>",
        "prefix": "ai-eye-open"
    },
    "ai-save": {
        "body": "<${1:span} class=\"ai-save\"></${1:span}>$0",
        "description": "<span>",
        "prefix": "ai-save"
    },
    "ai-drag": {
        "body": "<${1:span} class=\"ai-drag\"></${1:span}>$0",
        "description": "<span>",
        "prefix": "ai-drag"
    },
    "ai-cart": {
        "body": "<${1:span} class=\"ai-cart\"></${1:span}>$0",
        "description": "<span>",
        "prefix": "ai-cart"
    },
    "ai-box": {
        "body": "<${1:span} class=\"ai-box\"></${1:span}>$0",
        "description": "<span>",
        "prefix": "ai-box"
    },
    "ai-mouse": {
        "body": "<${1:span} class=\"ai-mouse\"></${1:span}>$0",
        "description": "<span>",
        "prefix": "ai-mouse"
    },
    "ai-plug": {
        "body": "<${1:span} class=\"ai-plug\"></${1:span}>$0",
        "description": "<span>",
        "prefix": "ai-plug"
    },
    "ai-compass": {
        "body": "<${1:span} class=\"ai-compass\"></${1:span}>$0",
        "description": "<span>",
        "prefix": "ai-compass"
    },
    "ai-bike": {
        "body": "<${1:span} class=\"ai-bike\"></${1:span}>$0",
        "description": "<span>",
        "prefix": "ai-bike"
    },
    "ai-bus": {
        "body": "<${1:span} class=\"ai-bus\"></${1:span}>$0",
        "description": "<span>",
        "prefix": "ai-bus"
    },
    "ai-train": {
        "body": "<${1:span} class=\"ai-train\"></${1:span}>$0",
        "description": "<span>",
        "prefix": "ai-train"
    },
    "ai-car": {
        "body": "<${1:span} class=\"ai-car\"></${1:span}>$0",
        "description": "<span>",
        "prefix": "ai-car"
    },
    "ai-dice1": {
        "body": "<${1:span} class=\"ai-dice1\"></${1:span}>$0",
        "description": "<span>",
        "prefix": "ai-dice1"
    },
    "ai-dice2": {
        "body": "<${1:span} class=\"ai-dice2\"></${1:span}>$0",
        "description": "<span>",
        "prefix": "ai-dice2"
    },
    "ai-dice3": {
        "body": "<${1:span} class=\"ai-dice3\"></${1:span}>$0",
        "description": "<span>",
        "prefix": "ai-dice3"
    },
    "ai-dice4": {
        "body": "<${1:span} class=\"ai-dice4\"></${1:span}>$0",
        "description": "<span>",
        "prefix": "ai-dice4"
    },
    "ai-dice5": {
        "body": "<${1:span} class=\"ai-dice5\"></${1:span}>$0",
        "description": "<span>",
        "prefix": "ai-dice5"
    },
    "ai-dice6": {
        "body": "<${1:span} class=\"ai-dice6\"></${1:span}>$0",
        "description": "<span>",
        "prefix": "ai-dice6"
    },
    "ai-pill": {
        "body": "<${1:span} class=\"ai-pill\"></${1:span}>$0",
        "description": "<span>",
        "prefix": "ai-pill"
    },
    "ai-mustache": {
        "body": "<${1:span} class=\"ai-mustache\"></${1:span}>$0",
        "description": "<span>",
        "prefix": "ai-mustache"
    },
    "ai-font-bigger": {
        "body": "<${1:span} class=\"ai-font-bigger\"></${1:span}>$0",
        "description": "<span>",
        "prefix": "ai-font-bigger"
    },
    "ai-font-smaller": {
        "body": "<${1:span} class=\"ai-font-smaller\"></${1:span}>$0",
        "description": "<span>",
        "prefix": "ai-font-smaller"
    },
    "ai-font-bold": {
        "body": "<${1:span} class=\"ai-font-bold\"></${1:span}>$0",
        "description": "<span>",
        "prefix": "ai-font-bold"
    },
    "ai-font-underline": {
        "body": "<${1:span} class=\"ai-font-underline\"></${1:span}>$0",
        "description": "<span>",
        "prefix": "ai-font-underline"
    },
    "ai-font-faces": {
        "body": "<${1:span} class=\"ai-font-faces\"></${1:span}>$0",
        "description": "<span>",
        "prefix": "ai-font-faces"
    },
    "ai-balloon": {
        "body": "<${1:span} class=\"ai-balloon\"></${1:span}>$0",
        "description": "<span>",
        "prefix": "ai-balloon"
    },
    "ai-process-end": {
        "body": "<${1:span} class=\"ai-process-end\"></${1:span}>$0",
        "description": "<span>",
        "prefix": "ai-process-end"
    },
    "ai-process-save": {
        "body": "<${1:span} class=\"ai-process-save\"></${1:span}>$0",
        "description": "<span>",
        "prefix": "ai-process-save"
    },
    "ai-process-start": {
        "body": "<${1:span} class=\"ai-process-start\"></${1:span}>$0",
        "description": "<span>",
        "prefix": "ai-process-start"
    },
    "ai-alarm": {
        "body": "<${1:span} class=\"ai-alarm\"></${1:span}>$0",
        "description": "<span>",
        "prefix": "ai-alarm"
    },
    "ai-eye-closed": {
        "body": "<${1:span} class=\"ai-eye-closed\"></${1:span}>$0",
        "description": "<span>",
        "prefix": "ai-eye-closed"
    },
    "ai-font-italic": {
        "body": "<${1:span} class=\"ai-font-italic\"></${1:span}>$0",
        "description": "<span>",
        "prefix": "ai-font-italic"
    },
    "ai-location-2": {
        "body": "<${1:span} class=\"ai-location-2\"></${1:span}>$0",
        "description": "<span>",
        "prefix": "ai-location-2"
    },
    "ai-edit": {
        "body": "<${1:span} class=\"ai-edit\"></${1:span}>$0",
        "description": "<span>",
        "prefix": "ai-edit"
    },
    "ai-emo-basic": {
        "body": "<${1:span} class=\"ai-emo-basic\"></${1:span}>$0",
        "description": "<span>",
        "prefix": "ai-emo-basic"
    },
    "ai-emo-cool": {
        "body": "<${1:span} class=\"ai-emo-cool\"></${1:span}>$0",
        "description": "<span>",
        "prefix": "ai-emo-cool"
    },
    "ai-emo-wonder": {
        "body": "<${1:span} class=\"ai-emo-wonder\"></${1:span}>$0",
        "description": "<span>",
        "prefix": "ai-emo-wonder"
    },
    "ai-emo-shame": {
        "body": "<${1:span} class=\"ai-emo-shame\"></${1:span}>$0",
        "description": "<span>",
        "prefix": "ai-emo-shame"
    },
    "ai-emo-laugh": {
        "body": "<${1:span} class=\"ai-emo-laugh\"></${1:span}>$0",
        "description": "<span>",
        "prefix": "ai-emo-laugh"
    },
    "ai-emo-angry": {
        "body": "<${1:span} class=\"ai-emo-angry\"></${1:span}>$0",
        "description": "<span>",
        "prefix": "ai-emo-angry"
    },
    "ai-emo-tongue": {
        "body": "<${1:span} class=\"ai-emo-tongue\"></${1:span}>$0",
        "description": "<span>",
        "prefix": "ai-emo-tongue"
    },
    "ai-emo-err": {
        "body": "<${1:span} class=\"ai-emo-err\"></${1:span}>$0",
        "description": "<span>",
        "prefix": "ai-emo-err"
    },
    "ai-emo-kiss": {
        "body": "<${1:span} class=\"ai-emo-kiss\"></${1:span}>$0",
        "description": "<span>",
        "prefix": "ai-emo-kiss"
    },
    "ai-emo-cry": {
        "body": "<${1:span} class=\"ai-emo-cry\"></${1:span}>$0",
        "description": "<span>",
        "prefix": "ai-emo-cry"
    },
    "ai-emo-wink": {
        "body": "<${1:span} class=\"ai-emo-wink\"></${1:span}>$0",
        "description": "<span>",
        "prefix": "ai-emo-wink"
    },
    "ai-emo-evil": {
        "body": "<${1:span} class=\"ai-emo-evil\"></${1:span}>$0",
        "description": "<span>",
        "prefix": "ai-emo-evil"
    },
    "ai-amazon": {
        "body": "<${1:span} class=\"ai-amazon\"></${1:span}>$0",
        "description": "<span>",
        "prefix": "ai-amazon"
    },
    "ai-html5": {
        "body": "<${1:span} class=\"ai-html5\"></${1:span}>$0",
        "description": "<span>",
        "prefix": "ai-html5"
    },
    "ai-dropbox": {
        "body": "<${1:span} class=\"ai-dropbox\"></${1:span}>$0",
        "description": "<span>",
        "prefix": "ai-dropbox"
    },
    "ai-facebook": {
        "body": "<${1:span} class=\"ai-facebook\"></${1:span}>$0",
        "description": "<span>",
        "prefix": "ai-facebook"
    },
    "ai-github": {
        "body": "<${1:span} class=\"ai-github\"></${1:span}>$0",
        "description": "<span>",
        "prefix": "ai-github"
    },
    "ai-gmail": {
        "body": "<${1:span} class=\"ai-gmail\"></${1:span}>$0",
        "description": "<span>",
        "prefix": "ai-gmail"
    },
    "ai-gplay": {
        "body": "<${1:span} class=\"ai-gplay\"></${1:span}>$0",
        "description": "<span>",
        "prefix": "ai-gplay"
    },
    "ai-pinterest": {
        "body": "<${1:span} class=\"ai-pinterest\"></${1:span}>$0",
        "description": "<span>",
        "prefix": "ai-pinterest"
    },
    "ai-soundcloud": {
        "body": "<${1:span} class=\"ai-soundcloud\"></${1:span}>$0",
        "description": "<span>",
        "prefix": "ai-soundcloud"
    },
    "ai-gcircles": {
        "body": "<${1:span} class=\"ai-gcircles\"></${1:span}>$0",
        "description": "<span>",
        "prefix": "ai-gcircles"
    },
    "ai-vimeo": {
        "body": "<${1:span} class=\"ai-vimeo\"></${1:span}>$0",
        "description": "<span>",
        "prefix": "ai-vimeo"
    },
    "ai-youtube": {
        "body": "<${1:span} class=\"ai-youtube\"></${1:span}>$0",
        "description": "<span>",
        "prefix": "ai-youtube"
    },
    "ai-foursquare": {
        "body": "<${1:span} class=\"ai-foursquare\"></${1:span}>$0",
        "description": "<span>",
        "prefix": "ai-foursquare"
    },
    "ai-gplus": {
        "body": "<${1:span} class=\"ai-gplus\"></${1:span}>$0",
        "description": "<span>",
        "prefix": "ai-gplus"
    },
    "ai-linkedin": {
        "body": "<${1:span} class=\"ai-linkedin\"></${1:span}>$0",
        "description": "<span>",
        "prefix": "ai-linkedin"
    },
    "ai-paypal": {
        "body": "<${1:span} class=\"ai-paypal\"></${1:span}>$0",
        "description": "<span>",
        "prefix": "ai-paypal"
    },
    "ai-stumbleupon": {
        "body": "<${1:span} class=\"ai-stumbleupon\"></${1:span}>$0",
        "description": "<span>",
        "prefix": "ai-stumbleupon"
    },
    "ai-tumblr": {
        "body": "<${1:span} class=\"ai-tumblr\"></${1:span}>$0",
        "description": "<span>",
        "prefix": "ai-tumblr"
    },
    "ai-twitter": {
        "body": "<${1:span} class=\"ai-twitter\"></${1:span}>$0",
        "description": "<span>",
        "prefix": "ai-twitter"
    },
    "ai-gear": {
        "body": "<${1:span} class=\"ai-gear\"></${1:span}>$0",
        "description": "<span>",
        "prefix": "ai-gear"
    }
}