{
    "devicons-git": {
        "body": "<${1:i} class=\"devicons devicons-git\"></${1:i}>$0",
        "description": "<i>",
        "prefix": "devicons-git"
    },
    "devicons-git_compare": {
        "body": "<${1:i} class=\"devicons devicons-git_compare\"></${1:i}>$0",
        "description": "<i>",
        "prefix": "devicons-git_compare"
    },
    "devicons-git_branch": {
        "body": "<${1:i} class=\"devicons devicons-git_branch\"></${1:i}>$0",
        "description": "<i>",
        "prefix": "devicons-git_branch"
    },
    "devicons-git_commit": {
        "body": "<${1:i} class=\"devicons devicons-git_commit\"></${1:i}>$0",
        "description": "<i>",
        "prefix": "devicons-git_commit"
    },
    "devicons-git_pull_request": {
        "body": "<${1:i} class=\"devicons devicons-git_pull_request\"></${1:i}>$0",
        "description": "<i>",
        "prefix": "devicons-git_pull_request"
    },
    "devicons-git_merge": {
        "body": "<${1:i} class=\"devicons devicons-git_merge\"></${1:i}>$0",
        "description": "<i>",
        "prefix": "devicons-git_merge"
    },
    "devicons-bitbucket": {
        "body": "<${1:i} class=\"devicons devicons-bitbucket\"></${1:i}>$0",
        "description": "<i>",
        "prefix": "devicons-bitbucket"
    },
    "devicons-github_alt": {
        "body": "<${1:i} class=\"devicons devicons-github_alt\"></${1:i}>$0",
        "description": "<i>",
        "prefix": "devicons-github_alt"
    },
    "devicons-github_badge": {
        "body": "<${1:i} class=\"devicons devicons-github_badge\"></${1:i}>$0",
        "description": "<i>",
        "prefix": "devicons-github_badge"
    },
    "devicons-github": {
        "body": "<${1:i} class=\"devicons devicons-github\"></${1:i}>$0",
        "description": "<i>",
        "prefix": "devicons-github"
    },
    "devicons-github_full": {
        "body": "<${1:i} class=\"devicons devicons-github_full\"></${1:i}>$0",
        "description": "<i>",
        "prefix": "devicons-github_full"
    },
    "devicons-java": {
        "body": "<${1:i} class=\"devicons devicons-java\"></${1:i}>$0",
        "description": "<i>",
        "prefix": "devicons-java"
    },
    "devicons-ruby": {
        "body": "<${1:i} class=\"devicons devicons-ruby\"></${1:i}>$0",
        "description": "<i>",
        "prefix": "devicons-ruby"
    },
    "devicons-scala": {
        "body": "<${1:i} class=\"devicons devicons-scala\"></${1:i}>$0",
        "description": "<i>",
        "prefix": "devicons-scala"
    },
    "devicons-python": {
        "body": "<${1:i} class=\"devicons devicons-python\"></${1:i}>$0",
        "description": "<i>",
        "prefix": "devicons-python"
    },
    "devicons-go": {
        "body": "<${1:i} class=\"devicons devicons-go\"></${1:i}>$0",
        "description": "<i>",
        "prefix": "devicons-go"
    },
    "devicons-ruby_on_rails": {
        "body": "<${1:i} class=\"devicons devicons-ruby_on_rails\"></${1:i}>$0",
        "description": "<i>",
        "prefix": "devicons-ruby_on_rails"
    },
    "devicons-django": {
        "body": "<${1:i} class=\"devicons devicons-django\"></${1:i}>$0",
        "description": "<i>",
        "prefix": "devicons-django"
    },
    "devicons-markdown": {
        "body": "<${1:i} class=\"devicons devicons-markdown\"></${1:i}>$0",
        "description": "<i>",
        "prefix": "devicons-markdown"
    },
    "devicons-php": {
        "body": "<${1:i} class=\"devicons devicons-php\"></${1:i}>$0",
        "description": "<i>",
        "prefix": "devicons-php"
    },
    "devicons-mysql": {
        "body": "<${1:i} class=\"devicons devicons-mysql\"></${1:i}>$0",
        "description": "<i>",
        "prefix": "devicons-mysql"
    },
    "devicons-streamline": {
        "body": "<${1:i} class=\"devicons devicons-streamline\"></${1:i}>$0",
        "description": "<i>",
        "prefix": "devicons-streamline"
    },
    "devicons-database": {
        "body": "<${1:i} class=\"devicons devicons-database\"></${1:i}>$0",
        "description": "<i>",
        "prefix": "devicons-database"
    },
    "devicons-laravel": {
        "body": "<${1:i} class=\"devicons devicons-laravel\"></${1:i}>$0",
        "description": "<i>",
        "prefix": "devicons-laravel"
    },
    "devicons-javascript": {
        "body": "<${1:i} class=\"devicons devicons-javascript\"></${1:i}>$0",
        "description": "<i>",
        "prefix": "devicons-javascript"
    },
    "devicons-angular": {
        "body": "<${1:i} class=\"devicons devicons-angular\"></${1:i}>$0",
        "description": "<i>",
        "prefix": "devicons-angular"
    },
    "devicons-backbone": {
        "body": "<${1:i} class=\"devicons devicons-backbone\"></${1:i}>$0",
        "description": "<i>",
        "prefix": "devicons-backbone"
    },
    "devicons-coffeescript": {
        "body": "<${1:i} class=\"devicons devicons-coffeescript\"></${1:i}>$0",
        "description": "<i>",
        "prefix": "devicons-coffeescript"
    },
    "devicons-jquery": {
        "body": "<${1:i} class=\"devicons devicons-jquery\"></${1:i}>$0",
        "description": "<i>",
        "prefix": "devicons-jquery"
    },
    "devicons-modernizr": {
        "body": "<${1:i} class=\"devicons devicons-modernizr\"></${1:i}>$0",
        "description": "<i>",
        "prefix": "devicons-modernizr"
    },
    "devicons-jquery_ui": {
        "body": "<${1:i} class=\"devicons devicons-jquery_ui\"></${1:i}>$0",
        "description": "<i>",
        "prefix": "devicons-jquery_ui"
    },
    "devicons-ember": {
        "body": "<${1:i} class=\"devicons devicons-ember\"></${1:i}>$0",
        "description": "<i>",
        "prefix": "devicons-ember"
    },
    "devicons-dojo": {
        "body": "<${1:i} class=\"devicons devicons-dojo\"></${1:i}>$0",
        "description": "<i>",
        "prefix": "devicons-dojo"
    },
    "devicons-nodejs": {
        "body": "<${1:i} class=\"devicons devicons-nodejs\"></${1:i}>$0",
        "description": "<i>",
        "prefix": "devicons-nodejs"
    },
    "devicons-nodejs_small": {
        "body": "<${1:i} class=\"devicons devicons-nodejs_small\"></${1:i}>$0",
        "description": "<i>",
        "prefix": "devicons-nodejs_small"
    },
    "devicons-javascript_shield": {
        "body": "<${1:i} class=\"devicons devicons-javascript_shield\"></${1:i}>$0",
        "description": "<i>",
        "prefix": "devicons-javascript_shield"
    },
    "devicons-bootstrap": {
        "body": "<${1:i} class=\"devicons devicons-bootstrap\"></${1:i}>$0",
        "description": "<i>",
        "prefix": "devicons-bootstrap"
    },
    "devicons-sass": {
        "body": "<${1:i} class=\"devicons devicons-sass\"></${1:i}>$0",
        "description": "<i>",
        "prefix": "devicons-sass"
    },
    "devicons-css3_full": {
        "body": "<${1:i} class=\"devicons devicons-css3_full\"></${1:i}>$0",
        "description": "<i>",
        "prefix": "devicons-css3_full"
    },
    "devicons-css3": {
        "body": "<${1:i} class=\"devicons devicons-css3\"></${1:i}>$0",
        "description": "<i>",
        "prefix": "devicons-css3"
    },
    "devicons-html5": {
        "body": "<${1:i} class=\"devicons devicons-html5\"></${1:i}>$0",
        "description": "<i>",
        "prefix": "devicons-html5"
    },
    "devicons-html5_multimedia": {
        "body": "<${1:i} class=\"devicons devicons-html5_multimedia\"></${1:i}>$0",
        "description": "<i>",
        "prefix": "devicons-html5_multimedia"
    },
    "devicons-html5_device_access": {
        "body": "<${1:i} class=\"devicons devicons-html5_device_access\"></${1:i}>$0",
        "description": "<i>",
        "prefix": "devicons-html5_device_access"
    },
    "devicons-html5_3d_effects": {
        "body": "<${1:i} class=\"devicons devicons-html5_3d_effects\"></${1:i}>$0",
        "description": "<i>",
        "prefix": "devicons-html5_3d_effects"
    },
    "devicons-html5_connectivity": {
        "body": "<${1:i} class=\"devicons devicons-html5_connectivity\"></${1:i}>$0",
        "description": "<i>",
        "prefix": "devicons-html5_connectivity"
    },
    "devicons-ghost_small": {
        "body": "<${1:i} class=\"devicons devicons-ghost_small\"></${1:i}>$0",
        "description": "<i>",
        "prefix": "devicons-ghost_small"
    },
    "devicons-ghost": {
        "body": "<${1:i} class=\"devicons devicons-ghost\"></${1:i}>$0",
        "description": "<i>",
        "prefix": "devicons-ghost"
    },
    "devicons-magento": {
        "body": "<${1:i} class=\"devicons devicons-magento\"></${1:i}>$0",
        "description": "<i>",
        "prefix": "devicons-magento"
    },
    "devicons-joomla": {
        "body": "<${1:i} class=\"devicons devicons-joomla\"></${1:i}>$0",
        "description": "<i>",
        "prefix": "devicons-joomla"
    },
    "devicons-jekyll_small": {
        "body": "<${1:i} class=\"devicons devicons-jekyll_small\"></${1:i}>$0",
        "description": "<i>",
        "prefix": "devicons-jekyll_small"
    },
    "devicons-drupal": {
        "body": "<${1:i} class=\"devicons devicons-drupal\"></${1:i}>$0",
        "description": "<i>",
        "prefix": "devicons-drupal"
    },
    "devicons-wordpress": {
        "body": "<${1:i} class=\"devicons devicons-wordpress\"></${1:i}>$0",
        "description": "<i>",
        "prefix": "devicons-wordpress"
    },
    "devicons-grunt": {
        "body": "<${1:i} class=\"devicons devicons-grunt\"></${1:i}>$0",
        "description": "<i>",
        "prefix": "devicons-grunt"
    },
    "devicons-bower": {
        "body": "<${1:i} class=\"devicons devicons-bower\"></${1:i}>$0",
        "description": "<i>",
        "prefix": "devicons-bower"
    },
    "devicons-npm": {
        "body": "<${1:i} class=\"devicons devicons-npm\"></${1:i}>$0",
        "description": "<i>",
        "prefix": "devicons-npm"
    },
    "devicons-yahoo_small": {
        "body": "<${1:i} class=\"devicons devicons-yahoo_small\"></${1:i}>$0",
        "description": "<i>",
        "prefix": "devicons-yahoo_small"
    },
    "devicons-yahoo": {
        "body": "<${1:i} class=\"devicons devicons-yahoo\"></${1:i}>$0",
        "description": "<i>",
        "prefix": "devicons-yahoo"
    },
    "devicons-bing_small": {
        "body": "<${1:i} class=\"devicons devicons-bing_small\"></${1:i}>$0",
        "description": "<i>",
        "prefix": "devicons-bing_small"
    },
    "devicons-windows": {
        "body": "<${1:i} class=\"devicons devicons-windows\"></${1:i}>$0",
        "description": "<i>",
        "prefix": "devicons-windows"
    },
    "devicons-linux": {
        "body": "<${1:i} class=\"devicons devicons-linux\"></${1:i}>$0",
        "description": "<i>",
        "prefix": "devicons-linux"
    },
    "devicons-ubuntu": {
        "body": "<${1:i} class=\"devicons devicons-ubuntu\"></${1:i}>$0",
        "description": "<i>",
        "prefix": "devicons-ubuntu"
    },
    "devicons-android": {
        "body": "<${1:i} class=\"devicons devicons-android\"></${1:i}>$0",
        "description": "<i>",
        "prefix": "devicons-android"
    },
    "devicons-apple": {
        "body": "<${1:i} class=\"devicons devicons-apple\"></${1:i}>$0",
        "description": "<i>",
        "prefix": "devicons-apple"
    },
    "devicons-appstore": {
        "body": "<${1:i} class=\"devicons devicons-appstore\"></${1:i}>$0",
        "description": "<i>",
        "prefix": "devicons-appstore"
    },
    "devicons-phonegap": {
        "body": "<${1:i} class=\"devicons devicons-phonegap\"></${1:i}>$0",
        "description": "<i>",
        "prefix": "devicons-phonegap"
    },
    "devicons-blackberry": {
        "body": "<${1:i} class=\"devicons devicons-blackberry\"></${1:i}>$0",
        "description": "<i>",
        "prefix": "devicons-blackberry"
    },
    "devicons-stackoverflow": {
        "body": "<${1:i} class=\"devicons devicons-stackoverflow\"></${1:i}>$0",
        "description": "<i>",
        "prefix": "devicons-stackoverflow"
    },
    "devicons-techcrunch": {
        "body": "<${1:i} class=\"devicons devicons-techcrunch\"></${1:i}>$0",
        "description": "<i>",
        "prefix": "devicons-techcrunch"
    },
    "devicons-codrops": {
        "body": "<${1:i} class=\"devicons devicons-codrops\"></${1:i}>$0",
        "description": "<i>",
        "prefix": "devicons-codrops"
    },
    "devicons-css_tricks": {
        "body": "<${1:i} class=\"devicons devicons-css_tricks\"></${1:i}>$0",
        "description": "<i>",
        "prefix": "devicons-css_tricks"
    },
    "devicons-smashing_magazine": {
        "body": "<${1:i} class=\"devicons devicons-smashing_magazine\"></${1:i}>$0",
        "description": "<i>",
        "prefix": "devicons-smashing_magazine"
    },
    "devicons-netmagazine": {
        "body": "<${1:i} class=\"devicons devicons-netmagazine\"></${1:i}>$0",
        "description": "<i>",
        "prefix": "devicons-netmagazine"
    },
    "devicons-codepen": {
        "body": "<${1:i} class=\"devicons devicons-codepen\"></${1:i}>$0",
        "description": "<i>",
        "prefix": "devicons-codepen"
    },
    "devicons-cssdeck": {
        "body": "<${1:i} class=\"devicons devicons-cssdeck\"></${1:i}>$0",
        "description": "<i>",
        "prefix": "devicons-cssdeck"
    },
    "devicons-hackernews": {
        "body": "<${1:i} class=\"devicons devicons-hackernews\"></${1:i}>$0",
        "description": "<i>",
        "prefix": "devicons-hackernews"
    },
    "devicons-dropbox": {
        "body": "<${1:i} class=\"devicons devicons-dropbox\"></${1:i}>$0",
        "description": "<i>",
        "prefix": "devicons-dropbox"
    },
    "devicons-google_drive": {
        "body": "<${1:i} class=\"devicons devicons-google_drive\"></${1:i}>$0",
        "description": "<i>",
        "prefix": "devicons-google_drive"
    },
    "devicons-visualstudio": {
        "body": "<${1:i} class=\"devicons devicons-visualstudio\"></${1:i}>$0",
        "description": "<i>",
        "prefix": "devicons-visualstudio"
    },
    "devicons-unity_small": {
        "body": "<${1:i} class=\"devicons devicons-unity_small\"></${1:i}>$0",
        "description": "<i>",
        "prefix": "devicons-unity_small"
    },
    "devicons-raspberry_pi": {
        "body": "<${1:i} class=\"devicons devicons-raspberry_pi\"></${1:i}>$0",
        "description": "<i>",
        "prefix": "devicons-raspberry_pi"
    },
    "devicons-chrome": {
        "body": "<${1:i} class=\"devicons devicons-chrome\"></${1:i}>$0",
        "description": "<i>",
        "prefix": "devicons-chrome"
    },
    "devicons-ie": {
        "body": "<${1:i} class=\"devicons devicons-ie\"></${1:i}>$0",
        "description": "<i>",
        "prefix": "devicons-ie"
    },
    "devicons-firefox": {
        "body": "<${1:i} class=\"devicons devicons-firefox\"></${1:i}>$0",
        "description": "<i>",
        "prefix": "devicons-firefox"
    },
    "devicons-opera": {
        "body": "<${1:i} class=\"devicons devicons-opera\"></${1:i}>$0",
        "description": "<i>",
        "prefix": "devicons-opera"
    },
    "devicons-safari": {
        "body": "<${1:i} class=\"devicons devicons-safari\"></${1:i}>$0",
        "description": "<i>",
        "prefix": "devicons-safari"
    },
    "devicons-swift": {
        "body": "<${1:i} class=\"devicons devicons-swift\"></${1:i}>$0",
        "description": "<i>",
        "prefix": "devicons-swift"
    },
    "devicons-symfony": {
        "body": "<${1:i} class=\"devicons devicons-symfony\"></${1:i}>$0",
        "description": "<i>",
        "prefix": "devicons-symfony"
    },
    "devicons-symfony_badge": {
        "body": "<${1:i} class=\"devicons devicons-symfony_badge\"></${1:i}>$0",
        "description": "<i>",
        "prefix": "devicons-symfony_badge"
    },
    "devicons-less": {
        "body": "<${1:i} class=\"devicons devicons-less\"></${1:i}>$0",
        "description": "<i>",
        "prefix": "devicons-less"
    },
    "devicons-stylus": {
        "body": "<${1:i} class=\"devicons devicons-stylus\"></${1:i}>$0",
        "description": "<i>",
        "prefix": "devicons-stylus"
    },
    "devicons-trello": {
        "body": "<${1:i} class=\"devicons devicons-trello\"></${1:i}>$0",
        "description": "<i>",
        "prefix": "devicons-trello"
    },
    "devicons-atlassian": {
        "body": "<${1:i} class=\"devicons devicons-atlassian\"></${1:i}>$0",
        "description": "<i>",
        "prefix": "devicons-atlassian"
    },
    "devicons-jira": {
        "body": "<${1:i} class=\"devicons devicons-jira\"></${1:i}>$0",
        "description": "<i>",
        "prefix": "devicons-jira"
    },
    "devicons-envato": {
        "body": "<${1:i} class=\"devicons devicons-envato\"></${1:i}>$0",
        "description": "<i>",
        "prefix": "devicons-envato"
    },
    "devicons-snap_svg": {
        "body": "<${1:i} class=\"devicons devicons-snap_svg\"></${1:i}>$0",
        "description": "<i>",
        "prefix": "devicons-snap_svg"
    },
    "devicons-raphael": {
        "body": "<${1:i} class=\"devicons devicons-raphael\"></${1:i}>$0",
        "description": "<i>",
        "prefix": "devicons-raphael"
    },
    "devicons-google_analytics": {
        "body": "<${1:i} class=\"devicons devicons-google_analytics\"></${1:i}>$0",
        "description": "<i>",
        "prefix": "devicons-google_analytics"
    },
    "devicons-compass": {
        "body": "<${1:i} class=\"devicons devicons-compass\"></${1:i}>$0",
        "description": "<i>",
        "prefix": "devicons-compass"
    },
    "devicons-onedrive": {
        "body": "<${1:i} class=\"devicons devicons-onedrive\"></${1:i}>$0",
        "description": "<i>",
        "prefix": "devicons-onedrive"
    },
    "devicons-gulp": {
        "body": "<${1:i} class=\"devicons devicons-gulp\"></${1:i}>$0",
        "description": "<i>",
        "prefix": "devicons-gulp"
    },
    "devicons-atom": {
        "body": "<${1:i} class=\"devicons devicons-atom\"></${1:i}>$0",
        "description": "<i>",
        "prefix": "devicons-atom"
    },
    "devicons-cisco": {
        "body": "<${1:i} class=\"devicons devicons-cisco\"></${1:i}>$0",
        "description": "<i>",
        "prefix": "devicons-cisco"
    },
    "devicons-nancy": {
        "body": "<${1:i} class=\"devicons devicons-nancy\"></${1:i}>$0",
        "description": "<i>",
        "prefix": "devicons-nancy"
    },
    "devicons-clojure": {
        "body": "<${1:i} class=\"devicons devicons-clojure\"></${1:i}>$0",
        "description": "<i>",
        "prefix": "devicons-clojure"
    },
    "devicons-clojure_alt": {
        "body": "<${1:i} class=\"devicons devicons-clojure_alt\"></${1:i}>$0",
        "description": "<i>",
        "prefix": "devicons-clojure_alt"
    },
    "devicons-perl": {
        "body": "<${1:i} class=\"devicons devicons-perl\"></${1:i}>$0",
        "description": "<i>",
        "prefix": "devicons-perl"
    },
    "devicons-celluloid": {
        "body": "<${1:i} class=\"devicons devicons-celluloid\"></${1:i}>$0",
        "description": "<i>",
        "prefix": "devicons-celluloid"
    },
    "devicons-w3c": {
        "body": "<${1:i} class=\"devicons devicons-w3c\"></${1:i}>$0",
        "description": "<i>",
        "prefix": "devicons-w3c"
    },
    "devicons-redis": {
        "body": "<${1:i} class=\"devicons devicons-redis\"></${1:i}>$0",
        "description": "<i>",
        "prefix": "devicons-redis"
    },
    "devicons-postgresql": {
        "body": "<${1:i} class=\"devicons devicons-postgresql\"></${1:i}>$0",
        "description": "<i>",
        "prefix": "devicons-postgresql"
    },
    "devicons-webplatform": {
        "body": "<${1:i} class=\"devicons devicons-webplatform\"></${1:i}>$0",
        "description": "<i>",
        "prefix": "devicons-webplatform"
    },
    "devicons-jenkins": {
        "body": "<${1:i} class=\"devicons devicons-jenkins\"></${1:i}>$0",
        "description": "<i>",
        "prefix": "devicons-jenkins"
    },
    "devicons-requirejs": {
        "body": "<${1:i} class=\"devicons devicons-requirejs\"></${1:i}>$0",
        "description": "<i>",
        "prefix": "devicons-requirejs"
    },
    "devicons-opensource": {
        "body": "<${1:i} class=\"devicons devicons-opensource\"></${1:i}>$0",
        "description": "<i>",
        "prefix": "devicons-opensource"
    },
    "devicons-typo3": {
        "body": "<${1:i} class=\"devicons devicons-typo3\"></${1:i}>$0",
        "description": "<i>",
        "prefix": "devicons-typo3"
    },
    "devicons-uikit": {
        "body": "<${1:i} class=\"devicons devicons-uikit\"></${1:i}>$0",
        "description": "<i>",
        "prefix": "devicons-uikit"
    },
    "devicons-doctrine": {
        "body": "<${1:i} class=\"devicons devicons-doctrine\"></${1:i}>$0",
        "description": "<i>",
        "prefix": "devicons-doctrine"
    },
    "devicons-groovy": {
        "body": "<${1:i} class=\"devicons devicons-groovy\"></${1:i}>$0",
        "description": "<i>",
        "prefix": "devicons-groovy"
    },
    "devicons-nginx": {
        "body": "<${1:i} class=\"devicons devicons-nginx\"></${1:i}>$0",
        "description": "<i>",
        "prefix": "devicons-nginx"
    },
    "devicons-haskell": {
        "body": "<${1:i} class=\"devicons devicons-haskell\"></${1:i}>$0",
        "description": "<i>",
        "prefix": "devicons-haskell"
    },
    "devicons-zend": {
        "body": "<${1:i} class=\"devicons devicons-zend\"></${1:i}>$0",
        "description": "<i>",
        "prefix": "devicons-zend"
    },
    "devicons-gnu": {
        "body": "<${1:i} class=\"devicons devicons-gnu\"></${1:i}>$0",
        "description": "<i>",
        "prefix": "devicons-gnu"
    },
    "devicons-yeoman": {
        "body": "<${1:i} class=\"devicons devicons-yeoman\"></${1:i}>$0",
        "description": "<i>",
        "prefix": "devicons-yeoman"
    },
    "devicons-heroku": {
        "body": "<${1:i} class=\"devicons devicons-heroku\"></${1:i}>$0",
        "description": "<i>",
        "prefix": "devicons-heroku"
    },
    "devicons-debian": {
        "body": "<${1:i} class=\"devicons devicons-debian\"></${1:i}>$0",
        "description": "<i>",
        "prefix": "devicons-debian"
    },
    "devicons-travis": {
        "body": "<${1:i} class=\"devicons devicons-travis\"></${1:i}>$0",
        "description": "<i>",
        "prefix": "devicons-travis"
    },
    "devicons-dotnet": {
        "body": "<${1:i} class=\"devicons devicons-dotnet\"></${1:i}>$0",
        "description": "<i>",
        "prefix": "devicons-dotnet"
    },
    "devicons-codeigniter": {
        "body": "<${1:i} class=\"devicons devicons-codeigniter\"></${1:i}>$0",
        "description": "<i>",
        "prefix": "devicons-codeigniter"
    },
    "devicons-javascript_badge": {
        "body": "<${1:i} class=\"devicons devicons-javascript_badge\"></${1:i}>$0",
        "description": "<i>",
        "prefix": "devicons-javascript_badge"
    },
    "devicons-yii": {
        "body": "<${1:i} class=\"devicons devicons-yii\"></${1:i}>$0",
        "description": "<i>",
        "prefix": "devicons-yii"
    },
    "devicons-msql_server": {
        "body": "<${1:i} class=\"devicons devicons-msql_server\"></${1:i}>$0",
        "description": "<i>",
        "prefix": "devicons-msql_server"
    },
    "devicons-composer": {
        "body": "<${1:i} class=\"devicons devicons-composer\"></${1:i}>$0",
        "description": "<i>",
        "prefix": "devicons-composer"
    },
    "devicons-krakenjs_badge": {
        "body": "<${1:i} class=\"devicons devicons-krakenjs_badge\"></${1:i}>$0",
        "description": "<i>",
        "prefix": "devicons-krakenjs_badge"
    },
    "devicons-krakenjs": {
        "body": "<${1:i} class=\"devicons devicons-krakenjs\"></${1:i}>$0",
        "description": "<i>",
        "prefix": "devicons-krakenjs"
    },
    "devicons-mozilla": {
        "body": "<${1:i} class=\"devicons devicons-mozilla\"></${1:i}>$0",
        "description": "<i>",
        "prefix": "devicons-mozilla"
    },
    "devicons-firebase": {
        "body": "<${1:i} class=\"devicons devicons-firebase\"></${1:i}>$0",
        "description": "<i>",
        "prefix": "devicons-firebase"
    },
    "devicons-sizzlejs": {
        "body": "<${1:i} class=\"devicons devicons-sizzlejs\"></${1:i}>$0",
        "description": "<i>",
        "prefix": "devicons-sizzlejs"
    },
    "devicons-creativecommons": {
        "body": "<${1:i} class=\"devicons devicons-creativecommons\"></${1:i}>$0",
        "description": "<i>",
        "prefix": "devicons-creativecommons"
    },
    "devicons-creativecommons_badge": {
        "body": "<${1:i} class=\"devicons devicons-creativecommons_badge\"></${1:i}>$0",
        "description": "<i>",
        "prefix": "devicons-creativecommons_badge"
    },
    "devicons-mitlicence": {
        "body": "<${1:i} class=\"devicons devicons-mitlicence\"></${1:i}>$0",
        "description": "<i>",
        "prefix": "devicons-mitlicence"
    },
    "devicons-senchatouch": {
        "body": "<${1:i} class=\"devicons devicons-senchatouch\"></${1:i}>$0",
        "description": "<i>",
        "prefix": "devicons-senchatouch"
    },
    "devicons-bugsense": {
        "body": "<${1:i} class=\"devicons devicons-bugsense\"></${1:i}>$0",
        "description": "<i>",
        "prefix": "devicons-bugsense"
    },
    "devicons-extjs": {
        "body": "<${1:i} class=\"devicons devicons-extjs\"></${1:i}>$0",
        "description": "<i>",
        "prefix": "devicons-extjs"
    },
    "devicons-mootools_badge": {
        "body": "<${1:i} class=\"devicons devicons-mootools_badge\"></${1:i}>$0",
        "description": "<i>",
        "prefix": "devicons-mootools_badge"
    },
    "devicons-mootools": {
        "body": "<${1:i} class=\"devicons devicons-mootools\"></${1:i}>$0",
        "description": "<i>",
        "prefix": "devicons-mootools"
    },
    "devicons-ruby_rough": {
        "body": "<${1:i} class=\"devicons devicons-ruby_rough\"></${1:i}>$0",
        "description": "<i>",
        "prefix": "devicons-ruby_rough"
    },
    "devicons-komodo": {
        "body": "<${1:i} class=\"devicons devicons-komodo\"></${1:i}>$0",
        "description": "<i>",
        "prefix": "devicons-komodo"
    },
    "devicons-coda": {
        "body": "<${1:i} class=\"devicons devicons-coda\"></${1:i}>$0",
        "description": "<i>",
        "prefix": "devicons-coda"
    },
    "devicons-bintray": {
        "body": "<${1:i} class=\"devicons devicons-bintray\"></${1:i}>$0",
        "description": "<i>",
        "prefix": "devicons-bintray"
    },
    "devicons-terminal": {
        "body": "<${1:i} class=\"devicons devicons-terminal\"></${1:i}>$0",
        "description": "<i>",
        "prefix": "devicons-terminal"
    },
    "devicons-code": {
        "body": "<${1:i} class=\"devicons devicons-code\"></${1:i}>$0",
        "description": "<i>",
        "prefix": "devicons-code"
    },
    "devicons-responsive": {
        "body": "<${1:i} class=\"devicons devicons-responsive\"></${1:i}>$0",
        "description": "<i>",
        "prefix": "devicons-responsive"
    },
    "devicons-dart": {
        "body": "<${1:i} class=\"devicons devicons-dart\"></${1:i}>$0",
        "description": "<i>",
        "prefix": "devicons-dart"
    },
    "devicons-aptana": {
        "body": "<${1:i} class=\"devicons devicons-aptana\"></${1:i}>$0",
        "description": "<i>",
        "prefix": "devicons-aptana"
    },
    "devicons-mailchimp": {
        "body": "<${1:i} class=\"devicons devicons-mailchimp\"></${1:i}>$0",
        "description": "<i>",
        "prefix": "devicons-mailchimp"
    },
    "devicons-netbeans": {
        "body": "<${1:i} class=\"devicons devicons-netbeans\"></${1:i}>$0",
        "description": "<i>",
        "prefix": "devicons-netbeans"
    },
    "devicons-dreamweaver": {
        "body": "<${1:i} class=\"devicons devicons-dreamweaver\"></${1:i}>$0",
        "description": "<i>",
        "prefix": "devicons-dreamweaver"
    },
    "devicons-brackets": {
        "body": "<${1:i} class=\"devicons devicons-brackets\"></${1:i}>$0",
        "description": "<i>",
        "prefix": "devicons-brackets"
    },
    "devicons-eclipse": {
        "body": "<${1:i} class=\"devicons devicons-eclipse\"></${1:i}>$0",
        "description": "<i>",
        "prefix": "devicons-eclipse"
    },
    "devicons-cloud9": {
        "body": "<${1:i} class=\"devicons devicons-cloud9\"></${1:i}>$0",
        "description": "<i>",
        "prefix": "devicons-cloud9"
    },
    "devicons-scrum": {
        "body": "<${1:i} class=\"devicons devicons-scrum\"></${1:i}>$0",
        "description": "<i>",
        "prefix": "devicons-scrum"
    },
    "devicons-prolog": {
        "body": "<${1:i} class=\"devicons devicons-prolog\"></${1:i}>$0",
        "description": "<i>",
        "prefix": "devicons-prolog"
    },
    "devicons-terminal_badge": {
        "body": "<${1:i} class=\"devicons devicons-terminal_badge\"></${1:i}>$0",
        "description": "<i>",
        "prefix": "devicons-terminal_badge"
    },
    "devicons-code_badge": {
        "body": "<${1:i} class=\"devicons devicons-code_badge\"></${1:i}>$0",
        "description": "<i>",
        "prefix": "devicons-code_badge"
    },
    "devicons-mongodb": {
        "body": "<${1:i} class=\"devicons devicons-mongodb\"></${1:i}>$0",
        "description": "<i>",
        "prefix": "devicons-mongodb"
    },
    "devicons-meteor": {
        "body": "<${1:i} class=\"devicons devicons-meteor\"></${1:i}>$0",
        "description": "<i>",
        "prefix": "devicons-meteor"
    },
    "devicons-meteorfull": {
        "body": "<${1:i} class=\"devicons devicons-meteorfull\"></${1:i}>$0",
        "description": "<i>",
        "prefix": "devicons-meteorfull"
    },
    "devicons-fsharp": {
        "body": "<${1:i} class=\"devicons devicons-fsharp\"></${1:i}>$0",
        "description": "<i>",
        "prefix": "devicons-fsharp"
    },
    "devicons-rust": {
        "body": "<${1:i} class=\"devicons devicons-rust\"></${1:i}>$0",
        "description": "<i>",
        "prefix": "devicons-rust"
    },
    "devicons-ionic": {
        "body": "<${1:i} class=\"devicons devicons-ionic\"></${1:i}>$0",
        "description": "<i>",
        "prefix": "devicons-ionic"
    },
    "devicons-sublime": {
        "body": "<${1:i} class=\"devicons devicons-sublime\"></${1:i}>$0",
        "description": "<i>",
        "prefix": "devicons-sublime"
    }
}