{
    "foundicon-thumb-up": {
        "body": "<${1:i} class=\"foundicon-thumb-up\"></${1:i}>$0",
        "description": "<i>",
        "prefix": "foundicon-thumb-up"
    },
    "foundicon-thumb-down": {
        "body": "<${1:i} class=\"foundicon-thumb-down\"></${1:i}>$0",
        "description": "<i>",
        "prefix": "foundicon-thumb-down"
    },
    "foundicon-rss": {
        "body": "<${1:i} class=\"foundicon-rss\"></${1:i}>$0",
        "description": "<i>",
        "prefix": "foundicon-rss"
    },
    "foundicon-facebook": {
        "body": "<${1:i} class=\"foundicon-facebook\"></${1:i}>$0",
        "description": "<i>",
        "prefix": "foundicon-facebook"
    },
    "foundicon-twitter": {
        "body": "<${1:i} class=\"foundicon-twitter\"></${1:i}>$0",
        "description": "<i>",
        "prefix": "foundicon-twitter"
    },
    "foundicon-pinterest": {
        "body": "<${1:i} class=\"foundicon-pinterest\"></${1:i}>$0",
        "description": "<i>",
        "prefix": "foundicon-pinterest"
    },
    "foundicon-github": {
        "body": "<${1:i} class=\"foundicon-github\"></${1:i}>$0",
        "description": "<i>",
        "prefix": "foundicon-github"
    },
    "foundicon-path": {
        "body": "<${1:i} class=\"foundicon-path\"></${1:i}>$0",
        "description": "<i>",
        "prefix": "foundicon-path"
    },
    "foundicon-linkedin": {
        "body": "<${1:i} class=\"foundicon-linkedin\"></${1:i}>$0",
        "description": "<i>",
        "prefix": "foundicon-linkedin"
    },
    "foundicon-dribbble": {
        "body": "<${1:i} class=\"foundicon-dribbble\"></${1:i}>$0",
        "description": "<i>",
        "prefix": "foundicon-dribbble"
    },
    "foundicon-stumble-upon": {
        "body": "<${1:i} class=\"foundicon-stumble-upon\"></${1:i}>$0",
        "description": "<i>",
        "prefix": "foundicon-stumble-upon"
    },
    "foundicon-behance": {
        "body": "<${1:i} class=\"foundicon-behance\"></${1:i}>$0",
        "description": "<i>",
        "prefix": "foundicon-behance"
    },
    "foundicon-reddit": {
        "body": "<${1:i} class=\"foundicon-reddit\"></${1:i}>$0",
        "description": "<i>",
        "prefix": "foundicon-reddit"
    },
    "foundicon-google-plus": {
        "body": "<${1:i} class=\"foundicon-google-plus\"></${1:i}>$0",
        "description": "<i>",
        "prefix": "foundicon-google-plus"
    },
    "foundicon-youtube": {
        "body": "<${1:i} class=\"foundicon-youtube\"></${1:i}>$0",
        "description": "<i>",
        "prefix": "foundicon-youtube"
    },
    "foundicon-vimeo": {
        "body": "<${1:i} class=\"foundicon-vimeo\"></${1:i}>$0",
        "description": "<i>",
        "prefix": "foundicon-vimeo"
    },
    "foundicon-flickr": {
        "body": "<${1:i} class=\"foundicon-flickr\"></${1:i}>$0",
        "description": "<i>",
        "prefix": "foundicon-flickr"
    },
    "foundicon-slideshare": {
        "body": "<${1:i} class=\"foundicon-slideshare\"></${1:i}>$0",
        "description": "<i>",
        "prefix": "foundicon-slideshare"
    },
    "foundicon-picassa": {
        "body": "<${1:i} class=\"foundicon-picassa\"></${1:i}>$0",
        "description": "<i>",
        "prefix": "foundicon-picassa"
    },
    "foundicon-skype": {
        "body": "<${1:i} class=\"foundicon-skype\"></${1:i}>$0",
        "description": "<i>",
        "prefix": "foundicon-skype"
    },
    "foundicon-steam": {
        "body": "<${1:i} class=\"foundicon-steam\"></${1:i}>$0",
        "description": "<i>",
        "prefix": "foundicon-steam"
    },
    "foundicon-instagram": {
        "body": "<${1:i} class=\"foundicon-instagram\"></${1:i}>$0",
        "description": "<i>",
        "prefix": "foundicon-instagram"
    },
    "foundicon-foursquare": {
        "body": "<${1:i} class=\"foundicon-foursquare\"></${1:i}>$0",
        "description": "<i>",
        "prefix": "foundicon-foursquare"
    },
    "foundicon-delicious": {
        "body": "<${1:i} class=\"foundicon-delicious\"></${1:i}>$0",
        "description": "<i>",
        "prefix": "foundicon-delicious"
    },
    "foundicon-chat": {
        "body": "<${1:i} class=\"foundicon-chat\"></${1:i}>$0",
        "description": "<i>",
        "prefix": "foundicon-chat"
    },
    "foundicon-torso": {
        "body": "<${1:i} class=\"foundicon-torso\"></${1:i}>$0",
        "description": "<i>",
        "prefix": "foundicon-torso"
    },
    "foundicon-tumblr": {
        "body": "<${1:i} class=\"foundicon-tumblr\"></${1:i}>$0",
        "description": "<i>",
        "prefix": "foundicon-tumblr"
    },
    "foundicon-video-chat": {
        "body": "<${1:i} class=\"foundicon-video-chat\"></${1:i}>$0",
        "description": "<i>",
        "prefix": "foundicon-video-chat"
    },
    "foundicon-digg": {
        "body": "<${1:i} class=\"foundicon-digg\"></${1:i}>$0",
        "description": "<i>",
        "prefix": "foundicon-digg"
    },
    "foundicon-wordpress": {
        "body": "<${1:i} class=\"foundicon-wordpress\"></${1:i}>$0",
        "description": "<i>",
        "prefix": "foundicon-wordpress"
    },
    "foundicon-wheelchair": {
        "body": "<${1:i} class=\"foundicon-wheelchair\"></${1:i}>$0",
        "description": "<i>",
        "prefix": "foundicon-wheelchair"
    },
    "foundicon-speaker": {
        "body": "<${1:i} class=\"foundicon-speaker\"></${1:i}>$0",
        "description": "<i>",
        "prefix": "foundicon-speaker"
    },
    "foundicon-fontsize": {
        "body": "<${1:i} class=\"foundicon-fontsize\"></${1:i}>$0",
        "description": "<i>",
        "prefix": "foundicon-fontsize"
    },
    "foundicon-eject": {
        "body": "<${1:i} class=\"foundicon-eject\"></${1:i}>$0",
        "description": "<i>",
        "prefix": "foundicon-eject"
    },
    "foundicon-view-mode": {
        "body": "<${1:i} class=\"foundicon-view-mode\"></${1:i}>$0",
        "description": "<i>",
        "prefix": "foundicon-view-mode"
    },
    "foundicon-eyeball": {
        "body": "<${1:i} class=\"foundicon-eyeball\"></${1:i}>$0",
        "description": "<i>",
        "prefix": "foundicon-eyeball"
    },
    "foundicon-asl": {
        "body": "<${1:i} class=\"foundicon-asl\"></${1:i}>$0",
        "description": "<i>",
        "prefix": "foundicon-asl"
    },
    "foundicon-person": {
        "body": "<${1:i} class=\"foundicon-person\"></${1:i}>$0",
        "description": "<i>",
        "prefix": "foundicon-person"
    },
    "foundicon-question": {
        "body": "<${1:i} class=\"foundicon-question\"></${1:i}>$0",
        "description": "<i>",
        "prefix": "foundicon-question"
    },
    "foundicon-adult": {
        "body": "<${1:i} class=\"foundicon-adult\"></${1:i}>$0",
        "description": "<i>",
        "prefix": "foundicon-adult"
    },
    "foundicon-child": {
        "body": "<${1:i} class=\"foundicon-child\"></${1:i}>$0",
        "description": "<i>",
        "prefix": "foundicon-child"
    },
    "foundicon-glasses": {
        "body": "<${1:i} class=\"foundicon-glasses\"></${1:i}>$0",
        "description": "<i>",
        "prefix": "foundicon-glasses"
    },
    "foundicon-cc": {
        "body": "<${1:i} class=\"foundicon-cc\"></${1:i}>$0",
        "description": "<i>",
        "prefix": "foundicon-cc"
    },
    "foundicon-blind": {
        "body": "<${1:i} class=\"foundicon-blind\"></${1:i}>$0",
        "description": "<i>",
        "prefix": "foundicon-blind"
    },
    "foundicon-braille": {
        "body": "<${1:i} class=\"foundicon-braille\"></${1:i}>$0",
        "description": "<i>",
        "prefix": "foundicon-braille"
    },
    "foundicon-iphone-home": {
        "body": "<${1:i} class=\"foundicon-iphone-home\"></${1:i}>$0",
        "description": "<i>",
        "prefix": "foundicon-iphone-home"
    },
    "foundicon-w3c": {
        "body": "<${1:i} class=\"foundicon-w3c\"></${1:i}>$0",
        "description": "<i>",
        "prefix": "foundicon-w3c"
    },
    "foundicon-css": {
        "body": "<${1:i} class=\"foundicon-css\"></${1:i}>$0",
        "description": "<i>",
        "prefix": "foundicon-css"
    },
    "foundicon-key": {
        "body": "<${1:i} class=\"foundicon-key\"></${1:i}>$0",
        "description": "<i>",
        "prefix": "foundicon-key"
    },
    "foundicon-hearing-impaired": {
        "body": "<${1:i} class=\"foundicon-hearing-impaired\"></${1:i}>$0",
        "description": "<i>",
        "prefix": "foundicon-hearing-impaired"
    },
    "foundicon-male": {
        "body": "<${1:i} class=\"foundicon-male\"></${1:i}>$0",
        "description": "<i>",
        "prefix": "foundicon-male"
    },
    "foundicon-female": {
        "body": "<${1:i} class=\"foundicon-female\"></${1:i}>$0",
        "description": "<i>",
        "prefix": "foundicon-female"
    },
    "foundicon-network": {
        "body": "<${1:i} class=\"foundicon-network\"></${1:i}>$0",
        "description": "<i>",
        "prefix": "foundicon-network"
    },
    "foundicon-guidedog": {
        "body": "<${1:i} class=\"foundicon-guidedog\"></${1:i}>$0",
        "description": "<i>",
        "prefix": "foundicon-guidedog"
    },
    "foundicon-universal-access": {
        "body": "<${1:i} class=\"foundicon-universal-access\"></${1:i}>$0",
        "description": "<i>",
        "prefix": "foundicon-universal-access"
    },
    "foundicon-elevator": {
        "body": "<${1:i} class=\"foundicon-elevator\"></${1:i}>$0",
        "description": "<i>",
        "prefix": "foundicon-elevator"
    },
    "foundicon-settings": {
        "body": "<${1:i} class=\"foundicon-settings\"></${1:i}>$0",
        "description": "<i>",
        "prefix": "foundicon-settings"
    },
    "foundicon-heart": {
        "body": "<${1:i} class=\"foundicon-heart\"></${1:i}>$0",
        "description": "<i>",
        "prefix": "foundicon-heart"
    },
    "foundicon-star": {
        "body": "<${1:i} class=\"foundicon-star\"></${1:i}>$0",
        "description": "<i>",
        "prefix": "foundicon-star"
    },
    "foundicon-plus": {
        "body": "<${1:i} class=\"foundicon-plus\"></${1:i}>$0",
        "description": "<i>",
        "prefix": "foundicon-plus"
    },
    "foundicon-minus": {
        "body": "<${1:i} class=\"foundicon-minus\"></${1:i}>$0",
        "description": "<i>",
        "prefix": "foundicon-minus"
    },
    "foundicon-checkmark": {
        "body": "<${1:i} class=\"foundicon-checkmark\"></${1:i}>$0",
        "description": "<i>",
        "prefix": "foundicon-checkmark"
    },
    "foundicon-remove": {
        "body": "<${1:i} class=\"foundicon-remove\"></${1:i}>$0",
        "description": "<i>",
        "prefix": "foundicon-remove"
    },
    "foundicon-mail": {
        "body": "<${1:i} class=\"foundicon-mail\"></${1:i}>$0",
        "description": "<i>",
        "prefix": "foundicon-mail"
    },
    "foundicon-calendar": {
        "body": "<${1:i} class=\"foundicon-calendar\"></${1:i}>$0",
        "description": "<i>",
        "prefix": "foundicon-calendar"
    },
    "foundicon-page": {
        "body": "<${1:i} class=\"foundicon-page\"></${1:i}>$0",
        "description": "<i>",
        "prefix": "foundicon-page"
    },
    "foundicon-tools": {
        "body": "<${1:i} class=\"foundicon-tools\"></${1:i}>$0",
        "description": "<i>",
        "prefix": "foundicon-tools"
    },
    "foundicon-globe": {
        "body": "<${1:i} class=\"foundicon-globe\"></${1:i}>$0",
        "description": "<i>",
        "prefix": "foundicon-globe"
    },
    "foundicon-home": {
        "body": "<${1:i} class=\"foundicon-home\"></${1:i}>$0",
        "description": "<i>",
        "prefix": "foundicon-home"
    },
    "foundicon-quote": {
        "body": "<${1:i} class=\"foundicon-quote\"></${1:i}>$0",
        "description": "<i>",
        "prefix": "foundicon-quote"
    },
    "foundicon-people": {
        "body": "<${1:i} class=\"foundicon-people\"></${1:i}>$0",
        "description": "<i>",
        "prefix": "foundicon-people"
    },
    "foundicon-monitor": {
        "body": "<${1:i} class=\"foundicon-monitor\"></${1:i}>$0",
        "description": "<i>",
        "prefix": "foundicon-monitor"
    },
    "foundicon-laptop": {
        "body": "<${1:i} class=\"foundicon-laptop\"></${1:i}>$0",
        "description": "<i>",
        "prefix": "foundicon-laptop"
    },
    "foundicon-phone": {
        "body": "<${1:i} class=\"foundicon-phone\"></${1:i}>$0",
        "description": "<i>",
        "prefix": "foundicon-phone"
    },
    "foundicon-cloud": {
        "body": "<${1:i} class=\"foundicon-cloud\"></${1:i}>$0",
        "description": "<i>",
        "prefix": "foundicon-cloud"
    },
    "foundicon-error": {
        "body": "<${1:i} class=\"foundicon-error\"></${1:i}>$0",
        "description": "<i>",
        "prefix": "foundicon-error"
    },
    "foundicon-right-arrow": {
        "body": "<${1:i} class=\"foundicon-right-arrow\"></${1:i}>$0",
        "description": "<i>",
        "prefix": "foundicon-right-arrow"
    },
    "foundicon-left-arrow": {
        "body": "<${1:i} class=\"foundicon-left-arrow\"></${1:i}>$0",
        "description": "<i>",
        "prefix": "foundicon-left-arrow"
    },
    "foundicon-up-arrow": {
        "body": "<${1:i} class=\"foundicon-up-arrow\"></${1:i}>$0",
        "description": "<i>",
        "prefix": "foundicon-up-arrow"
    },
    "foundicon-down-arrow": {
        "body": "<${1:i} class=\"foundicon-down-arrow\"></${1:i}>$0",
        "description": "<i>",
        "prefix": "foundicon-down-arrow"
    },
    "foundicon-trash": {
        "body": "<${1:i} class=\"foundicon-trash\"></${1:i}>$0",
        "description": "<i>",
        "prefix": "foundicon-trash"
    },
    "foundicon-add-doc": {
        "body": "<${1:i} class=\"foundicon-add-doc\"></${1:i}>$0",
        "description": "<i>",
        "prefix": "foundicon-add-doc"
    },
    "foundicon-edit": {
        "body": "<${1:i} class=\"foundicon-edit\"></${1:i}>$0",
        "description": "<i>",
        "prefix": "foundicon-edit"
    },
    "foundicon-lock": {
        "body": "<${1:i} class=\"foundicon-lock\"></${1:i}>$0",
        "description": "<i>",
        "prefix": "foundicon-lock"
    },
    "foundicon-unlock": {
        "body": "<${1:i} class=\"foundicon-unlock\"></${1:i}>$0",
        "description": "<i>",
        "prefix": "foundicon-unlock"
    },
    "foundicon-refresh": {
        "body": "<${1:i} class=\"foundicon-refresh\"></${1:i}>$0",
        "description": "<i>",
        "prefix": "foundicon-refresh"
    },
    "foundicon-paper-clip": {
        "body": "<${1:i} class=\"foundicon-paper-clip\"></${1:i}>$0",
        "description": "<i>",
        "prefix": "foundicon-paper-clip"
    },
    "foundicon-video": {
        "body": "<${1:i} class=\"foundicon-video\"></${1:i}>$0",
        "description": "<i>",
        "prefix": "foundicon-video"
    },
    "foundicon-photo": {
        "body": "<${1:i} class=\"foundicon-photo\"></${1:i}>$0",
        "description": "<i>",
        "prefix": "foundicon-photo"
    },
    "foundicon-graph": {
        "body": "<${1:i} class=\"foundicon-graph\"></${1:i}>$0",
        "description": "<i>",
        "prefix": "foundicon-graph"
    },
    "foundicon-idea": {
        "body": "<${1:i} class=\"foundicon-idea\"></${1:i}>$0",
        "description": "<i>",
        "prefix": "foundicon-idea"
    },
    "foundicon-mic": {
        "body": "<${1:i} class=\"foundicon-mic\"></${1:i}>$0",
        "description": "<i>",
        "prefix": "foundicon-mic"
    },
    "foundicon-cart": {
        "body": "<${1:i} class=\"foundicon-cart\"></${1:i}>$0",
        "description": "<i>",
        "prefix": "foundicon-cart"
    },
    "foundicon-address-book": {
        "body": "<${1:i} class=\"foundicon-address-book\"></${1:i}>$0",
        "description": "<i>",
        "prefix": "foundicon-address-book"
    },
    "foundicon-compass": {
        "body": "<${1:i} class=\"foundicon-compass\"></${1:i}>$0",
        "description": "<i>",
        "prefix": "foundicon-compass"
    },
    "foundicon-flag": {
        "body": "<${1:i} class=\"foundicon-flag\"></${1:i}>$0",
        "description": "<i>",
        "prefix": "foundicon-flag"
    },
    "foundicon-location": {
        "body": "<${1:i} class=\"foundicon-location\"></${1:i}>$0",
        "description": "<i>",
        "prefix": "foundicon-location"
    },
    "foundicon-clock": {
        "body": "<${1:i} class=\"foundicon-clock\"></${1:i}>$0",
        "description": "<i>",
        "prefix": "foundicon-clock"
    },
    "foundicon-folder": {
        "body": "<${1:i} class=\"foundicon-folder\"></${1:i}>$0",
        "description": "<i>",
        "prefix": "foundicon-folder"
    },
    "foundicon-inbox": {
        "body": "<${1:i} class=\"foundicon-inbox\"></${1:i}>$0",
        "description": "<i>",
        "prefix": "foundicon-inbox"
    },
    "foundicon-website": {
        "body": "<${1:i} class=\"foundicon-website\"></${1:i}>$0",
        "description": "<i>",
        "prefix": "foundicon-website"
    },
    "foundicon-smiley": {
        "body": "<${1:i} class=\"foundicon-smiley\"></${1:i}>$0",
        "description": "<i>",
        "prefix": "foundicon-smiley"
    },
    "foundicon-search": {
        "body": "<${1:i} class=\"foundicon-search\"></${1:i}>$0",
        "description": "<i>",
        "prefix": "foundicon-search"
    }
}