{
    "fl-alpine": {
        "body": "<${1:i} class=\"fl-alpine\"></${1:i}>$0",
        "description": "<i>",
        "prefix": "fl-alpine"
    },
    "fl-aosc": {
        "body": "<${1:i} class=\"fl-aosc\"></${1:i}>$0",
        "description": "<i>",
        "prefix": "fl-aosc"
    },
    "fl-apple": {
        "body": "<${1:i} class=\"fl-apple\"></${1:i}>$0",
        "description": "<i>",
        "prefix": "fl-apple"
    },
    "fl-archlinux": {
        "body": "<${1:i} class=\"fl-archlinux\"></${1:i}>$0",
        "description": "<i>",
        "prefix": "fl-archlinux"
    },
    "fl-centos": {
        "body": "<${1:i} class=\"fl-centos\"></${1:i}>$0",
        "description": "<i>",
        "prefix": "fl-centos"
    },
    "fl-coreos": {
        "body": "<${1:i} class=\"fl-coreos\"></${1:i}>$0",
        "description": "<i>",
        "prefix": "fl-coreos"
    },
    "fl-debian": {
        "body": "<${1:i} class=\"fl-debian\"></${1:i}>$0",
        "description": "<i>",
        "prefix": "fl-debian"
    },
    "fl-devuan": {
        "body": "<${1:i} class=\"fl-devuan\"></${1:i}>$0",
        "description": "<i>",
        "prefix": "fl-devuan"
    },
    "fl-docker": {
        "body": "<${1:i} class=\"fl-docker\"></${1:i}>$0",
        "description": "<i>",
        "prefix": "fl-docker"
    },
    "fl-elementary": {
        "body": "<${1:i} class=\"fl-elementary\"></${1:i}>$0",
        "description": "<i>",
        "prefix": "fl-elementary"
    },
    "fl-fedora": {
        "body": "<${1:i} class=\"fl-fedora\"></${1:i}>$0",
        "description": "<i>",
        "prefix": "fl-fedora"
    },
    "fl-fedora-inverse": {
        "body": "<${1:i} class=\"fl-fedora-inverse\"></${1:i}>$0",
        "description": "<i>",
        "prefix": "fl-fedora-inverse"
    },
    "fl-flathub": {
        "body": "<${1:i} class=\"fl-flathub\"></${1:i}>$0",
        "description": "<i>",
        "prefix": "fl-flathub"
    },
    "fl-freebsd": {
        "body": "<${1:i} class=\"fl-freebsd\"></${1:i}>$0",
        "description": "<i>",
        "prefix": "fl-freebsd"
    },
    "fl-gentoo": {
        "body": "<${1:i} class=\"fl-gentoo\"></${1:i}>$0",
        "description": "<i>",
        "prefix": "fl-gentoo"
    },
    "fl-gnu-guix": {
        "body": "<${1:i} class=\"fl-gnu-guix\"></${1:i}>$0",
        "description": "<i>",
        "prefix": "fl-gnu-guix"
    },
    "fl-linuxmint": {
        "body": "<${1:i} class=\"fl-linuxmint\"></${1:i}>$0",
        "description": "<i>",
        "prefix": "fl-linuxmint"
    },
    "fl-linuxmint-inverse": {
        "body": "<${1:i} class=\"fl-linuxmint-inverse\"></${1:i}>$0",
        "description": "<i>",
        "prefix": "fl-linuxmint-inverse"
    },
    "fl-mageia": {
        "body": "<${1:i} class=\"fl-mageia\"></${1:i}>$0",
        "description": "<i>",
        "prefix": "fl-mageia"
    },
    "fl-mandriva": {
        "body": "<${1:i} class=\"fl-mandriva\"></${1:i}>$0",
        "description": "<i>",
        "prefix": "fl-mandriva"
    },
    "fl-manjaro": {
        "body": "<${1:i} class=\"fl-manjaro\"></${1:i}>$0",
        "description": "<i>",
        "prefix": "fl-manjaro"
    },
    "fl-nixos": {
        "body": "<${1:i} class=\"fl-nixos\"></${1:i}>$0",
        "description": "<i>",
        "prefix": "fl-nixos"
    },
    "fl-opensuse": {
        "body": "<${1:i} class=\"fl-opensuse\"></${1:i}>$0",
        "description": "<i>",
        "prefix": "fl-opensuse"
    },
    "fl-raspberry-pi": {
        "body": "<${1:i} class=\"fl-raspberry-pi\"></${1:i}>$0",
        "description": "<i>",
        "prefix": "fl-raspberry-pi"
    },
    "fl-redhat": {
        "body": "<${1:i} class=\"fl-redhat\"></${1:i}>$0",
        "description": "<i>",
        "prefix": "fl-redhat"
    },
    "fl-sabayon": {
        "body": "<${1:i} class=\"fl-sabayon\"></${1:i}>$0",
        "description": "<i>",
        "prefix": "fl-sabayon"
    },
    "fl-slackware": {
        "body": "<${1:i} class=\"fl-slackware\"></${1:i}>$0",
        "description": "<i>",
        "prefix": "fl-slackware"
    },
    "fl-slackware-inverse": {
        "body": "<${1:i} class=\"fl-slackware-inverse\"></${1:i}>$0",
        "description": "<i>",
        "prefix": "fl-slackware-inverse"
    },
    "fl-snappy": {
        "body": "<${1:i} class=\"fl-snappy\"></${1:i}>$0",
        "description": "<i>",
        "prefix": "fl-snappy"
    },
    "fl-tux": {
        "body": "<${1:i} class=\"fl-tux\"></${1:i}>$0",
        "description": "<i>",
        "prefix": "fl-tux"
    },
    "fl-ubuntu": {
        "body": "<${1:i} class=\"fl-ubuntu\"></${1:i}>$0",
        "description": "<i>",
        "prefix": "fl-ubuntu"
    },
    "fl-ubuntu-inverse": {
        "body": "<${1:i} class=\"fl-ubuntu-inverse\"></${1:i}>$0",
        "description": "<i>",
        "prefix": "fl-ubuntu-inverse"
    }
}