{
    "glyphicon-asterisk": {
        "body": "<${1:span} class=\"glyphicon glyphicon-asterisk\"></${1:span}>$0",
        "description": "<span>",
        "prefix": "glyphicon-asterisk"
    },
    "glyphicon-plus": {
        "body": "<${1:span} class=\"glyphicon glyphicon-plus\"></${1:span}>$0",
        "description": "<span>",
        "prefix": "glyphicon-plus"
    },
    "glyphicon-euro": {
        "body": "<${1:span} class=\"glyphicon glyphicon-euro\"></${1:span}>$0",
        "description": "<span>",
        "prefix": "glyphicon-euro"
    },
    "glyphicon-minus": {
        "body": "<${1:span} class=\"glyphicon glyphicon-minus\"></${1:span}>$0",
        "description": "<span>",
        "prefix": "glyphicon-minus"
    },
    "glyphicon-cloud": {
        "body": "<${1:span} class=\"glyphicon glyphicon-cloud\"></${1:span}>$0",
        "description": "<span>",
        "prefix": "glyphicon-cloud"
    },
    "glyphicon-envelope": {
        "body": "<${1:span} class=\"glyphicon glyphicon-envelope\"></${1:span}>$0",
        "description": "<span>",
        "prefix": "glyphicon-envelope"
    },
    "glyphicon-pencil": {
        "body": "<${1:span} class=\"glyphicon glyphicon-pencil\"></${1:span}>$0",
        "description": "<span>",
        "prefix": "glyphicon-pencil"
    },
    "glyphicon-glass": {
        "body": "<${1:span} class=\"glyphicon glyphicon-glass\"></${1:span}>$0",
        "description": "<span>",
        "prefix": "glyphicon-glass"
    },
    "glyphicon-music": {
        "body": "<${1:span} class=\"glyphicon glyphicon-music\"></${1:span}>$0",
        "description": "<span>",
        "prefix": "glyphicon-music"
    },
    "glyphicon-search": {
        "body": "<${1:span} class=\"glyphicon glyphicon-search\"></${1:span}>$0",
        "description": "<span>",
        "prefix": "glyphicon-search"
    },
    "glyphicon-heart": {
        "body": "<${1:span} class=\"glyphicon glyphicon-heart\"></${1:span}>$0",
        "description": "<span>",
        "prefix": "glyphicon-heart"
    },
    "glyphicon-star": {
        "body": "<${1:span} class=\"glyphicon glyphicon-star\"></${1:span}>$0",
        "description": "<span>",
        "prefix": "glyphicon-star"
    },
    "glyphicon-star-empty": {
        "body": "<${1:span} class=\"glyphicon glyphicon-star-empty\"></${1:span}>$0",
        "description": "<span>",
        "prefix": "glyphicon-star-empty"
    },
    "glyphicon-user": {
        "body": "<${1:span} class=\"glyphicon glyphicon-user\"></${1:span}>$0",
        "description": "<span>",
        "prefix": "glyphicon-user"
    },
    "glyphicon-film": {
        "body": "<${1:span} class=\"glyphicon glyphicon-film\"></${1:span}>$0",
        "description": "<span>",
        "prefix": "glyphicon-film"
    },
    "glyphicon-th-large": {
        "body": "<${1:span} class=\"glyphicon glyphicon-th-large\"></${1:span}>$0",
        "description": "<span>",
        "prefix": "glyphicon-th-large"
    },
    "glyphicon-th": {
        "body": "<${1:span} class=\"glyphicon glyphicon-th\"></${1:span}>$0",
        "description": "<span>",
        "prefix": "glyphicon-th"
    },
    "glyphicon-th-list": {
        "body": "<${1:span} class=\"glyphicon glyphicon-th-list\"></${1:span}>$0",
        "description": "<span>",
        "prefix": "glyphicon-th-list"
    },
    "glyphicon-ok": {
        "body": "<${1:span} class=\"glyphicon glyphicon-ok\"></${1:span}>$0",
        "description": "<span>",
        "prefix": "glyphicon-ok"
    },
    "glyphicon-remove": {
        "body": "<${1:span} class=\"glyphicon glyphicon-remove\"></${1:span}>$0",
        "description": "<span>",
        "prefix": "glyphicon-remove"
    },
    "glyphicon-zoom-in": {
        "body": "<${1:span} class=\"glyphicon glyphicon-zoom-in\"></${1:span}>$0",
        "description": "<span>",
        "prefix": "glyphicon-zoom-in"
    },
    "glyphicon-zoom-out": {
        "body": "<${1:span} class=\"glyphicon glyphicon-zoom-out\"></${1:span}>$0",
        "description": "<span>",
        "prefix": "glyphicon-zoom-out"
    },
    "glyphicon-off": {
        "body": "<${1:span} class=\"glyphicon glyphicon-off\"></${1:span}>$0",
        "description": "<span>",
        "prefix": "glyphicon-off"
    },
    "glyphicon-signal": {
        "body": "<${1:span} class=\"glyphicon glyphicon-signal\"></${1:span}>$0",
        "description": "<span>",
        "prefix": "glyphicon-signal"
    },
    "glyphicon-cog": {
        "body": "<${1:span} class=\"glyphicon glyphicon-cog\"></${1:span}>$0",
        "description": "<span>",
        "prefix": "glyphicon-cog"
    },
    "glyphicon-trash": {
        "body": "<${1:span} class=\"glyphicon glyphicon-trash\"></${1:span}>$0",
        "description": "<span>",
        "prefix": "glyphicon-trash"
    },
    "glyphicon-home": {
        "body": "<${1:span} class=\"glyphicon glyphicon-home\"></${1:span}>$0",
        "description": "<span>",
        "prefix": "glyphicon-home"
    },
    "glyphicon-file": {
        "body": "<${1:span} class=\"glyphicon glyphicon-file\"></${1:span}>$0",
        "description": "<span>",
        "prefix": "glyphicon-file"
    },
    "glyphicon-time": {
        "body": "<${1:span} class=\"glyphicon glyphicon-time\"></${1:span}>$0",
        "description": "<span>",
        "prefix": "glyphicon-time"
    },
    "glyphicon-road": {
        "body": "<${1:span} class=\"glyphicon glyphicon-road\"></${1:span}>$0",
        "description": "<span>",
        "prefix": "glyphicon-road"
    },
    "glyphicon-download-alt": {
        "body": "<${1:span} class=\"glyphicon glyphicon-download-alt\"></${1:span}>$0",
        "description": "<span>",
        "prefix": "glyphicon-download-alt"
    },
    "glyphicon-download": {
        "body": "<${1:span} class=\"glyphicon glyphicon-download\"></${1:span}>$0",
        "description": "<span>",
        "prefix": "glyphicon-download"
    },
    "glyphicon-upload": {
        "body": "<${1:span} class=\"glyphicon glyphicon-upload\"></${1:span}>$0",
        "description": "<span>",
        "prefix": "glyphicon-upload"
    },
    "glyphicon-inbox": {
        "body": "<${1:span} class=\"glyphicon glyphicon-inbox\"></${1:span}>$0",
        "description": "<span>",
        "prefix": "glyphicon-inbox"
    },
    "glyphicon-play-circle": {
        "body": "<${1:span} class=\"glyphicon glyphicon-play-circle\"></${1:span}>$0",
        "description": "<span>",
        "prefix": "glyphicon-play-circle"
    },
    "glyphicon-repeat": {
        "body": "<${1:span} class=\"glyphicon glyphicon-repeat\"></${1:span}>$0",
        "description": "<span>",
        "prefix": "glyphicon-repeat"
    },
    "glyphicon-refresh": {
        "body": "<${1:span} class=\"glyphicon glyphicon-refresh\"></${1:span}>$0",
        "description": "<span>",
        "prefix": "glyphicon-refresh"
    },
    "glyphicon-list-alt": {
        "body": "<${1:span} class=\"glyphicon glyphicon-list-alt\"></${1:span}>$0",
        "description": "<span>",
        "prefix": "glyphicon-list-alt"
    },
    "glyphicon-lock": {
        "body": "<${1:span} class=\"glyphicon glyphicon-lock\"></${1:span}>$0",
        "description": "<span>",
        "prefix": "glyphicon-lock"
    },
    "glyphicon-flag": {
        "body": "<${1:span} class=\"glyphicon glyphicon-flag\"></${1:span}>$0",
        "description": "<span>",
        "prefix": "glyphicon-flag"
    },
    "glyphicon-headphones": {
        "body": "<${1:span} class=\"glyphicon glyphicon-headphones\"></${1:span}>$0",
        "description": "<span>",
        "prefix": "glyphicon-headphones"
    },
    "glyphicon-volume-off": {
        "body": "<${1:span} class=\"glyphicon glyphicon-volume-off\"></${1:span}>$0",
        "description": "<span>",
        "prefix": "glyphicon-volume-off"
    },
    "glyphicon-volume-down": {
        "body": "<${1:span} class=\"glyphicon glyphicon-volume-down\"></${1:span}>$0",
        "description": "<span>",
        "prefix": "glyphicon-volume-down"
    },
    "glyphicon-volume-up": {
        "body": "<${1:span} class=\"glyphicon glyphicon-volume-up\"></${1:span}>$0",
        "description": "<span>",
        "prefix": "glyphicon-volume-up"
    },
    "glyphicon-qrcode": {
        "body": "<${1:span} class=\"glyphicon glyphicon-qrcode\"></${1:span}>$0",
        "description": "<span>",
        "prefix": "glyphicon-qrcode"
    },
    "glyphicon-barcode": {
        "body": "<${1:span} class=\"glyphicon glyphicon-barcode\"></${1:span}>$0",
        "description": "<span>",
        "prefix": "glyphicon-barcode"
    },
    "glyphicon-tag": {
        "body": "<${1:span} class=\"glyphicon glyphicon-tag\"></${1:span}>$0",
        "description": "<span>",
        "prefix": "glyphicon-tag"
    },
    "glyphicon-tags": {
        "body": "<${1:span} class=\"glyphicon glyphicon-tags\"></${1:span}>$0",
        "description": "<span>",
        "prefix": "glyphicon-tags"
    },
    "glyphicon-book": {
        "body": "<${1:span} class=\"glyphicon glyphicon-book\"></${1:span}>$0",
        "description": "<span>",
        "prefix": "glyphicon-book"
    },
    "glyphicon-bookmark": {
        "body": "<${1:span} class=\"glyphicon glyphicon-bookmark\"></${1:span}>$0",
        "description": "<span>",
        "prefix": "glyphicon-bookmark"
    },
    "glyphicon-print": {
        "body": "<${1:span} class=\"glyphicon glyphicon-print\"></${1:span}>$0",
        "description": "<span>",
        "prefix": "glyphicon-print"
    },
    "glyphicon-camera": {
        "body": "<${1:span} class=\"glyphicon glyphicon-camera\"></${1:span}>$0",
        "description": "<span>",
        "prefix": "glyphicon-camera"
    },
    "glyphicon-font": {
        "body": "<${1:span} class=\"glyphicon glyphicon-font\"></${1:span}>$0",
        "description": "<span>",
        "prefix": "glyphicon-font"
    },
    "glyphicon-bold": {
        "body": "<${1:span} class=\"glyphicon glyphicon-bold\"></${1:span}>$0",
        "description": "<span>",
        "prefix": "glyphicon-bold"
    },
    "glyphicon-italic": {
        "body": "<${1:span} class=\"glyphicon glyphicon-italic\"></${1:span}>$0",
        "description": "<span>",
        "prefix": "glyphicon-italic"
    },
    "glyphicon-text-height": {
        "body": "<${1:span} class=\"glyphicon glyphicon-text-height\"></${1:span}>$0",
        "description": "<span>",
        "prefix": "glyphicon-text-height"
    },
    "glyphicon-text-width": {
        "body": "<${1:span} class=\"glyphicon glyphicon-text-width\"></${1:span}>$0",
        "description": "<span>",
        "prefix": "glyphicon-text-width"
    },
    "glyphicon-align-left": {
        "body": "<${1:span} class=\"glyphicon glyphicon-align-left\"></${1:span}>$0",
        "description": "<span>",
        "prefix": "glyphicon-align-left"
    },
    "glyphicon-align-center": {
        "body": "<${1:span} class=\"glyphicon glyphicon-align-center\"></${1:span}>$0",
        "description": "<span>",
        "prefix": "glyphicon-align-center"
    },
    "glyphicon-align-right": {
        "body": "<${1:span} class=\"glyphicon glyphicon-align-right\"></${1:span}>$0",
        "description": "<span>",
        "prefix": "glyphicon-align-right"
    },
    "glyphicon-align-justify": {
        "body": "<${1:span} class=\"glyphicon glyphicon-align-justify\"></${1:span}>$0",
        "description": "<span>",
        "prefix": "glyphicon-align-justify"
    },
    "glyphicon-list": {
        "body": "<${1:span} class=\"glyphicon glyphicon-list\"></${1:span}>$0",
        "description": "<span>",
        "prefix": "glyphicon-list"
    },
    "glyphicon-indent-left": {
        "body": "<${1:span} class=\"glyphicon glyphicon-indent-left\"></${1:span}>$0",
        "description": "<span>",
        "prefix": "glyphicon-indent-left"
    },
    "glyphicon-indent-right": {
        "body": "<${1:span} class=\"glyphicon glyphicon-indent-right\"></${1:span}>$0",
        "description": "<span>",
        "prefix": "glyphicon-indent-right"
    },
    "glyphicon-facetime-video": {
        "body": "<${1:span} class=\"glyphicon glyphicon-facetime-video\"></${1:span}>$0",
        "description": "<span>",
        "prefix": "glyphicon-facetime-video"
    },
    "glyphicon-picture": {
        "body": "<${1:span} class=\"glyphicon glyphicon-picture\"></${1:span}>$0",
        "description": "<span>",
        "prefix": "glyphicon-picture"
    },
    "glyphicon-map-marker": {
        "body": "<${1:span} class=\"glyphicon glyphicon-map-marker\"></${1:span}>$0",
        "description": "<span>",
        "prefix": "glyphicon-map-marker"
    },
    "glyphicon-adjust": {
        "body": "<${1:span} class=\"glyphicon glyphicon-adjust\"></${1:span}>$0",
        "description": "<span>",
        "prefix": "glyphicon-adjust"
    },
    "glyphicon-tint": {
        "body": "<${1:span} class=\"glyphicon glyphicon-tint\"></${1:span}>$0",
        "description": "<span>",
        "prefix": "glyphicon-tint"
    },
    "glyphicon-edit": {
        "body": "<${1:span} class=\"glyphicon glyphicon-edit\"></${1:span}>$0",
        "description": "<span>",
        "prefix": "glyphicon-edit"
    },
    "glyphicon-share": {
        "body": "<${1:span} class=\"glyphicon glyphicon-share\"></${1:span}>$0",
        "description": "<span>",
        "prefix": "glyphicon-share"
    },
    "glyphicon-check": {
        "body": "<${1:span} class=\"glyphicon glyphicon-check\"></${1:span}>$0",
        "description": "<span>",
        "prefix": "glyphicon-check"
    },
    "glyphicon-move": {
        "body": "<${1:span} class=\"glyphicon glyphicon-move\"></${1:span}>$0",
        "description": "<span>",
        "prefix": "glyphicon-move"
    },
    "glyphicon-step-backward": {
        "body": "<${1:span} class=\"glyphicon glyphicon-step-backward\"></${1:span}>$0",
        "description": "<span>",
        "prefix": "glyphicon-step-backward"
    },
    "glyphicon-fast-backward": {
        "body": "<${1:span} class=\"glyphicon glyphicon-fast-backward\"></${1:span}>$0",
        "description": "<span>",
        "prefix": "glyphicon-fast-backward"
    },
    "glyphicon-backward": {
        "body": "<${1:span} class=\"glyphicon glyphicon-backward\"></${1:span}>$0",
        "description": "<span>",
        "prefix": "glyphicon-backward"
    },
    "glyphicon-play": {
        "body": "<${1:span} class=\"glyphicon glyphicon-play\"></${1:span}>$0",
        "description": "<span>",
        "prefix": "glyphicon-play"
    },
    "glyphicon-pause": {
        "body": "<${1:span} class=\"glyphicon glyphicon-pause\"></${1:span}>$0",
        "description": "<span>",
        "prefix": "glyphicon-pause"
    },
    "glyphicon-stop": {
        "body": "<${1:span} class=\"glyphicon glyphicon-stop\"></${1:span}>$0",
        "description": "<span>",
        "prefix": "glyphicon-stop"
    },
    "glyphicon-forward": {
        "body": "<${1:span} class=\"glyphicon glyphicon-forward\"></${1:span}>$0",
        "description": "<span>",
        "prefix": "glyphicon-forward"
    },
    "glyphicon-fast-forward": {
        "body": "<${1:span} class=\"glyphicon glyphicon-fast-forward\"></${1:span}>$0",
        "description": "<span>",
        "prefix": "glyphicon-fast-forward"
    },
    "glyphicon-step-forward": {
        "body": "<${1:span} class=\"glyphicon glyphicon-step-forward\"></${1:span}>$0",
        "description": "<span>",
        "prefix": "glyphicon-step-forward"
    },
    "glyphicon-eject": {
        "body": "<${1:span} class=\"glyphicon glyphicon-eject\"></${1:span}>$0",
        "description": "<span>",
        "prefix": "glyphicon-eject"
    },
    "glyphicon-chevron-left": {
        "body": "<${1:span} class=\"glyphicon glyphicon-chevron-left\"></${1:span}>$0",
        "description": "<span>",
        "prefix": "glyphicon-chevron-left"
    },
    "glyphicon-chevron-right": {
        "body": "<${1:span} class=\"glyphicon glyphicon-chevron-right\"></${1:span}>$0",
        "description": "<span>",
        "prefix": "glyphicon-chevron-right"
    },
    "glyphicon-plus-sign": {
        "body": "<${1:span} class=\"glyphicon glyphicon-plus-sign\"></${1:span}>$0",
        "description": "<span>",
        "prefix": "glyphicon-plus-sign"
    },
    "glyphicon-minus-sign": {
        "body": "<${1:span} class=\"glyphicon glyphicon-minus-sign\"></${1:span}>$0",
        "description": "<span>",
        "prefix": "glyphicon-minus-sign"
    },
    "glyphicon-remove-sign": {
        "body": "<${1:span} class=\"glyphicon glyphicon-remove-sign\"></${1:span}>$0",
        "description": "<span>",
        "prefix": "glyphicon-remove-sign"
    },
    "glyphicon-ok-sign": {
        "body": "<${1:span} class=\"glyphicon glyphicon-ok-sign\"></${1:span}>$0",
        "description": "<span>",
        "prefix": "glyphicon-ok-sign"
    },
    "glyphicon-question-sign": {
        "body": "<${1:span} class=\"glyphicon glyphicon-question-sign\"></${1:span}>$0",
        "description": "<span>",
        "prefix": "glyphicon-question-sign"
    },
    "glyphicon-info-sign": {
        "body": "<${1:span} class=\"glyphicon glyphicon-info-sign\"></${1:span}>$0",
        "description": "<span>",
        "prefix": "glyphicon-info-sign"
    },
    "glyphicon-screenshot": {
        "body": "<${1:span} class=\"glyphicon glyphicon-screenshot\"></${1:span}>$0",
        "description": "<span>",
        "prefix": "glyphicon-screenshot"
    },
    "glyphicon-remove-circle": {
        "body": "<${1:span} class=\"glyphicon glyphicon-remove-circle\"></${1:span}>$0",
        "description": "<span>",
        "prefix": "glyphicon-remove-circle"
    },
    "glyphicon-ok-circle": {
        "body": "<${1:span} class=\"glyphicon glyphicon-ok-circle\"></${1:span}>$0",
        "description": "<span>",
        "prefix": "glyphicon-ok-circle"
    },
    "glyphicon-ban-circle": {
        "body": "<${1:span} class=\"glyphicon glyphicon-ban-circle\"></${1:span}>$0",
        "description": "<span>",
        "prefix": "glyphicon-ban-circle"
    },
    "glyphicon-arrow-left": {
        "body": "<${1:span} class=\"glyphicon glyphicon-arrow-left\"></${1:span}>$0",
        "description": "<span>",
        "prefix": "glyphicon-arrow-left"
    },
    "glyphicon-arrow-right": {
        "body": "<${1:span} class=\"glyphicon glyphicon-arrow-right\"></${1:span}>$0",
        "description": "<span>",
        "prefix": "glyphicon-arrow-right"
    },
    "glyphicon-arrow-up": {
        "body": "<${1:span} class=\"glyphicon glyphicon-arrow-up\"></${1:span}>$0",
        "description": "<span>",
        "prefix": "glyphicon-arrow-up"
    },
    "glyphicon-arrow-down": {
        "body": "<${1:span} class=\"glyphicon glyphicon-arrow-down\"></${1:span}>$0",
        "description": "<span>",
        "prefix": "glyphicon-arrow-down"
    },
    "glyphicon-share-alt": {
        "body": "<${1:span} class=\"glyphicon glyphicon-share-alt\"></${1:span}>$0",
        "description": "<span>",
        "prefix": "glyphicon-share-alt"
    },
    "glyphicon-resize-full": {
        "body": "<${1:span} class=\"glyphicon glyphicon-resize-full\"></${1:span}>$0",
        "description": "<span>",
        "prefix": "glyphicon-resize-full"
    },
    "glyphicon-resize-small": {
        "body": "<${1:span} class=\"glyphicon glyphicon-resize-small\"></${1:span}>$0",
        "description": "<span>",
        "prefix": "glyphicon-resize-small"
    },
    "glyphicon-exclamation-sign": {
        "body": "<${1:span} class=\"glyphicon glyphicon-exclamation-sign\"></${1:span}>$0",
        "description": "<span>",
        "prefix": "glyphicon-exclamation-sign"
    },
    "glyphicon-gift": {
        "body": "<${1:span} class=\"glyphicon glyphicon-gift\"></${1:span}>$0",
        "description": "<span>",
        "prefix": "glyphicon-gift"
    },
    "glyphicon-leaf": {
        "body": "<${1:span} class=\"glyphicon glyphicon-leaf\"></${1:span}>$0",
        "description": "<span>",
        "prefix": "glyphicon-leaf"
    },
    "glyphicon-fire": {
        "body": "<${1:span} class=\"glyphicon glyphicon-fire\"></${1:span}>$0",
        "description": "<span>",
        "prefix": "glyphicon-fire"
    },
    "glyphicon-eye-open": {
        "body": "<${1:span} class=\"glyphicon glyphicon-eye-open\"></${1:span}>$0",
        "description": "<span>",
        "prefix": "glyphicon-eye-open"
    },
    "glyphicon-eye-close": {
        "body": "<${1:span} class=\"glyphicon glyphicon-eye-close\"></${1:span}>$0",
        "description": "<span>",
        "prefix": "glyphicon-eye-close"
    },
    "glyphicon-warning-sign": {
        "body": "<${1:span} class=\"glyphicon glyphicon-warning-sign\"></${1:span}>$0",
        "description": "<span>",
        "prefix": "glyphicon-warning-sign"
    },
    "glyphicon-plane": {
        "body": "<${1:span} class=\"glyphicon glyphicon-plane\"></${1:span}>$0",
        "description": "<span>",
        "prefix": "glyphicon-plane"
    },
    "glyphicon-calendar": {
        "body": "<${1:span} class=\"glyphicon glyphicon-calendar\"></${1:span}>$0",
        "description": "<span>",
        "prefix": "glyphicon-calendar"
    },
    "glyphicon-random": {
        "body": "<${1:span} class=\"glyphicon glyphicon-random\"></${1:span}>$0",
        "description": "<span>",
        "prefix": "glyphicon-random"
    },
    "glyphicon-comment": {
        "body": "<${1:span} class=\"glyphicon glyphicon-comment\"></${1:span}>$0",
        "description": "<span>",
        "prefix": "glyphicon-comment"
    },
    "glyphicon-magnet": {
        "body": "<${1:span} class=\"glyphicon glyphicon-magnet\"></${1:span}>$0",
        "description": "<span>",
        "prefix": "glyphicon-magnet"
    },
    "glyphicon-chevron-up": {
        "body": "<${1:span} class=\"glyphicon glyphicon-chevron-up\"></${1:span}>$0",
        "description": "<span>",
        "prefix": "glyphicon-chevron-up"
    },
    "glyphicon-chevron-down": {
        "body": "<${1:span} class=\"glyphicon glyphicon-chevron-down\"></${1:span}>$0",
        "description": "<span>",
        "prefix": "glyphicon-chevron-down"
    },
    "glyphicon-retweet": {
        "body": "<${1:span} class=\"glyphicon glyphicon-retweet\"></${1:span}>$0",
        "description": "<span>",
        "prefix": "glyphicon-retweet"
    },
    "glyphicon-shopping-cart": {
        "body": "<${1:span} class=\"glyphicon glyphicon-shopping-cart\"></${1:span}>$0",
        "description": "<span>",
        "prefix": "glyphicon-shopping-cart"
    },
    "glyphicon-folder-close": {
        "body": "<${1:span} class=\"glyphicon glyphicon-folder-close\"></${1:span}>$0",
        "description": "<span>",
        "prefix": "glyphicon-folder-close"
    },
    "glyphicon-folder-open": {
        "body": "<${1:span} class=\"glyphicon glyphicon-folder-open\"></${1:span}>$0",
        "description": "<span>",
        "prefix": "glyphicon-folder-open"
    },
    "glyphicon-resize-vertical": {
        "body": "<${1:span} class=\"glyphicon glyphicon-resize-vertical\"></${1:span}>$0",
        "description": "<span>",
        "prefix": "glyphicon-resize-vertical"
    },
    "glyphicon-resize-horizontal": {
        "body": "<${1:span} class=\"glyphicon glyphicon-resize-horizontal\"></${1:span}>$0",
        "description": "<span>",
        "prefix": "glyphicon-resize-horizontal"
    },
    "glyphicon-hdd": {
        "body": "<${1:span} class=\"glyphicon glyphicon-hdd\"></${1:span}>$0",
        "description": "<span>",
        "prefix": "glyphicon-hdd"
    },
    "glyphicon-bullhorn": {
        "body": "<${1:span} class=\"glyphicon glyphicon-bullhorn\"></${1:span}>$0",
        "description": "<span>",
        "prefix": "glyphicon-bullhorn"
    },
    "glyphicon-bell": {
        "body": "<${1:span} class=\"glyphicon glyphicon-bell\"></${1:span}>$0",
        "description": "<span>",
        "prefix": "glyphicon-bell"
    },
    "glyphicon-certificate": {
        "body": "<${1:span} class=\"glyphicon glyphicon-certificate\"></${1:span}>$0",
        "description": "<span>",
        "prefix": "glyphicon-certificate"
    },
    "glyphicon-thumbs-up": {
        "body": "<${1:span} class=\"glyphicon glyphicon-thumbs-up\"></${1:span}>$0",
        "description": "<span>",
        "prefix": "glyphicon-thumbs-up"
    },
    "glyphicon-thumbs-down": {
        "body": "<${1:span} class=\"glyphicon glyphicon-thumbs-down\"></${1:span}>$0",
        "description": "<span>",
        "prefix": "glyphicon-thumbs-down"
    },
    "glyphicon-hand-right": {
        "body": "<${1:span} class=\"glyphicon glyphicon-hand-right\"></${1:span}>$0",
        "description": "<span>",
        "prefix": "glyphicon-hand-right"
    },
    "glyphicon-hand-left": {
        "body": "<${1:span} class=\"glyphicon glyphicon-hand-left\"></${1:span}>$0",
        "description": "<span>",
        "prefix": "glyphicon-hand-left"
    },
    "glyphicon-hand-up": {
        "body": "<${1:span} class=\"glyphicon glyphicon-hand-up\"></${1:span}>$0",
        "description": "<span>",
        "prefix": "glyphicon-hand-up"
    },
    "glyphicon-hand-down": {
        "body": "<${1:span} class=\"glyphicon glyphicon-hand-down\"></${1:span}>$0",
        "description": "<span>",
        "prefix": "glyphicon-hand-down"
    },
    "glyphicon-circle-arrow-right": {
        "body": "<${1:span} class=\"glyphicon glyphicon-circle-arrow-right\"></${1:span}>$0",
        "description": "<span>",
        "prefix": "glyphicon-circle-arrow-right"
    },
    "glyphicon-circle-arrow-left": {
        "body": "<${1:span} class=\"glyphicon glyphicon-circle-arrow-left\"></${1:span}>$0",
        "description": "<span>",
        "prefix": "glyphicon-circle-arrow-left"
    },
    "glyphicon-circle-arrow-up": {
        "body": "<${1:span} class=\"glyphicon glyphicon-circle-arrow-up\"></${1:span}>$0",
        "description": "<span>",
        "prefix": "glyphicon-circle-arrow-up"
    },
    "glyphicon-circle-arrow-down": {
        "body": "<${1:span} class=\"glyphicon glyphicon-circle-arrow-down\"></${1:span}>$0",
        "description": "<span>",
        "prefix": "glyphicon-circle-arrow-down"
    },
    "glyphicon-globe": {
        "body": "<${1:span} class=\"glyphicon glyphicon-globe\"></${1:span}>$0",
        "description": "<span>",
        "prefix": "glyphicon-globe"
    },
    "glyphicon-wrench": {
        "body": "<${1:span} class=\"glyphicon glyphicon-wrench\"></${1:span}>$0",
        "description": "<span>",
        "prefix": "glyphicon-wrench"
    },
    "glyphicon-tasks": {
        "body": "<${1:span} class=\"glyphicon glyphicon-tasks\"></${1:span}>$0",
        "description": "<span>",
        "prefix": "glyphicon-tasks"
    },
    "glyphicon-filter": {
        "body": "<${1:span} class=\"glyphicon glyphicon-filter\"></${1:span}>$0",
        "description": "<span>",
        "prefix": "glyphicon-filter"
    },
    "glyphicon-briefcase": {
        "body": "<${1:span} class=\"glyphicon glyphicon-briefcase\"></${1:span}>$0",
        "description": "<span>",
        "prefix": "glyphicon-briefcase"
    },
    "glyphicon-fullscreen": {
        "body": "<${1:span} class=\"glyphicon glyphicon-fullscreen\"></${1:span}>$0",
        "description": "<span>",
        "prefix": "glyphicon-fullscreen"
    },
    "glyphicon-dashboard": {
        "body": "<${1:span} class=\"glyphicon glyphicon-dashboard\"></${1:span}>$0",
        "description": "<span>",
        "prefix": "glyphicon-dashboard"
    },
    "glyphicon-paperclip": {
        "body": "<${1:span} class=\"glyphicon glyphicon-paperclip\"></${1:span}>$0",
        "description": "<span>",
        "prefix": "glyphicon-paperclip"
    },
    "glyphicon-heart-empty": {
        "body": "<${1:span} class=\"glyphicon glyphicon-heart-empty\"></${1:span}>$0",
        "description": "<span>",
        "prefix": "glyphicon-heart-empty"
    },
    "glyphicon-link": {
        "body": "<${1:span} class=\"glyphicon glyphicon-link\"></${1:span}>$0",
        "description": "<span>",
        "prefix": "glyphicon-link"
    },
    "glyphicon-phone": {
        "body": "<${1:span} class=\"glyphicon glyphicon-phone\"></${1:span}>$0",
        "description": "<span>",
        "prefix": "glyphicon-phone"
    },
    "glyphicon-pushpin": {
        "body": "<${1:span} class=\"glyphicon glyphicon-pushpin\"></${1:span}>$0",
        "description": "<span>",
        "prefix": "glyphicon-pushpin"
    },
    "glyphicon-usd": {
        "body": "<${1:span} class=\"glyphicon glyphicon-usd\"></${1:span}>$0",
        "description": "<span>",
        "prefix": "glyphicon-usd"
    },
    "glyphicon-gbp": {
        "body": "<${1:span} class=\"glyphicon glyphicon-gbp\"></${1:span}>$0",
        "description": "<span>",
        "prefix": "glyphicon-gbp"
    },
    "glyphicon-sort": {
        "body": "<${1:span} class=\"glyphicon glyphicon-sort\"></${1:span}>$0",
        "description": "<span>",
        "prefix": "glyphicon-sort"
    },
    "glyphicon-sort-by-alphabet": {
        "body": "<${1:span} class=\"glyphicon glyphicon-sort-by-alphabet\"></${1:span}>$0",
        "description": "<span>",
        "prefix": "glyphicon-sort-by-alphabet"
    },
    "glyphicon-sort-by-alphabet-alt": {
        "body": "<${1:span} class=\"glyphicon glyphicon-sort-by-alphabet-alt\"></${1:span}>$0",
        "description": "<span>",
        "prefix": "glyphicon-sort-by-alphabet-alt"
    },
    "glyphicon-sort-by-order": {
        "body": "<${1:span} class=\"glyphicon glyphicon-sort-by-order\"></${1:span}>$0",
        "description": "<span>",
        "prefix": "glyphicon-sort-by-order"
    },
    "glyphicon-sort-by-order-alt": {
        "body": "<${1:span} class=\"glyphicon glyphicon-sort-by-order-alt\"></${1:span}>$0",
        "description": "<span>",
        "prefix": "glyphicon-sort-by-order-alt"
    },
    "glyphicon-sort-by-attributes": {
        "body": "<${1:span} class=\"glyphicon glyphicon-sort-by-attributes\"></${1:span}>$0",
        "description": "<span>",
        "prefix": "glyphicon-sort-by-attributes"
    },
    "glyphicon-sort-by-attributes-alt": {
        "body": "<${1:span} class=\"glyphicon glyphicon-sort-by-attributes-alt\"></${1:span}>$0",
        "description": "<span>",
        "prefix": "glyphicon-sort-by-attributes-alt"
    },
    "glyphicon-unchecked": {
        "body": "<${1:span} class=\"glyphicon glyphicon-unchecked\"></${1:span}>$0",
        "description": "<span>",
        "prefix": "glyphicon-unchecked"
    },
    "glyphicon-expand": {
        "body": "<${1:span} class=\"glyphicon glyphicon-expand\"></${1:span}>$0",
        "description": "<span>",
        "prefix": "glyphicon-expand"
    },
    "glyphicon-collapse-down": {
        "body": "<${1:span} class=\"glyphicon glyphicon-collapse-down\"></${1:span}>$0",
        "description": "<span>",
        "prefix": "glyphicon-collapse-down"
    },
    "glyphicon-collapse-up": {
        "body": "<${1:span} class=\"glyphicon glyphicon-collapse-up\"></${1:span}>$0",
        "description": "<span>",
        "prefix": "glyphicon-collapse-up"
    },
    "glyphicon-log-in": {
        "body": "<${1:span} class=\"glyphicon glyphicon-log-in\"></${1:span}>$0",
        "description": "<span>",
        "prefix": "glyphicon-log-in"
    },
    "glyphicon-flash": {
        "body": "<${1:span} class=\"glyphicon glyphicon-flash\"></${1:span}>$0",
        "description": "<span>",
        "prefix": "glyphicon-flash"
    },
    "glyphicon-log-out": {
        "body": "<${1:span} class=\"glyphicon glyphicon-log-out\"></${1:span}>$0",
        "description": "<span>",
        "prefix": "glyphicon-log-out"
    },
    "glyphicon-new-window": {
        "body": "<${1:span} class=\"glyphicon glyphicon-new-window\"></${1:span}>$0",
        "description": "<span>",
        "prefix": "glyphicon-new-window"
    },
    "glyphicon-record": {
        "body": "<${1:span} class=\"glyphicon glyphicon-record\"></${1:span}>$0",
        "description": "<span>",
        "prefix": "glyphicon-record"
    },
    "glyphicon-save": {
        "body": "<${1:span} class=\"glyphicon glyphicon-save\"></${1:span}>$0",
        "description": "<span>",
        "prefix": "glyphicon-save"
    },
    "glyphicon-open": {
        "body": "<${1:span} class=\"glyphicon glyphicon-open\"></${1:span}>$0",
        "description": "<span>",
        "prefix": "glyphicon-open"
    },
    "glyphicon-saved": {
        "body": "<${1:span} class=\"glyphicon glyphicon-saved\"></${1:span}>$0",
        "description": "<span>",
        "prefix": "glyphicon-saved"
    },
    "glyphicon-import": {
        "body": "<${1:span} class=\"glyphicon glyphicon-import\"></${1:span}>$0",
        "description": "<span>",
        "prefix": "glyphicon-import"
    },
    "glyphicon-export": {
        "body": "<${1:span} class=\"glyphicon glyphicon-export\"></${1:span}>$0",
        "description": "<span>",
        "prefix": "glyphicon-export"
    },
    "glyphicon-send": {
        "body": "<${1:span} class=\"glyphicon glyphicon-send\"></${1:span}>$0",
        "description": "<span>",
        "prefix": "glyphicon-send"
    },
    "glyphicon-floppy-disk": {
        "body": "<${1:span} class=\"glyphicon glyphicon-floppy-disk\"></${1:span}>$0",
        "description": "<span>",
        "prefix": "glyphicon-floppy-disk"
    },
    "glyphicon-floppy-saved": {
        "body": "<${1:span} class=\"glyphicon glyphicon-floppy-saved\"></${1:span}>$0",
        "description": "<span>",
        "prefix": "glyphicon-floppy-saved"
    },
    "glyphicon-floppy-remove": {
        "body": "<${1:span} class=\"glyphicon glyphicon-floppy-remove\"></${1:span}>$0",
        "description": "<span>",
        "prefix": "glyphicon-floppy-remove"
    },
    "glyphicon-floppy-save": {
        "body": "<${1:span} class=\"glyphicon glyphicon-floppy-save\"></${1:span}>$0",
        "description": "<span>",
        "prefix": "glyphicon-floppy-save"
    },
    "glyphicon-floppy-open": {
        "body": "<${1:span} class=\"glyphicon glyphicon-floppy-open\"></${1:span}>$0",
        "description": "<span>",
        "prefix": "glyphicon-floppy-open"
    },
    "glyphicon-credit-card": {
        "body": "<${1:span} class=\"glyphicon glyphicon-credit-card\"></${1:span}>$0",
        "description": "<span>",
        "prefix": "glyphicon-credit-card"
    },
    "glyphicon-transfer": {
        "body": "<${1:span} class=\"glyphicon glyphicon-transfer\"></${1:span}>$0",
        "description": "<span>",
        "prefix": "glyphicon-transfer"
    },
    "glyphicon-cutlery": {
        "body": "<${1:span} class=\"glyphicon glyphicon-cutlery\"></${1:span}>$0",
        "description": "<span>",
        "prefix": "glyphicon-cutlery"
    },
    "glyphicon-header": {
        "body": "<${1:span} class=\"glyphicon glyphicon-header\"></${1:span}>$0",
        "description": "<span>",
        "prefix": "glyphicon-header"
    },
    "glyphicon-compressed": {
        "body": "<${1:span} class=\"glyphicon glyphicon-compressed\"></${1:span}>$0",
        "description": "<span>",
        "prefix": "glyphicon-compressed"
    },
    "glyphicon-earphone": {
        "body": "<${1:span} class=\"glyphicon glyphicon-earphone\"></${1:span}>$0",
        "description": "<span>",
        "prefix": "glyphicon-earphone"
    },
    "glyphicon-phone-alt": {
        "body": "<${1:span} class=\"glyphicon glyphicon-phone-alt\"></${1:span}>$0",
        "description": "<span>",
        "prefix": "glyphicon-phone-alt"
    },
    "glyphicon-tower": {
        "body": "<${1:span} class=\"glyphicon glyphicon-tower\"></${1:span}>$0",
        "description": "<span>",
        "prefix": "glyphicon-tower"
    },
    "glyphicon-stats": {
        "body": "<${1:span} class=\"glyphicon glyphicon-stats\"></${1:span}>$0",
        "description": "<span>",
        "prefix": "glyphicon-stats"
    },
    "glyphicon-sd-video": {
        "body": "<${1:span} class=\"glyphicon glyphicon-sd-video\"></${1:span}>$0",
        "description": "<span>",
        "prefix": "glyphicon-sd-video"
    },
    "glyphicon-hd-video": {
        "body": "<${1:span} class=\"glyphicon glyphicon-hd-video\"></${1:span}>$0",
        "description": "<span>",
        "prefix": "glyphicon-hd-video"
    },
    "glyphicon-subtitles": {
        "body": "<${1:span} class=\"glyphicon glyphicon-subtitles\"></${1:span}>$0",
        "description": "<span>",
        "prefix": "glyphicon-subtitles"
    },
    "glyphicon-sound-stereo": {
        "body": "<${1:span} class=\"glyphicon glyphicon-sound-stereo\"></${1:span}>$0",
        "description": "<span>",
        "prefix": "glyphicon-sound-stereo"
    },
    "glyphicon-sound-dolby": {
        "body": "<${1:span} class=\"glyphicon glyphicon-sound-dolby\"></${1:span}>$0",
        "description": "<span>",
        "prefix": "glyphicon-sound-dolby"
    },
    "glyphicon-sound-5-1": {
        "body": "<${1:span} class=\"glyphicon glyphicon-sound-5-1\"></${1:span}>$0",
        "description": "<span>",
        "prefix": "glyphicon-sound-5-1"
    },
    "glyphicon-sound-6-1": {
        "body": "<${1:span} class=\"glyphicon glyphicon-sound-6-1\"></${1:span}>$0",
        "description": "<span>",
        "prefix": "glyphicon-sound-6-1"
    },
    "glyphicon-sound-7-1": {
        "body": "<${1:span} class=\"glyphicon glyphicon-sound-7-1\"></${1:span}>$0",
        "description": "<span>",
        "prefix": "glyphicon-sound-7-1"
    },
    "glyphicon-copyright-mark": {
        "body": "<${1:span} class=\"glyphicon glyphicon-copyright-mark\"></${1:span}>$0",
        "description": "<span>",
        "prefix": "glyphicon-copyright-mark"
    },
    "glyphicon-registration-mark": {
        "body": "<${1:span} class=\"glyphicon glyphicon-registration-mark\"></${1:span}>$0",
        "description": "<span>",
        "prefix": "glyphicon-registration-mark"
    },
    "glyphicon-cloud-download": {
        "body": "<${1:span} class=\"glyphicon glyphicon-cloud-download\"></${1:span}>$0",
        "description": "<span>",
        "prefix": "glyphicon-cloud-download"
    },
    "glyphicon-cloud-upload": {
        "body": "<${1:span} class=\"glyphicon glyphicon-cloud-upload\"></${1:span}>$0",
        "description": "<span>",
        "prefix": "glyphicon-cloud-upload"
    },
    "glyphicon-tree-conifer": {
        "body": "<${1:span} class=\"glyphicon glyphicon-tree-conifer\"></${1:span}>$0",
        "description": "<span>",
        "prefix": "glyphicon-tree-conifer"
    },
    "glyphicon-tree-deciduous": {
        "body": "<${1:span} class=\"glyphicon glyphicon-tree-deciduous\"></${1:span}>$0",
        "description": "<span>",
        "prefix": "glyphicon-tree-deciduous"
    },
    "glyphicon-cd": {
        "body": "<${1:span} class=\"glyphicon glyphicon-cd\"></${1:span}>$0",
        "description": "<span>",
        "prefix": "glyphicon-cd"
    },
    "glyphicon-save-file": {
        "body": "<${1:span} class=\"glyphicon glyphicon-save-file\"></${1:span}>$0",
        "description": "<span>",
        "prefix": "glyphicon-save-file"
    },
    "glyphicon-open-file": {
        "body": "<${1:span} class=\"glyphicon glyphicon-open-file\"></${1:span}>$0",
        "description": "<span>",
        "prefix": "glyphicon-open-file"
    },
    "glyphicon-level-up": {
        "body": "<${1:span} class=\"glyphicon glyphicon-level-up\"></${1:span}>$0",
        "description": "<span>",
        "prefix": "glyphicon-level-up"
    },
    "glyphicon-copy": {
        "body": "<${1:span} class=\"glyphicon glyphicon-copy\"></${1:span}>$0",
        "description": "<span>",
        "prefix": "glyphicon-copy"
    },
    "glyphicon-paste": {
        "body": "<${1:span} class=\"glyphicon glyphicon-paste\"></${1:span}>$0",
        "description": "<span>",
        "prefix": "glyphicon-paste"
    },
    "glyphicon-alert": {
        "body": "<${1:span} class=\"glyphicon glyphicon-alert\"></${1:span}>$0",
        "description": "<span>",
        "prefix": "glyphicon-alert"
    },
    "glyphicon-equalizer": {
        "body": "<${1:span} class=\"glyphicon glyphicon-equalizer\"></${1:span}>$0",
        "description": "<span>",
        "prefix": "glyphicon-equalizer"
    },
    "glyphicon-king": {
        "body": "<${1:span} class=\"glyphicon glyphicon-king\"></${1:span}>$0",
        "description": "<span>",
        "prefix": "glyphicon-king"
    },
    "glyphicon-queen": {
        "body": "<${1:span} class=\"glyphicon glyphicon-queen\"></${1:span}>$0",
        "description": "<span>",
        "prefix": "glyphicon-queen"
    },
    "glyphicon-pawn": {
        "body": "<${1:span} class=\"glyphicon glyphicon-pawn\"></${1:span}>$0",
        "description": "<span>",
        "prefix": "glyphicon-pawn"
    },
    "glyphicon-bishop": {
        "body": "<${1:span} class=\"glyphicon glyphicon-bishop\"></${1:span}>$0",
        "description": "<span>",
        "prefix": "glyphicon-bishop"
    },
    "glyphicon-knight": {
        "body": "<${1:span} class=\"glyphicon glyphicon-knight\"></${1:span}>$0",
        "description": "<span>",
        "prefix": "glyphicon-knight"
    },
    "glyphicon-baby-formula": {
        "body": "<${1:span} class=\"glyphicon glyphicon-baby-formula\"></${1:span}>$0",
        "description": "<span>",
        "prefix": "glyphicon-baby-formula"
    },
    "glyphicon-tent": {
        "body": "<${1:span} class=\"glyphicon glyphicon-tent\"></${1:span}>$0",
        "description": "<span>",
        "prefix": "glyphicon-tent"
    },
    "glyphicon-blackboard": {
        "body": "<${1:span} class=\"glyphicon glyphicon-blackboard\"></${1:span}>$0",
        "description": "<span>",
        "prefix": "glyphicon-blackboard"
    },
    "glyphicon-bed": {
        "body": "<${1:span} class=\"glyphicon glyphicon-bed\"></${1:span}>$0",
        "description": "<span>",
        "prefix": "glyphicon-bed"
    },
    "glyphicon-apple": {
        "body": "<${1:span} class=\"glyphicon glyphicon-apple\"></${1:span}>$0",
        "description": "<span>",
        "prefix": "glyphicon-apple"
    },
    "glyphicon-erase": {
        "body": "<${1:span} class=\"glyphicon glyphicon-erase\"></${1:span}>$0",
        "description": "<span>",
        "prefix": "glyphicon-erase"
    },
    "glyphicon-hourglass": {
        "body": "<${1:span} class=\"glyphicon glyphicon-hourglass\"></${1:span}>$0",
        "description": "<span>",
        "prefix": "glyphicon-hourglass"
    },
    "glyphicon-lamp": {
        "body": "<${1:span} class=\"glyphicon glyphicon-lamp\"></${1:span}>$0",
        "description": "<span>",
        "prefix": "glyphicon-lamp"
    },
    "glyphicon-duplicate": {
        "body": "<${1:span} class=\"glyphicon glyphicon-duplicate\"></${1:span}>$0",
        "description": "<span>",
        "prefix": "glyphicon-duplicate"
    },
    "glyphicon-piggy-bank": {
        "body": "<${1:span} class=\"glyphicon glyphicon-piggy-bank\"></${1:span}>$0",
        "description": "<span>",
        "prefix": "glyphicon-piggy-bank"
    },
    "glyphicon-scissors": {
        "body": "<${1:span} class=\"glyphicon glyphicon-scissors\"></${1:span}>$0",
        "description": "<span>",
        "prefix": "glyphicon-scissors"
    },
    "glyphicon-bitcoin": {
        "body": "<${1:span} class=\"glyphicon glyphicon-bitcoin\"></${1:span}>$0",
        "description": "<span>",
        "prefix": "glyphicon-bitcoin"
    },
    "glyphicon-btc": {
        "body": "<${1:span} class=\"glyphicon glyphicon-btc\"></${1:span}>$0",
        "description": "<span>",
        "prefix": "glyphicon-btc"
    },
    "glyphicon-xbt": {
        "body": "<${1:span} class=\"glyphicon glyphicon-xbt\"></${1:span}>$0",
        "description": "<span>",
        "prefix": "glyphicon-xbt"
    },
    "glyphicon-yen": {
        "body": "<${1:span} class=\"glyphicon glyphicon-yen\"></${1:span}>$0",
        "description": "<span>",
        "prefix": "glyphicon-yen"
    },
    "glyphicon-jpy": {
        "body": "<${1:span} class=\"glyphicon glyphicon-jpy\"></${1:span}>$0",
        "description": "<span>",
        "prefix": "glyphicon-jpy"
    },
    "glyphicon-ruble": {
        "body": "<${1:span} class=\"glyphicon glyphicon-ruble\"></${1:span}>$0",
        "description": "<span>",
        "prefix": "glyphicon-ruble"
    },
    "glyphicon-rub": {
        "body": "<${1:span} class=\"glyphicon glyphicon-rub\"></${1:span}>$0",
        "description": "<span>",
        "prefix": "glyphicon-rub"
    },
    "glyphicon-scale": {
        "body": "<${1:span} class=\"glyphicon glyphicon-scale\"></${1:span}>$0",
        "description": "<span>",
        "prefix": "glyphicon-scale"
    },
    "glyphicon-ice-lolly": {
        "body": "<${1:span} class=\"glyphicon glyphicon-ice-lolly\"></${1:span}>$0",
        "description": "<span>",
        "prefix": "glyphicon-ice-lolly"
    },
    "glyphicon-ice-lolly-tasted": {
        "body": "<${1:span} class=\"glyphicon glyphicon-ice-lolly-tasted\"></${1:span}>$0",
        "description": "<span>",
        "prefix": "glyphicon-ice-lolly-tasted"
    },
    "glyphicon-education": {
        "body": "<${1:span} class=\"glyphicon glyphicon-education\"></${1:span}>$0",
        "description": "<span>",
        "prefix": "glyphicon-education"
    },
    "glyphicon-option-horizontal": {
        "body": "<${1:span} class=\"glyphicon glyphicon-option-horizontal\"></${1:span}>$0",
        "description": "<span>",
        "prefix": "glyphicon-option-horizontal"
    },
    "glyphicon-option-vertical": {
        "body": "<${1:span} class=\"glyphicon glyphicon-option-vertical\"></${1:span}>$0",
        "description": "<span>",
        "prefix": "glyphicon-option-vertical"
    },
    "glyphicon-menu-hamburger": {
        "body": "<${1:span} class=\"glyphicon glyphicon-menu-hamburger\"></${1:span}>$0",
        "description": "<span>",
        "prefix": "glyphicon-menu-hamburger"
    },
    "glyphicon-modal-window": {
        "body": "<${1:span} class=\"glyphicon glyphicon-modal-window\"></${1:span}>$0",
        "description": "<span>",
        "prefix": "glyphicon-modal-window"
    },
    "glyphicon-oil": {
        "body": "<${1:span} class=\"glyphicon glyphicon-oil\"></${1:span}>$0",
        "description": "<span>",
        "prefix": "glyphicon-oil"
    },
    "glyphicon-grain": {
        "body": "<${1:span} class=\"glyphicon glyphicon-grain\"></${1:span}>$0",
        "description": "<span>",
        "prefix": "glyphicon-grain"
    },
    "glyphicon-sunglasses": {
        "body": "<${1:span} class=\"glyphicon glyphicon-sunglasses\"></${1:span}>$0",
        "description": "<span>",
        "prefix": "glyphicon-sunglasses"
    },
    "glyphicon-text-size": {
        "body": "<${1:span} class=\"glyphicon glyphicon-text-size\"></${1:span}>$0",
        "description": "<span>",
        "prefix": "glyphicon-text-size"
    },
    "glyphicon-text-color": {
        "body": "<${1:span} class=\"glyphicon glyphicon-text-color\"></${1:span}>$0",
        "description": "<span>",
        "prefix": "glyphicon-text-color"
    },
    "glyphicon-text-background": {
        "body": "<${1:span} class=\"glyphicon glyphicon-text-background\"></${1:span}>$0",
        "description": "<span>",
        "prefix": "glyphicon-text-background"
    },
    "glyphicon-object-align-top": {
        "body": "<${1:span} class=\"glyphicon glyphicon-object-align-top\"></${1:span}>$0",
        "description": "<span>",
        "prefix": "glyphicon-object-align-top"
    },
    "glyphicon-object-align-bottom": {
        "body": "<${1:span} class=\"glyphicon glyphicon-object-align-bottom\"></${1:span}>$0",
        "description": "<span>",
        "prefix": "glyphicon-object-align-bottom"
    },
    "glyphicon-object-align-horizontal": {
        "body": "<${1:span} class=\"glyphicon glyphicon-object-align-horizontal\"></${1:span}>$0",
        "description": "<span>",
        "prefix": "glyphicon-object-align-horizontal"
    },
    "glyphicon-object-align-left": {
        "body": "<${1:span} class=\"glyphicon glyphicon-object-align-left\"></${1:span}>$0",
        "description": "<span>",
        "prefix": "glyphicon-object-align-left"
    },
    "glyphicon-object-align-vertical": {
        "body": "<${1:span} class=\"glyphicon glyphicon-object-align-vertical\"></${1:span}>$0",
        "description": "<span>",
        "prefix": "glyphicon-object-align-vertical"
    },
    "glyphicon-object-align-right": {
        "body": "<${1:span} class=\"glyphicon glyphicon-object-align-right\"></${1:span}>$0",
        "description": "<span>",
        "prefix": "glyphicon-object-align-right"
    },
    "glyphicon-triangle-right": {
        "body": "<${1:span} class=\"glyphicon glyphicon-triangle-right\"></${1:span}>$0",
        "description": "<span>",
        "prefix": "glyphicon-triangle-right"
    },
    "glyphicon-triangle-left": {
        "body": "<${1:span} class=\"glyphicon glyphicon-triangle-left\"></${1:span}>$0",
        "description": "<span>",
        "prefix": "glyphicon-triangle-left"
    },
    "glyphicon-triangle-bottom": {
        "body": "<${1:span} class=\"glyphicon glyphicon-triangle-bottom\"></${1:span}>$0",
        "description": "<span>",
        "prefix": "glyphicon-triangle-bottom"
    },
    "glyphicon-triangle-top": {
        "body": "<${1:span} class=\"glyphicon glyphicon-triangle-top\"></${1:span}>$0",
        "description": "<span>",
        "prefix": "glyphicon-triangle-top"
    },
    "glyphicon-console": {
        "body": "<${1:span} class=\"glyphicon glyphicon-console\"></${1:span}>$0",
        "description": "<span>",
        "prefix": "glyphicon-console"
    },
    "glyphicon-superscript": {
        "body": "<${1:span} class=\"glyphicon glyphicon-superscript\"></${1:span}>$0",
        "description": "<span>",
        "prefix": "glyphicon-superscript"
    },
    "glyphicon-subscript": {
        "body": "<${1:span} class=\"glyphicon glyphicon-subscript\"></${1:span}>$0",
        "description": "<span>",
        "prefix": "glyphicon-subscript"
    },
    "glyphicon-menu-left": {
        "body": "<${1:span} class=\"glyphicon glyphicon-menu-left\"></${1:span}>$0",
        "description": "<span>",
        "prefix": "glyphicon-menu-left"
    },
    "glyphicon-menu-right": {
        "body": "<${1:span} class=\"glyphicon glyphicon-menu-right\"></${1:span}>$0",
        "description": "<span>",
        "prefix": "glyphicon-menu-right"
    },
    "glyphicon-menu-down": {
        "body": "<${1:span} class=\"glyphicon glyphicon-menu-down\"></${1:span}>$0",
        "description": "<span>",
        "prefix": "glyphicon-menu-down"
    },
    "glyphicon-menu-up": {
        "body": "<${1:span} class=\"glyphicon glyphicon-menu-up\"></${1:span}>$0",
        "description": "<span>",
        "prefix": "glyphicon-menu-up"
    }
}