{
    "icon-3dprint": {
        "body": "<${1:i} class=\"icon-3dprint\"></${1:i}>$0",
        "description": "<i>",
        "prefix": "icon-3dprint"
    },
    "icon-alpinelinux": {
        "body": "<${1:i} class=\"icon-alpinelinux\"></${1:i}>$0",
        "description": "<i>",
        "prefix": "icon-alpinelinux"
    },
    "icon-angular": {
        "body": "<${1:i} class=\"icon-angular\"></${1:i}>$0",
        "description": "<i>",
        "prefix": "icon-angular"
    },
    "icon-angular-alt": {
        "body": "<${1:i} class=\"icon-angular-alt\"></${1:i}>$0",
        "description": "<i>",
        "prefix": "icon-angular-alt"
    },
    "icon-antenna": {
        "body": "<${1:i} class=\"icon-antenna\"></${1:i}>$0",
        "description": "<i>",
        "prefix": "icon-antenna"
    },
    "icon-apache": {
        "body": "<${1:i} class=\"icon-apache\"></${1:i}>$0",
        "description": "<i>",
        "prefix": "icon-apache"
    },
    "icon-archlinux": {
        "body": "<${1:i} class=\"icon-archlinux\"></${1:i}>$0",
        "description": "<i>",
        "prefix": "icon-archlinux"
    },
    "icon-aws": {
        "body": "<${1:i} class=\"icon-aws\"></${1:i}>$0",
        "description": "<i>",
        "prefix": "icon-aws"
    },
    "icon-azure": {
        "body": "<${1:i} class=\"icon-azure\"></${1:i}>$0",
        "description": "<i>",
        "prefix": "icon-azure"
    },
    "icon-backbone": {
        "body": "<${1:i} class=\"icon-backbone\"></${1:i}>$0",
        "description": "<i>",
        "prefix": "icon-backbone"
    },
    "icon-blackberry": {
        "body": "<${1:i} class=\"icon-blackberry\"></${1:i}>$0",
        "description": "<i>",
        "prefix": "icon-blackberry"
    },
    "icon-bomb": {
        "body": "<${1:i} class=\"icon-bomb\"></${1:i}>$0",
        "description": "<i>",
        "prefix": "icon-bomb"
    },
    "icon-bootstrap": {
        "body": "<${1:i} class=\"icon-bootstrap\"></${1:i}>$0",
        "description": "<i>",
        "prefix": "icon-bootstrap"
    },
    "icon-c": {
        "body": "<${1:i} class=\"icon-c\"></${1:i}>$0",
        "description": "<i>",
        "prefix": "icon-c"
    },
    "icon-cassandra": {
        "body": "<${1:i} class=\"icon-cassandra\"></${1:i}>$0",
        "description": "<i>",
        "prefix": "icon-cassandra"
    },
    "icon-centos": {
        "body": "<${1:i} class=\"icon-centos\"></${1:i}>$0",
        "description": "<i>",
        "prefix": "icon-centos"
    },
    "icon-clojure": {
        "body": "<${1:i} class=\"icon-clojure\"></${1:i}>$0",
        "description": "<i>",
        "prefix": "icon-clojure"
    },
    "icon-codeigniter": {
        "body": "<${1:i} class=\"icon-codeigniter\"></${1:i}>$0",
        "description": "<i>",
        "prefix": "icon-codeigniter"
    },
    "icon-codepen": {
        "body": "<${1:i} class=\"icon-codepen\"></${1:i}>$0",
        "description": "<i>",
        "prefix": "icon-codepen"
    },
    "icon-coffee-bean": {
        "body": "<${1:i} class=\"icon-coffee-bean\"></${1:i}>$0",
        "description": "<i>",
        "prefix": "icon-coffee-bean"
    },
    "icon-cplusplus": {
        "body": "<${1:i} class=\"icon-cplusplus\"></${1:i}>$0",
        "description": "<i>",
        "prefix": "icon-cplusplus"
    },
    "icon-csharp": {
        "body": "<${1:i} class=\"icon-csharp\"></${1:i}>$0",
        "description": "<i>",
        "prefix": "icon-csharp"
    },
    "icon-css": {
        "body": "<${1:i} class=\"icon-css\"></${1:i}>$0",
        "description": "<i>",
        "prefix": "icon-css"
    },
    "icon-css3": {
        "body": "<${1:i} class=\"icon-css3\"></${1:i}>$0",
        "description": "<i>",
        "prefix": "icon-css3"
    },
    "icon-css3-alt": {
        "body": "<${1:i} class=\"icon-css3-alt\"></${1:i}>$0",
        "description": "<i>",
        "prefix": "icon-css3-alt"
    },
    "icon-d3": {
        "body": "<${1:i} class=\"icon-d3\"></${1:i}>$0",
        "description": "<i>",
        "prefix": "icon-d3"
    },
    "icon-database": {
        "body": "<${1:i} class=\"icon-database\"></${1:i}>$0",
        "description": "<i>",
        "prefix": "icon-database"
    },
    "icon-database-alt": {
        "body": "<${1:i} class=\"icon-database-alt\"></${1:i}>$0",
        "description": "<i>",
        "prefix": "icon-database-alt"
    },
    "icon-database-alt2": {
        "body": "<${1:i} class=\"icon-database-alt2\"></${1:i}>$0",
        "description": "<i>",
        "prefix": "icon-database-alt2"
    },
    "icon-debian": {
        "body": "<${1:i} class=\"icon-debian\"></${1:i}>$0",
        "description": "<i>",
        "prefix": "icon-debian"
    },
    "icon-docker": {
        "body": "<${1:i} class=\"icon-docker\"></${1:i}>$0",
        "description": "<i>",
        "prefix": "icon-docker"
    },
    "icon-dreamhost": {
        "body": "<${1:i} class=\"icon-dreamhost\"></${1:i}>$0",
        "description": "<i>",
        "prefix": "icon-dreamhost"
    },
    "icon-elixir": {
        "body": "<${1:i} class=\"icon-elixir\"></${1:i}>$0",
        "description": "<i>",
        "prefix": "icon-elixir"
    },
    "icon-elm": {
        "body": "<${1:i} class=\"icon-elm\"></${1:i}>$0",
        "description": "<i>",
        "prefix": "icon-elm"
    },
    "icon-erlang": {
        "body": "<${1:i} class=\"icon-erlang\"></${1:i}>$0",
        "description": "<i>",
        "prefix": "icon-erlang"
    },
    "icon-exherbo": {
        "body": "<${1:i} class=\"icon-exherbo\"></${1:i}>$0",
        "description": "<i>",
        "prefix": "icon-exherbo"
    },
    "icon-fedora": {
        "body": "<${1:i} class=\"icon-fedora\"></${1:i}>$0",
        "description": "<i>",
        "prefix": "icon-fedora"
    },
    "icon-fire-alt": {
        "body": "<${1:i} class=\"icon-fire-alt\"></${1:i}>$0",
        "description": "<i>",
        "prefix": "icon-fire-alt"
    },
    "icon-freebsd": {
        "body": "<${1:i} class=\"icon-freebsd\"></${1:i}>$0",
        "description": "<i>",
        "prefix": "icon-freebsd"
    },
    "icon-freecodecamp": {
        "body": "<${1:i} class=\"icon-freecodecamp\"></${1:i}>$0",
        "description": "<i>",
        "prefix": "icon-freecodecamp"
    },
    "icon-gentoo": {
        "body": "<${1:i} class=\"icon-gentoo\"></${1:i}>$0",
        "description": "<i>",
        "prefix": "icon-gentoo"
    },
    "icon-ghost": {
        "body": "<${1:i} class=\"icon-ghost\"></${1:i}>$0",
        "description": "<i>",
        "prefix": "icon-ghost"
    },
    "icon-git": {
        "body": "<${1:i} class=\"icon-git\"></${1:i}>$0",
        "description": "<i>",
        "prefix": "icon-git"
    },
    "icon-gnome": {
        "body": "<${1:i} class=\"icon-gnome\"></${1:i}>$0",
        "description": "<i>",
        "prefix": "icon-gnome"
    },
    "icon-go": {
        "body": "<${1:i} class=\"icon-go\"></${1:i}>$0",
        "description": "<i>",
        "prefix": "icon-go"
    },
    "icon-go-alt": {
        "body": "<${1:i} class=\"icon-go-alt\"></${1:i}>$0",
        "description": "<i>",
        "prefix": "icon-go-alt"
    },
    "icon-google": {
        "body": "<${1:i} class=\"icon-google\"></${1:i}>$0",
        "description": "<i>",
        "prefix": "icon-google"
    },
    "icon-google-alt": {
        "body": "<${1:i} class=\"icon-google-alt\"></${1:i}>$0",
        "description": "<i>",
        "prefix": "icon-google-alt"
    },
    "icon-google-code": {
        "body": "<${1:i} class=\"icon-google-code\"></${1:i}>$0",
        "description": "<i>",
        "prefix": "icon-google-code"
    },
    "icon-google-developers": {
        "body": "<${1:i} class=\"icon-google-developers\"></${1:i}>$0",
        "description": "<i>",
        "prefix": "icon-google-developers"
    },
    "icon-gradle": {
        "body": "<${1:i} class=\"icon-gradle\"></${1:i}>$0",
        "description": "<i>",
        "prefix": "icon-gradle"
    },
    "icon-grails": {
        "body": "<${1:i} class=\"icon-grails\"></${1:i}>$0",
        "description": "<i>",
        "prefix": "icon-grails"
    },
    "icon-grails-alt": {
        "body": "<${1:i} class=\"icon-grails-alt\"></${1:i}>$0",
        "description": "<i>",
        "prefix": "icon-grails-alt"
    },
    "icon-grunt": {
        "body": "<${1:i} class=\"icon-grunt\"></${1:i}>$0",
        "description": "<i>",
        "prefix": "icon-grunt"
    },
    "icon-gulp": {
        "body": "<${1:i} class=\"icon-gulp\"></${1:i}>$0",
        "description": "<i>",
        "prefix": "icon-gulp"
    },
    "icon-gulp-alt": {
        "body": "<${1:i} class=\"icon-gulp-alt\"></${1:i}>$0",
        "description": "<i>",
        "prefix": "icon-gulp-alt"
    },
    "icon-hadoop": {
        "body": "<${1:i} class=\"icon-hadoop\"></${1:i}>$0",
        "description": "<i>",
        "prefix": "icon-hadoop"
    },
    "icon-haskell": {
        "body": "<${1:i} class=\"icon-haskell\"></${1:i}>$0",
        "description": "<i>",
        "prefix": "icon-haskell"
    },
    "icon-heroku": {
        "body": "<${1:i} class=\"icon-heroku\"></${1:i}>$0",
        "description": "<i>",
        "prefix": "icon-heroku"
    },
    "icon-html": {
        "body": "<${1:i} class=\"icon-html\"></${1:i}>$0",
        "description": "<i>",
        "prefix": "icon-html"
    },
    "icon-html5": {
        "body": "<${1:i} class=\"icon-html5\"></${1:i}>$0",
        "description": "<i>",
        "prefix": "icon-html5"
    },
    "icon-html5-alt": {
        "body": "<${1:i} class=\"icon-html5-alt\"></${1:i}>$0",
        "description": "<i>",
        "prefix": "icon-html5-alt"
    },
    "icon-iphone": {
        "body": "<${1:i} class=\"icon-iphone\"></${1:i}>$0",
        "description": "<i>",
        "prefix": "icon-iphone"
    },
    "icon-java": {
        "body": "<${1:i} class=\"icon-java\"></${1:i}>$0",
        "description": "<i>",
        "prefix": "icon-java"
    },
    "icon-java-bold": {
        "body": "<${1:i} class=\"icon-java-bold\"></${1:i}>$0",
        "description": "<i>",
        "prefix": "icon-java-bold"
    },
    "icon-java-duke": {
        "body": "<${1:i} class=\"icon-java-duke\"></${1:i}>$0",
        "description": "<i>",
        "prefix": "icon-java-duke"
    },
    "icon-javascript": {
        "body": "<${1:i} class=\"icon-javascript\"></${1:i}>$0",
        "description": "<i>",
        "prefix": "icon-javascript"
    },
    "icon-javascript-alt": {
        "body": "<${1:i} class=\"icon-javascript-alt\"></${1:i}>$0",
        "description": "<i>",
        "prefix": "icon-javascript-alt"
    },
    "icon-jetty": {
        "body": "<${1:i} class=\"icon-jetty\"></${1:i}>$0",
        "description": "<i>",
        "prefix": "icon-jetty"
    },
    "icon-jquery": {
        "body": "<${1:i} class=\"icon-jquery\"></${1:i}>$0",
        "description": "<i>",
        "prefix": "icon-jquery"
    },
    "icon-kde": {
        "body": "<${1:i} class=\"icon-kde\"></${1:i}>$0",
        "description": "<i>",
        "prefix": "icon-kde"
    },
    "icon-laravel": {
        "body": "<${1:i} class=\"icon-laravel\"></${1:i}>$0",
        "description": "<i>",
        "prefix": "icon-laravel"
    },
    "icon-line-graph": {
        "body": "<${1:i} class=\"icon-line-graph\"></${1:i}>$0",
        "description": "<i>",
        "prefix": "icon-line-graph"
    },
    "icon-linux-mint": {
        "body": "<${1:i} class=\"icon-linux-mint\"></${1:i}>$0",
        "description": "<i>",
        "prefix": "icon-linux-mint"
    },
    "icon-looking": {
        "body": "<${1:i} class=\"icon-looking\"></${1:i}>$0",
        "description": "<i>",
        "prefix": "icon-looking"
    },
    "icon-magento": {
        "body": "<${1:i} class=\"icon-magento\"></${1:i}>$0",
        "description": "<i>",
        "prefix": "icon-magento"
    },
    "icon-mariadb": {
        "body": "<${1:i} class=\"icon-mariadb\"></${1:i}>$0",
        "description": "<i>",
        "prefix": "icon-mariadb"
    },
    "icon-maven": {
        "body": "<${1:i} class=\"icon-maven\"></${1:i}>$0",
        "description": "<i>",
        "prefix": "icon-maven"
    },
    "icon-microscope": {
        "body": "<${1:i} class=\"icon-microscope\"></${1:i}>$0",
        "description": "<i>",
        "prefix": "icon-microscope"
    },
    "icon-mobile-device": {
        "body": "<${1:i} class=\"icon-mobile-device\"></${1:i}>$0",
        "description": "<i>",
        "prefix": "icon-mobile-device"
    },
    "icon-mobile-phone-alt": {
        "body": "<${1:i} class=\"icon-mobile-phone-alt\"></${1:i}>$0",
        "description": "<i>",
        "prefix": "icon-mobile-phone-alt"
    },
    "icon-mobile-phone-broadcast": {
        "body": "<${1:i} class=\"icon-mobile-phone-broadcast\"></${1:i}>$0",
        "description": "<i>",
        "prefix": "icon-mobile-phone-broadcast"
    },
    "icon-mongodb": {
        "body": "<${1:i} class=\"icon-mongodb\"></${1:i}>$0",
        "description": "<i>",
        "prefix": "icon-mongodb"
    },
    "icon-mssql": {
        "body": "<${1:i} class=\"icon-mssql\"></${1:i}>$0",
        "description": "<i>",
        "prefix": "icon-mssql"
    },
    "icon-mysql": {
        "body": "<${1:i} class=\"icon-mysql\"></${1:i}>$0",
        "description": "<i>",
        "prefix": "icon-mysql"
    },
    "icon-mysql-alt": {
        "body": "<${1:i} class=\"icon-mysql-alt\"></${1:i}>$0",
        "description": "<i>",
        "prefix": "icon-mysql-alt"
    },
    "icon-netbsd": {
        "body": "<${1:i} class=\"icon-netbsd\"></${1:i}>$0",
        "description": "<i>",
        "prefix": "icon-netbsd"
    },
    "icon-nginx": {
        "body": "<${1:i} class=\"icon-nginx\"></${1:i}>$0",
        "description": "<i>",
        "prefix": "icon-nginx"
    },
    "icon-nginx-alt": {
        "body": "<${1:i} class=\"icon-nginx-alt\"></${1:i}>$0",
        "description": "<i>",
        "prefix": "icon-nginx-alt"
    },
    "icon-nginx-alt2": {
        "body": "<${1:i} class=\"icon-nginx-alt2\"></${1:i}>$0",
        "description": "<i>",
        "prefix": "icon-nginx-alt2"
    },
    "icon-nodejs": {
        "body": "<${1:i} class=\"icon-nodejs\"></${1:i}>$0",
        "description": "<i>",
        "prefix": "icon-nodejs"
    },
    "icon-npm": {
        "body": "<${1:i} class=\"icon-npm\"></${1:i}>$0",
        "description": "<i>",
        "prefix": "icon-npm"
    },
    "icon-objc": {
        "body": "<${1:i} class=\"icon-objc\"></${1:i}>$0",
        "description": "<i>",
        "prefix": "icon-objc"
    },
    "icon-openshift": {
        "body": "<${1:i} class=\"icon-openshift\"></${1:i}>$0",
        "description": "<i>",
        "prefix": "icon-openshift"
    },
    "icon-oracle": {
        "body": "<${1:i} class=\"icon-oracle\"></${1:i}>$0",
        "description": "<i>",
        "prefix": "icon-oracle"
    },
    "icon-oracle-alt": {
        "body": "<${1:i} class=\"icon-oracle-alt\"></${1:i}>$0",
        "description": "<i>",
        "prefix": "icon-oracle-alt"
    },
    "icon-osx": {
        "body": "<${1:i} class=\"icon-osx\"></${1:i}>$0",
        "description": "<i>",
        "prefix": "icon-osx"
    },
    "icon-perl": {
        "body": "<${1:i} class=\"icon-perl\"></${1:i}>$0",
        "description": "<i>",
        "prefix": "icon-perl"
    },
    "icon-phone-alt": {
        "body": "<${1:i} class=\"icon-phone-alt\"></${1:i}>$0",
        "description": "<i>",
        "prefix": "icon-phone-alt"
    },
    "icon-phone-gap": {
        "body": "<${1:i} class=\"icon-phone-gap\"></${1:i}>$0",
        "description": "<i>",
        "prefix": "icon-phone-gap"
    },
    "icon-phone-retro": {
        "body": "<${1:i} class=\"icon-phone-retro\"></${1:i}>$0",
        "description": "<i>",
        "prefix": "icon-phone-retro"
    },
    "icon-php": {
        "body": "<${1:i} class=\"icon-php\"></${1:i}>$0",
        "description": "<i>",
        "prefix": "icon-php"
    },
    "icon-php-alt": {
        "body": "<${1:i} class=\"icon-php-alt\"></${1:i}>$0",
        "description": "<i>",
        "prefix": "icon-php-alt"
    },
    "icon-playframework": {
        "body": "<${1:i} class=\"icon-playframework\"></${1:i}>$0",
        "description": "<i>",
        "prefix": "icon-playframework"
    },
    "icon-playframework-alt": {
        "body": "<${1:i} class=\"icon-playframework-alt\"></${1:i}>$0",
        "description": "<i>",
        "prefix": "icon-playframework-alt"
    },
    "icon-plone": {
        "body": "<${1:i} class=\"icon-plone\"></${1:i}>$0",
        "description": "<i>",
        "prefix": "icon-plone"
    },
    "icon-postgres": {
        "body": "<${1:i} class=\"icon-postgres\"></${1:i}>$0",
        "description": "<i>",
        "prefix": "icon-postgres"
    },
    "icon-postgres-alt": {
        "body": "<${1:i} class=\"icon-postgres-alt\"></${1:i}>$0",
        "description": "<i>",
        "prefix": "icon-postgres-alt"
    },
    "icon-python": {
        "body": "<${1:i} class=\"icon-python\"></${1:i}>$0",
        "description": "<i>",
        "prefix": "icon-python"
    },
    "icon-raspberrypi": {
        "body": "<${1:i} class=\"icon-raspberrypi\"></${1:i}>$0",
        "description": "<i>",
        "prefix": "icon-raspberrypi"
    },
    "icon-reactjs": {
        "body": "<${1:i} class=\"icon-reactjs\"></${1:i}>$0",
        "description": "<i>",
        "prefix": "icon-reactjs"
    },
    "icon-redhat": {
        "body": "<${1:i} class=\"icon-redhat\"></${1:i}>$0",
        "description": "<i>",
        "prefix": "icon-redhat"
    },
    "icon-redis": {
        "body": "<${1:i} class=\"icon-redis\"></${1:i}>$0",
        "description": "<i>",
        "prefix": "icon-redis"
    },
    "icon-ruby": {
        "body": "<${1:i} class=\"icon-ruby\"></${1:i}>$0",
        "description": "<i>",
        "prefix": "icon-ruby"
    },
    "icon-ruby-on-rails": {
        "body": "<${1:i} class=\"icon-ruby-on-rails\"></${1:i}>$0",
        "description": "<i>",
        "prefix": "icon-ruby-on-rails"
    },
    "icon-ruby-on-rails-alt": {
        "body": "<${1:i} class=\"icon-ruby-on-rails-alt\"></${1:i}>$0",
        "description": "<i>",
        "prefix": "icon-ruby-on-rails-alt"
    },
    "icon-rust": {
        "body": "<${1:i} class=\"icon-rust\"></${1:i}>$0",
        "description": "<i>",
        "prefix": "icon-rust"
    },
    "icon-sass": {
        "body": "<${1:i} class=\"icon-sass\"></${1:i}>$0",
        "description": "<i>",
        "prefix": "icon-sass"
    },
    "icon-satellite": {
        "body": "<${1:i} class=\"icon-satellite\"></${1:i}>$0",
        "description": "<i>",
        "prefix": "icon-satellite"
    },
    "icon-scala": {
        "body": "<${1:i} class=\"icon-scala\"></${1:i}>$0",
        "description": "<i>",
        "prefix": "icon-scala"
    },
    "icon-scala-alt": {
        "body": "<${1:i} class=\"icon-scala-alt\"></${1:i}>$0",
        "description": "<i>",
        "prefix": "icon-scala-alt"
    },
    "icon-script": {
        "body": "<${1:i} class=\"icon-script\"></${1:i}>$0",
        "description": "<i>",
        "prefix": "icon-script"
    },
    "icon-script-alt": {
        "body": "<${1:i} class=\"icon-script-alt\"></${1:i}>$0",
        "description": "<i>",
        "prefix": "icon-script-alt"
    },
    "icon-shell": {
        "body": "<${1:i} class=\"icon-shell\"></${1:i}>$0",
        "description": "<i>",
        "prefix": "icon-shell"
    },
    "icon-sitefinity": {
        "body": "<${1:i} class=\"icon-sitefinity\"></${1:i}>$0",
        "description": "<i>",
        "prefix": "icon-sitefinity"
    },
    "icon-solaris": {
        "body": "<${1:i} class=\"icon-solaris\"></${1:i}>$0",
        "description": "<i>",
        "prefix": "icon-solaris"
    },
    "icon-splatter": {
        "body": "<${1:i} class=\"icon-splatter\"></${1:i}>$0",
        "description": "<i>",
        "prefix": "icon-splatter"
    },
    "icon-spring": {
        "body": "<${1:i} class=\"icon-spring\"></${1:i}>$0",
        "description": "<i>",
        "prefix": "icon-spring"
    },
    "icon-suse": {
        "body": "<${1:i} class=\"icon-suse\"></${1:i}>$0",
        "description": "<i>",
        "prefix": "icon-suse"
    },
    "icon-svg": {
        "body": "<${1:i} class=\"icon-svg\"></${1:i}>$0",
        "description": "<i>",
        "prefix": "icon-svg"
    },
    "icon-symfony": {
        "body": "<${1:i} class=\"icon-symfony\"></${1:i}>$0",
        "description": "<i>",
        "prefix": "icon-symfony"
    },
    "icon-tomcat": {
        "body": "<${1:i} class=\"icon-tomcat\"></${1:i}>$0",
        "description": "<i>",
        "prefix": "icon-tomcat"
    },
    "icon-ubuntu": {
        "body": "<${1:i} class=\"icon-ubuntu\"></${1:i}>$0",
        "description": "<i>",
        "prefix": "icon-ubuntu"
    },
    "icon-unity": {
        "body": "<${1:i} class=\"icon-unity\"></${1:i}>$0",
        "description": "<i>",
        "prefix": "icon-unity"
    },
    "icon-wireless": {
        "body": "<${1:i} class=\"icon-wireless\"></${1:i}>$0",
        "description": "<i>",
        "prefix": "icon-wireless"
    },
    "icon-wordpress": {
        "body": "<${1:i} class=\"icon-wordpress\"></${1:i}>$0",
        "description": "<i>",
        "prefix": "icon-wordpress"
    },
    "icon-x11": {
        "body": "<${1:i} class=\"icon-x11\"></${1:i}>$0",
        "description": "<i>",
        "prefix": "icon-x11"
    }
}