{
    "octicon-alert": {
        "body": "<${1:span} class=\"octicon octicon-alert\"></${1:span}>$0",
        "description": "<span>",
        "prefix": "octicon-alert"
    },
    "octicon-arrow-down": {
        "body": "<${1:span} class=\"octicon octicon-arrow-down\"></${1:span}>$0",
        "description": "<span>",
        "prefix": "octicon-arrow-down"
    },
    "octicon-arrow-left": {
        "body": "<${1:span} class=\"octicon octicon-arrow-left\"></${1:span}>$0",
        "description": "<span>",
        "prefix": "octicon-arrow-left"
    },
    "octicon-arrow-right": {
        "body": "<${1:span} class=\"octicon octicon-arrow-right\"></${1:span}>$0",
        "description": "<span>",
        "prefix": "octicon-arrow-right"
    },
    "octicon-arrow-small-down": {
        "body": "<${1:span} class=\"octicon octicon-arrow-small-down\"></${1:span}>$0",
        "description": "<span>",
        "prefix": "octicon-arrow-small-down"
    },
    "octicon-arrow-small-left": {
        "body": "<${1:span} class=\"octicon octicon-arrow-small-left\"></${1:span}>$0",
        "description": "<span>",
        "prefix": "octicon-arrow-small-left"
    },
    "octicon-arrow-small-right": {
        "body": "<${1:span} class=\"octicon octicon-arrow-small-right\"></${1:span}>$0",
        "description": "<span>",
        "prefix": "octicon-arrow-small-right"
    },
    "octicon-arrow-small-up": {
        "body": "<${1:span} class=\"octicon octicon-arrow-small-up\"></${1:span}>$0",
        "description": "<span>",
        "prefix": "octicon-arrow-small-up"
    },
    "octicon-arrow-up": {
        "body": "<${1:span} class=\"octicon octicon-arrow-up\"></${1:span}>$0",
        "description": "<span>",
        "prefix": "octicon-arrow-up"
    },
    "octicon-beaker": {
        "body": "<${1:span} class=\"octicon octicon-beaker\"></${1:span}>$0",
        "description": "<span>",
        "prefix": "octicon-beaker"
    },
    "octicon-bell": {
        "body": "<${1:span} class=\"octicon octicon-bell\"></${1:span}>$0",
        "description": "<span>",
        "prefix": "octicon-bell"
    },
    "octicon-bold": {
        "body": "<${1:span} class=\"octicon octicon-bold\"></${1:span}>$0",
        "description": "<span>",
        "prefix": "octicon-bold"
    },
    "octicon-book": {
        "body": "<${1:span} class=\"octicon octicon-book\"></${1:span}>$0",
        "description": "<span>",
        "prefix": "octicon-book"
    },
    "octicon-bookmark": {
        "body": "<${1:span} class=\"octicon octicon-bookmark\"></${1:span}>$0",
        "description": "<span>",
        "prefix": "octicon-bookmark"
    },
    "octicon-briefcase": {
        "body": "<${1:span} class=\"octicon octicon-briefcase\"></${1:span}>$0",
        "description": "<span>",
        "prefix": "octicon-briefcase"
    },
    "octicon-broadcast": {
        "body": "<${1:span} class=\"octicon octicon-broadcast\"></${1:span}>$0",
        "description": "<span>",
        "prefix": "octicon-broadcast"
    },
    "octicon-browser": {
        "body": "<${1:span} class=\"octicon octicon-browser\"></${1:span}>$0",
        "description": "<span>",
        "prefix": "octicon-browser"
    },
    "octicon-bug": {
        "body": "<${1:span} class=\"octicon octicon-bug\"></${1:span}>$0",
        "description": "<span>",
        "prefix": "octicon-bug"
    },
    "octicon-calendar": {
        "body": "<${1:span} class=\"octicon octicon-calendar\"></${1:span}>$0",
        "description": "<span>",
        "prefix": "octicon-calendar"
    },
    "octicon-check": {
        "body": "<${1:span} class=\"octicon octicon-check\"></${1:span}>$0",
        "description": "<span>",
        "prefix": "octicon-check"
    },
    "octicon-checklist": {
        "body": "<${1:span} class=\"octicon octicon-checklist\"></${1:span}>$0",
        "description": "<span>",
        "prefix": "octicon-checklist"
    },
    "octicon-chevron-down": {
        "body": "<${1:span} class=\"octicon octicon-chevron-down\"></${1:span}>$0",
        "description": "<span>",
        "prefix": "octicon-chevron-down"
    },
    "octicon-chevron-left": {
        "body": "<${1:span} class=\"octicon octicon-chevron-left\"></${1:span}>$0",
        "description": "<span>",
        "prefix": "octicon-chevron-left"
    },
    "octicon-chevron-right": {
        "body": "<${1:span} class=\"octicon octicon-chevron-right\"></${1:span}>$0",
        "description": "<span>",
        "prefix": "octicon-chevron-right"
    },
    "octicon-chevron-up": {
        "body": "<${1:span} class=\"octicon octicon-chevron-up\"></${1:span}>$0",
        "description": "<span>",
        "prefix": "octicon-chevron-up"
    },
    "octicon-circle-slash": {
        "body": "<${1:span} class=\"octicon octicon-circle-slash\"></${1:span}>$0",
        "description": "<span>",
        "prefix": "octicon-circle-slash"
    },
    "octicon-circuit-board": {
        "body": "<${1:span} class=\"octicon octicon-circuit-board\"></${1:span}>$0",
        "description": "<span>",
        "prefix": "octicon-circuit-board"
    },
    "octicon-clippy": {
        "body": "<${1:span} class=\"octicon octicon-clippy\"></${1:span}>$0",
        "description": "<span>",
        "prefix": "octicon-clippy"
    },
    "octicon-clock": {
        "body": "<${1:span} class=\"octicon octicon-clock\"></${1:span}>$0",
        "description": "<span>",
        "prefix": "octicon-clock"
    },
    "octicon-cloud-download": {
        "body": "<${1:span} class=\"octicon octicon-cloud-download\"></${1:span}>$0",
        "description": "<span>",
        "prefix": "octicon-cloud-download"
    },
    "octicon-cloud-upload": {
        "body": "<${1:span} class=\"octicon octicon-cloud-upload\"></${1:span}>$0",
        "description": "<span>",
        "prefix": "octicon-cloud-upload"
    },
    "octicon-code": {
        "body": "<${1:span} class=\"octicon octicon-code\"></${1:span}>$0",
        "description": "<span>",
        "prefix": "octicon-code"
    },
    "octicon-comment-discussion": {
        "body": "<${1:span} class=\"octicon octicon-comment-discussion\"></${1:span}>$0",
        "description": "<span>",
        "prefix": "octicon-comment-discussion"
    },
    "octicon-comment": {
        "body": "<${1:span} class=\"octicon octicon-comment\"></${1:span}>$0",
        "description": "<span>",
        "prefix": "octicon-comment"
    },
    "octicon-credit-card": {
        "body": "<${1:span} class=\"octicon octicon-credit-card\"></${1:span}>$0",
        "description": "<span>",
        "prefix": "octicon-credit-card"
    },
    "octicon-dash": {
        "body": "<${1:span} class=\"octicon octicon-dash\"></${1:span}>$0",
        "description": "<span>",
        "prefix": "octicon-dash"
    },
    "octicon-dashboard": {
        "body": "<${1:span} class=\"octicon octicon-dashboard\"></${1:span}>$0",
        "description": "<span>",
        "prefix": "octicon-dashboard"
    },
    "octicon-database": {
        "body": "<${1:span} class=\"octicon octicon-database\"></${1:span}>$0",
        "description": "<span>",
        "prefix": "octicon-database"
    },
    "octicon-desktop-download": {
        "body": "<${1:span} class=\"octicon octicon-desktop-download\"></${1:span}>$0",
        "description": "<span>",
        "prefix": "octicon-desktop-download"
    },
    "octicon-device-camera-video": {
        "body": "<${1:span} class=\"octicon octicon-device-camera-video\"></${1:span}>$0",
        "description": "<span>",
        "prefix": "octicon-device-camera-video"
    },
    "octicon-device-camera": {
        "body": "<${1:span} class=\"octicon octicon-device-camera\"></${1:span}>$0",
        "description": "<span>",
        "prefix": "octicon-device-camera"
    },
    "octicon-device-desktop": {
        "body": "<${1:span} class=\"octicon octicon-device-desktop\"></${1:span}>$0",
        "description": "<span>",
        "prefix": "octicon-device-desktop"
    },
    "octicon-device-mobile": {
        "body": "<${1:span} class=\"octicon octicon-device-mobile\"></${1:span}>$0",
        "description": "<span>",
        "prefix": "octicon-device-mobile"
    },
    "octicon-diff-added": {
        "body": "<${1:span} class=\"octicon octicon-diff-added\"></${1:span}>$0",
        "description": "<span>",
        "prefix": "octicon-diff-added"
    },
    "octicon-diff-ignored": {
        "body": "<${1:span} class=\"octicon octicon-diff-ignored\"></${1:span}>$0",
        "description": "<span>",
        "prefix": "octicon-diff-ignored"
    },
    "octicon-diff-modified": {
        "body": "<${1:span} class=\"octicon octicon-diff-modified\"></${1:span}>$0",
        "description": "<span>",
        "prefix": "octicon-diff-modified"
    },
    "octicon-diff-removed": {
        "body": "<${1:span} class=\"octicon octicon-diff-removed\"></${1:span}>$0",
        "description": "<span>",
        "prefix": "octicon-diff-removed"
    },
    "octicon-diff-renamed": {
        "body": "<${1:span} class=\"octicon octicon-diff-renamed\"></${1:span}>$0",
        "description": "<span>",
        "prefix": "octicon-diff-renamed"
    },
    "octicon-diff": {
        "body": "<${1:span} class=\"octicon octicon-diff\"></${1:span}>$0",
        "description": "<span>",
        "prefix": "octicon-diff"
    },
    "octicon-ellipses": {
        "body": "<${1:span} class=\"octicon octicon-ellipses\"></${1:span}>$0",
        "description": "<span>",
        "prefix": "octicon-ellipses"
    },
    "octicon-ellipsis": {
        "body": "<${1:span} class=\"octicon octicon-ellipsis\"></${1:span}>$0",
        "description": "<span>",
        "prefix": "octicon-ellipsis"
    },
    "octicon-eye": {
        "body": "<${1:span} class=\"octicon octicon-eye\"></${1:span}>$0",
        "description": "<span>",
        "prefix": "octicon-eye"
    },
    "octicon-file-binary": {
        "body": "<${1:span} class=\"octicon octicon-file-binary\"></${1:span}>$0",
        "description": "<span>",
        "prefix": "octicon-file-binary"
    },
    "octicon-file-code": {
        "body": "<${1:span} class=\"octicon octicon-file-code\"></${1:span}>$0",
        "description": "<span>",
        "prefix": "octicon-file-code"
    },
    "octicon-file-directory": {
        "body": "<${1:span} class=\"octicon octicon-file-directory\"></${1:span}>$0",
        "description": "<span>",
        "prefix": "octicon-file-directory"
    },
    "octicon-file-media": {
        "body": "<${1:span} class=\"octicon octicon-file-media\"></${1:span}>$0",
        "description": "<span>",
        "prefix": "octicon-file-media"
    },
    "octicon-file-pdf": {
        "body": "<${1:span} class=\"octicon octicon-file-pdf\"></${1:span}>$0",
        "description": "<span>",
        "prefix": "octicon-file-pdf"
    },
    "octicon-file-submodule": {
        "body": "<${1:span} class=\"octicon octicon-file-submodule\"></${1:span}>$0",
        "description": "<span>",
        "prefix": "octicon-file-submodule"
    },
    "octicon-file-symlink-directory": {
        "body": "<${1:span} class=\"octicon octicon-file-symlink-directory\"></${1:span}>$0",
        "description": "<span>",
        "prefix": "octicon-file-symlink-directory"
    },
    "octicon-file-symlink-file": {
        "body": "<${1:span} class=\"octicon octicon-file-symlink-file\"></${1:span}>$0",
        "description": "<span>",
        "prefix": "octicon-file-symlink-file"
    },
    "octicon-file-text": {
        "body": "<${1:span} class=\"octicon octicon-file-text\"></${1:span}>$0",
        "description": "<span>",
        "prefix": "octicon-file-text"
    },
    "octicon-file-zip": {
        "body": "<${1:span} class=\"octicon octicon-file-zip\"></${1:span}>$0",
        "description": "<span>",
        "prefix": "octicon-file-zip"
    },
    "octicon-file": {
        "body": "<${1:span} class=\"octicon octicon-file\"></${1:span}>$0",
        "description": "<span>",
        "prefix": "octicon-file"
    },
    "octicon-flame": {
        "body": "<${1:span} class=\"octicon octicon-flame\"></${1:span}>$0",
        "description": "<span>",
        "prefix": "octicon-flame"
    },
    "octicon-fold": {
        "body": "<${1:span} class=\"octicon octicon-fold\"></${1:span}>$0",
        "description": "<span>",
        "prefix": "octicon-fold"
    },
    "octicon-gear": {
        "body": "<${1:span} class=\"octicon octicon-gear\"></${1:span}>$0",
        "description": "<span>",
        "prefix": "octicon-gear"
    },
    "octicon-gift": {
        "body": "<${1:span} class=\"octicon octicon-gift\"></${1:span}>$0",
        "description": "<span>",
        "prefix": "octicon-gift"
    },
    "octicon-gist-secret": {
        "body": "<${1:span} class=\"octicon octicon-gist-secret\"></${1:span}>$0",
        "description": "<span>",
        "prefix": "octicon-gist-secret"
    },
    "octicon-gist": {
        "body": "<${1:span} class=\"octicon octicon-gist\"></${1:span}>$0",
        "description": "<span>",
        "prefix": "octicon-gist"
    },
    "octicon-git-branch": {
        "body": "<${1:span} class=\"octicon octicon-git-branch\"></${1:span}>$0",
        "description": "<span>",
        "prefix": "octicon-git-branch"
    },
    "octicon-git-commit": {
        "body": "<${1:span} class=\"octicon octicon-git-commit\"></${1:span}>$0",
        "description": "<span>",
        "prefix": "octicon-git-commit"
    },
    "octicon-git-compare": {
        "body": "<${1:span} class=\"octicon octicon-git-compare\"></${1:span}>$0",
        "description": "<span>",
        "prefix": "octicon-git-compare"
    },
    "octicon-git-merge": {
        "body": "<${1:span} class=\"octicon octicon-git-merge\"></${1:span}>$0",
        "description": "<span>",
        "prefix": "octicon-git-merge"
    },
    "octicon-git-pull-request": {
        "body": "<${1:span} class=\"octicon octicon-git-pull-request\"></${1:span}>$0",
        "description": "<span>",
        "prefix": "octicon-git-pull-request"
    },
    "octicon-globe": {
        "body": "<${1:span} class=\"octicon octicon-globe\"></${1:span}>$0",
        "description": "<span>",
        "prefix": "octicon-globe"
    },
    "octicon-grabber": {
        "body": "<${1:span} class=\"octicon octicon-grabber\"></${1:span}>$0",
        "description": "<span>",
        "prefix": "octicon-grabber"
    },
    "octicon-graph": {
        "body": "<${1:span} class=\"octicon octicon-graph\"></${1:span}>$0",
        "description": "<span>",
        "prefix": "octicon-graph"
    },
    "octicon-heart": {
        "body": "<${1:span} class=\"octicon octicon-heart\"></${1:span}>$0",
        "description": "<span>",
        "prefix": "octicon-heart"
    },
    "octicon-history": {
        "body": "<${1:span} class=\"octicon octicon-history\"></${1:span}>$0",
        "description": "<span>",
        "prefix": "octicon-history"
    },
    "octicon-home": {
        "body": "<${1:span} class=\"octicon octicon-home\"></${1:span}>$0",
        "description": "<span>",
        "prefix": "octicon-home"
    },
    "octicon-horizontal-rule": {
        "body": "<${1:span} class=\"octicon octicon-horizontal-rule\"></${1:span}>$0",
        "description": "<span>",
        "prefix": "octicon-horizontal-rule"
    },
    "octicon-hubot": {
        "body": "<${1:span} class=\"octicon octicon-hubot\"></${1:span}>$0",
        "description": "<span>",
        "prefix": "octicon-hubot"
    },
    "octicon-inbox": {
        "body": "<${1:span} class=\"octicon octicon-inbox\"></${1:span}>$0",
        "description": "<span>",
        "prefix": "octicon-inbox"
    },
    "octicon-info": {
        "body": "<${1:span} class=\"octicon octicon-info\"></${1:span}>$0",
        "description": "<span>",
        "prefix": "octicon-info"
    },
    "octicon-issue-closed": {
        "body": "<${1:span} class=\"octicon octicon-issue-closed\"></${1:span}>$0",
        "description": "<span>",
        "prefix": "octicon-issue-closed"
    },
    "octicon-issue-opened": {
        "body": "<${1:span} class=\"octicon octicon-issue-opened\"></${1:span}>$0",
        "description": "<span>",
        "prefix": "octicon-issue-opened"
    },
    "octicon-issue-reopened": {
        "body": "<${1:span} class=\"octicon octicon-issue-reopened\"></${1:span}>$0",
        "description": "<span>",
        "prefix": "octicon-issue-reopened"
    },
    "octicon-italic": {
        "body": "<${1:span} class=\"octicon octicon-italic\"></${1:span}>$0",
        "description": "<span>",
        "prefix": "octicon-italic"
    },
    "octicon-jersey": {
        "body": "<${1:span} class=\"octicon octicon-jersey\"></${1:span}>$0",
        "description": "<span>",
        "prefix": "octicon-jersey"
    },
    "octicon-key": {
        "body": "<${1:span} class=\"octicon octicon-key\"></${1:span}>$0",
        "description": "<span>",
        "prefix": "octicon-key"
    },
    "octicon-keyboard": {
        "body": "<${1:span} class=\"octicon octicon-keyboard\"></${1:span}>$0",
        "description": "<span>",
        "prefix": "octicon-keyboard"
    },
    "octicon-law": {
        "body": "<${1:span} class=\"octicon octicon-law\"></${1:span}>$0",
        "description": "<span>",
        "prefix": "octicon-law"
    },
    "octicon-light-bulb": {
        "body": "<${1:span} class=\"octicon octicon-light-bulb\"></${1:span}>$0",
        "description": "<span>",
        "prefix": "octicon-light-bulb"
    },
    "octicon-link-external": {
        "body": "<${1:span} class=\"octicon octicon-link-external\"></${1:span}>$0",
        "description": "<span>",
        "prefix": "octicon-link-external"
    },
    "octicon-link": {
        "body": "<${1:span} class=\"octicon octicon-link\"></${1:span}>$0",
        "description": "<span>",
        "prefix": "octicon-link"
    },
    "octicon-list-ordered": {
        "body": "<${1:span} class=\"octicon octicon-list-ordered\"></${1:span}>$0",
        "description": "<span>",
        "prefix": "octicon-list-ordered"
    },
    "octicon-list-unordered": {
        "body": "<${1:span} class=\"octicon octicon-list-unordered\"></${1:span}>$0",
        "description": "<span>",
        "prefix": "octicon-list-unordered"
    },
    "octicon-location": {
        "body": "<${1:span} class=\"octicon octicon-location\"></${1:span}>$0",
        "description": "<span>",
        "prefix": "octicon-location"
    },
    "octicon-lock": {
        "body": "<${1:span} class=\"octicon octicon-lock\"></${1:span}>$0",
        "description": "<span>",
        "prefix": "octicon-lock"
    },
    "octicon-logo-gist": {
        "body": "<${1:span} class=\"octicon octicon-logo-gist\"></${1:span}>$0",
        "description": "<span>",
        "prefix": "octicon-logo-gist"
    },
    "octicon-logo-github": {
        "body": "<${1:span} class=\"octicon octicon-logo-github\"></${1:span}>$0",
        "description": "<span>",
        "prefix": "octicon-logo-github"
    },
    "octicon-mail-read": {
        "body": "<${1:span} class=\"octicon octicon-mail-read\"></${1:span}>$0",
        "description": "<span>",
        "prefix": "octicon-mail-read"
    },
    "octicon-mail-reply": {
        "body": "<${1:span} class=\"octicon octicon-mail-reply\"></${1:span}>$0",
        "description": "<span>",
        "prefix": "octicon-mail-reply"
    },
    "octicon-mail": {
        "body": "<${1:span} class=\"octicon octicon-mail\"></${1:span}>$0",
        "description": "<span>",
        "prefix": "octicon-mail"
    },
    "octicon-mark-github": {
        "body": "<${1:span} class=\"octicon octicon-mark-github\"></${1:span}>$0",
        "description": "<span>",
        "prefix": "octicon-mark-github"
    },
    "octicon-markdown": {
        "body": "<${1:span} class=\"octicon octicon-markdown\"></${1:span}>$0",
        "description": "<span>",
        "prefix": "octicon-markdown"
    },
    "octicon-megaphone": {
        "body": "<${1:span} class=\"octicon octicon-megaphone\"></${1:span}>$0",
        "description": "<span>",
        "prefix": "octicon-megaphone"
    },
    "octicon-mention": {
        "body": "<${1:span} class=\"octicon octicon-mention\"></${1:span}>$0",
        "description": "<span>",
        "prefix": "octicon-mention"
    },
    "octicon-milestone": {
        "body": "<${1:span} class=\"octicon octicon-milestone\"></${1:span}>$0",
        "description": "<span>",
        "prefix": "octicon-milestone"
    },
    "octicon-mirror": {
        "body": "<${1:span} class=\"octicon octicon-mirror\"></${1:span}>$0",
        "description": "<span>",
        "prefix": "octicon-mirror"
    },
    "octicon-mortar-board": {
        "body": "<${1:span} class=\"octicon octicon-mortar-board\"></${1:span}>$0",
        "description": "<span>",
        "prefix": "octicon-mortar-board"
    },
    "octicon-mute": {
        "body": "<${1:span} class=\"octicon octicon-mute\"></${1:span}>$0",
        "description": "<span>",
        "prefix": "octicon-mute"
    },
    "octicon-no-newline": {
        "body": "<${1:span} class=\"octicon octicon-no-newline\"></${1:span}>$0",
        "description": "<span>",
        "prefix": "octicon-no-newline"
    },
    "octicon-octoface": {
        "body": "<${1:span} class=\"octicon octicon-octoface\"></${1:span}>$0",
        "description": "<span>",
        "prefix": "octicon-octoface"
    },
    "octicon-organization": {
        "body": "<${1:span} class=\"octicon octicon-organization\"></${1:span}>$0",
        "description": "<span>",
        "prefix": "octicon-organization"
    },
    "octicon-package": {
        "body": "<${1:span} class=\"octicon octicon-package\"></${1:span}>$0",
        "description": "<span>",
        "prefix": "octicon-package"
    },
    "octicon-paintcan": {
        "body": "<${1:span} class=\"octicon octicon-paintcan\"></${1:span}>$0",
        "description": "<span>",
        "prefix": "octicon-paintcan"
    },
    "octicon-pencil": {
        "body": "<${1:span} class=\"octicon octicon-pencil\"></${1:span}>$0",
        "description": "<span>",
        "prefix": "octicon-pencil"
    },
    "octicon-person": {
        "body": "<${1:span} class=\"octicon octicon-person\"></${1:span}>$0",
        "description": "<span>",
        "prefix": "octicon-person"
    },
    "octicon-pin": {
        "body": "<${1:span} class=\"octicon octicon-pin\"></${1:span}>$0",
        "description": "<span>",
        "prefix": "octicon-pin"
    },
    "octicon-plug": {
        "body": "<${1:span} class=\"octicon octicon-plug\"></${1:span}>$0",
        "description": "<span>",
        "prefix": "octicon-plug"
    },
    "octicon-plus-small": {
        "body": "<${1:span} class=\"octicon octicon-plus-small\"></${1:span}>$0",
        "description": "<span>",
        "prefix": "octicon-plus-small"
    },
    "octicon-plus": {
        "body": "<${1:span} class=\"octicon octicon-plus\"></${1:span}>$0",
        "description": "<span>",
        "prefix": "octicon-plus"
    },
    "octicon-primitive-dot": {
        "body": "<${1:span} class=\"octicon octicon-primitive-dot\"></${1:span}>$0",
        "description": "<span>",
        "prefix": "octicon-primitive-dot"
    },
    "octicon-primitive-square": {
        "body": "<${1:span} class=\"octicon octicon-primitive-square\"></${1:span}>$0",
        "description": "<span>",
        "prefix": "octicon-primitive-square"
    },
    "octicon-pulse": {
        "body": "<${1:span} class=\"octicon octicon-pulse\"></${1:span}>$0",
        "description": "<span>",
        "prefix": "octicon-pulse"
    },
    "octicon-question": {
        "body": "<${1:span} class=\"octicon octicon-question\"></${1:span}>$0",
        "description": "<span>",
        "prefix": "octicon-question"
    },
    "octicon-quote": {
        "body": "<${1:span} class=\"octicon octicon-quote\"></${1:span}>$0",
        "description": "<span>",
        "prefix": "octicon-quote"
    },
    "octicon-radio-tower": {
        "body": "<${1:span} class=\"octicon octicon-radio-tower\"></${1:span}>$0",
        "description": "<span>",
        "prefix": "octicon-radio-tower"
    },
    "octicon-reply": {
        "body": "<${1:span} class=\"octicon octicon-reply\"></${1:span}>$0",
        "description": "<span>",
        "prefix": "octicon-reply"
    },
    "octicon-repo-clone": {
        "body": "<${1:span} class=\"octicon octicon-repo-clone\"></${1:span}>$0",
        "description": "<span>",
        "prefix": "octicon-repo-clone"
    },
    "octicon-repo-force-push": {
        "body": "<${1:span} class=\"octicon octicon-repo-force-push\"></${1:span}>$0",
        "description": "<span>",
        "prefix": "octicon-repo-force-push"
    },
    "octicon-repo-forked": {
        "body": "<${1:span} class=\"octicon octicon-repo-forked\"></${1:span}>$0",
        "description": "<span>",
        "prefix": "octicon-repo-forked"
    },
    "octicon-repo-pull": {
        "body": "<${1:span} class=\"octicon octicon-repo-pull\"></${1:span}>$0",
        "description": "<span>",
        "prefix": "octicon-repo-pull"
    },
    "octicon-repo-push": {
        "body": "<${1:span} class=\"octicon octicon-repo-push\"></${1:span}>$0",
        "description": "<span>",
        "prefix": "octicon-repo-push"
    },
    "octicon-repo": {
        "body": "<${1:span} class=\"octicon octicon-repo\"></${1:span}>$0",
        "description": "<span>",
        "prefix": "octicon-repo"
    },
    "octicon-rocket": {
        "body": "<${1:span} class=\"octicon octicon-rocket\"></${1:span}>$0",
        "description": "<span>",
        "prefix": "octicon-rocket"
    },
    "octicon-rss": {
        "body": "<${1:span} class=\"octicon octicon-rss\"></${1:span}>$0",
        "description": "<span>",
        "prefix": "octicon-rss"
    },
    "octicon-ruby": {
        "body": "<${1:span} class=\"octicon octicon-ruby\"></${1:span}>$0",
        "description": "<span>",
        "prefix": "octicon-ruby"
    },
    "octicon-search": {
        "body": "<${1:span} class=\"octicon octicon-search\"></${1:span}>$0",
        "description": "<span>",
        "prefix": "octicon-search"
    },
    "octicon-server": {
        "body": "<${1:span} class=\"octicon octicon-server\"></${1:span}>$0",
        "description": "<span>",
        "prefix": "octicon-server"
    },
    "octicon-settings": {
        "body": "<${1:span} class=\"octicon octicon-settings\"></${1:span}>$0",
        "description": "<span>",
        "prefix": "octicon-settings"
    },
    "octicon-shield": {
        "body": "<${1:span} class=\"octicon octicon-shield\"></${1:span}>$0",
        "description": "<span>",
        "prefix": "octicon-shield"
    },
    "octicon-sign-in": {
        "body": "<${1:span} class=\"octicon octicon-sign-in\"></${1:span}>$0",
        "description": "<span>",
        "prefix": "octicon-sign-in"
    },
    "octicon-sign-out": {
        "body": "<${1:span} class=\"octicon octicon-sign-out\"></${1:span}>$0",
        "description": "<span>",
        "prefix": "octicon-sign-out"
    },
    "octicon-smiley": {
        "body": "<${1:span} class=\"octicon octicon-smiley\"></${1:span}>$0",
        "description": "<span>",
        "prefix": "octicon-smiley"
    },
    "octicon-squirrel": {
        "body": "<${1:span} class=\"octicon octicon-squirrel\"></${1:span}>$0",
        "description": "<span>",
        "prefix": "octicon-squirrel"
    },
    "octicon-star": {
        "body": "<${1:span} class=\"octicon octicon-star\"></${1:span}>$0",
        "description": "<span>",
        "prefix": "octicon-star"
    },
    "octicon-stop": {
        "body": "<${1:span} class=\"octicon octicon-stop\"></${1:span}>$0",
        "description": "<span>",
        "prefix": "octicon-stop"
    },
    "octicon-sync": {
        "body": "<${1:span} class=\"octicon octicon-sync\"></${1:span}>$0",
        "description": "<span>",
        "prefix": "octicon-sync"
    },
    "octicon-tag": {
        "body": "<${1:span} class=\"octicon octicon-tag\"></${1:span}>$0",
        "description": "<span>",
        "prefix": "octicon-tag"
    },
    "octicon-tasklist": {
        "body": "<${1:span} class=\"octicon octicon-tasklist\"></${1:span}>$0",
        "description": "<span>",
        "prefix": "octicon-tasklist"
    },
    "octicon-telescope": {
        "body": "<${1:span} class=\"octicon octicon-telescope\"></${1:span}>$0",
        "description": "<span>",
        "prefix": "octicon-telescope"
    },
    "octicon-terminal": {
        "body": "<${1:span} class=\"octicon octicon-terminal\"></${1:span}>$0",
        "description": "<span>",
        "prefix": "octicon-terminal"
    },
    "octicon-text-size": {
        "body": "<${1:span} class=\"octicon octicon-text-size\"></${1:span}>$0",
        "description": "<span>",
        "prefix": "octicon-text-size"
    },
    "octicon-three-bars": {
        "body": "<${1:span} class=\"octicon octicon-three-bars\"></${1:span}>$0",
        "description": "<span>",
        "prefix": "octicon-three-bars"
    },
    "octicon-thumbsdown": {
        "body": "<${1:span} class=\"octicon octicon-thumbsdown\"></${1:span}>$0",
        "description": "<span>",
        "prefix": "octicon-thumbsdown"
    },
    "octicon-thumbsup": {
        "body": "<${1:span} class=\"octicon octicon-thumbsup\"></${1:span}>$0",
        "description": "<span>",
        "prefix": "octicon-thumbsup"
    },
    "octicon-tools": {
        "body": "<${1:span} class=\"octicon octicon-tools\"></${1:span}>$0",
        "description": "<span>",
        "prefix": "octicon-tools"
    },
    "octicon-trashcan": {
        "body": "<${1:span} class=\"octicon octicon-trashcan\"></${1:span}>$0",
        "description": "<span>",
        "prefix": "octicon-trashcan"
    },
    "octicon-triangle-down": {
        "body": "<${1:span} class=\"octicon octicon-triangle-down\"></${1:span}>$0",
        "description": "<span>",
        "prefix": "octicon-triangle-down"
    },
    "octicon-triangle-left": {
        "body": "<${1:span} class=\"octicon octicon-triangle-left\"></${1:span}>$0",
        "description": "<span>",
        "prefix": "octicon-triangle-left"
    },
    "octicon-triangle-right": {
        "body": "<${1:span} class=\"octicon octicon-triangle-right\"></${1:span}>$0",
        "description": "<span>",
        "prefix": "octicon-triangle-right"
    },
    "octicon-triangle-up": {
        "body": "<${1:span} class=\"octicon octicon-triangle-up\"></${1:span}>$0",
        "description": "<span>",
        "prefix": "octicon-triangle-up"
    },
    "octicon-unfold": {
        "body": "<${1:span} class=\"octicon octicon-unfold\"></${1:span}>$0",
        "description": "<span>",
        "prefix": "octicon-unfold"
    },
    "octicon-unmute": {
        "body": "<${1:span} class=\"octicon octicon-unmute\"></${1:span}>$0",
        "description": "<span>",
        "prefix": "octicon-unmute"
    },
    "octicon-unverified": {
        "body": "<${1:span} class=\"octicon octicon-unverified\"></${1:span}>$0",
        "description": "<span>",
        "prefix": "octicon-unverified"
    },
    "octicon-verified": {
        "body": "<${1:span} class=\"octicon octicon-verified\"></${1:span}>$0",
        "description": "<span>",
        "prefix": "octicon-verified"
    },
    "octicon-versions": {
        "body": "<${1:span} class=\"octicon octicon-versions\"></${1:span}>$0",
        "description": "<span>",
        "prefix": "octicon-versions"
    },
    "octicon-watch": {
        "body": "<${1:span} class=\"octicon octicon-watch\"></${1:span}>$0",
        "description": "<span>",
        "prefix": "octicon-watch"
    },
    "octicon-x": {
        "body": "<${1:span} class=\"octicon octicon-x\"></${1:span}>$0",
        "description": "<span>",
        "prefix": "octicon-x"
    },
    "octicon-zap": {
        "body": "<${1:span} class=\"octicon octicon-zap\"></${1:span}>$0",
        "description": "<span>",
        "prefix": "octicon-zap"
    }
}